{
    "GraphicalInterface":{
        "ExternalFileReferences":[
            {
                "Path":"$bdroot\/DesRoverPathViz\/Desired Path Viz",
                "Reference":"sm_lib\/Curves and Surfaces\/Point Cloud",
                "SID":"5",
                "Type":"LIBRARY_BLOCK"
            },
            {
                "Path":"$bdroot\/DesRoverPathViz\/Rigid Transform6",
                "Reference":"sm_lib\/Frames and\nTransforms\/Rigid\nTransform",
                "SID":"6",
                "Type":"LIBRARY_BLOCK"
            },
            {
                "Path":"$bdroot\/DesRoverPathViz\/Spline",
                "Reference":"sm_lib\/Curves and Surfaces\/Spline",
                "SID":"7",
                "Type":"LIBRARY_BLOCK"
            },
            {
                "Path":"$bdroot\/Manipulator Plant Model And Control\/ Trajectory Planner\/Planner Subsystem\/Trapezoidal Velocity Profile Trajectory",
                "Reference":"robotcorelib\/Trapezoidal Velocity Profile Trajectory",
                "SID":"1382",
                "Type":"LIBRARY_BLOCK"
            },
            {
                "Path":"$bdroot\/Manipulator Plant Model And Control\/ArmLock\/Rigid Transform",
                "Reference":"sm_lib\/Frames and\nTransforms\/Rigid\nTransform",
                "SID":"1434",
                "Type":"LIBRARY_BLOCK"
            },
            {
                "Path":"$bdroot\/Manipulator Plant Model And Control\/ArmLock\/Rigid Transform1",
                "Reference":"sm_lib\/Frames and\nTransforms\/Rigid\nTransform",
                "SID":"1435",
                "Type":"LIBRARY_BLOCK"
            },
            {
                "Path":"$bdroot\/Manipulator Plant Model And Control\/ArmLock\/SPrismatic Joint",
                "Reference":"sm_lib\/Joints\/Prismatic\nJoint",
                "SID":"1436",
                "Type":"LIBRARY_BLOCK"
            },
            {
                "Path":"$bdroot\/Manipulator Plant Model And Control\/ArmLock\/Simulink-PS Converter",
                "Reference":"nesl_utility\/Simulink-PS\nConverter",
                "SID":"1437",
                "Type":"LIBRARY_BLOCK"
            },
            {
                "Path":"$bdroot\/Manipulator Plant Model And Control\/End Effector Sense\/PS-Simulink Converter6",
                "Reference":"nesl_utility\/PS-Simulink\nConverter",
                "SID":"1444",
                "Type":"LIBRARY_BLOCK"
            },
            {
                "Path":"$bdroot\/Manipulator Plant Model And Control\/End Effector Sense\/PS-Simulink Converter7",
                "Reference":"nesl_utility\/PS-Simulink\nConverter",
                "SID":"1445",
                "Type":"LIBRARY_BLOCK"
            },
            {
                "Path":"$bdroot\/Manipulator Plant Model And Control\/End Effector Sense\/PS-Simulink Converter8",
                "Reference":"nesl_utility\/PS-Simulink\nConverter",
                "SID":"1446",
                "Type":"LIBRARY_BLOCK"
            },
            {
                "Path":"$bdroot\/Manipulator Plant Model And Control\/End Effector Sense\/Transform Sensor",
                "Reference":"sm_lib\/Frames and\nTransforms\/Transform\nSensor",
                "SID":"1448",
                "Type":"LIBRARY_BLOCK"
            },
            {
                "Path":"$bdroot\/Manipulator Plant Model And Control\/PID Control",
                "Reference":"slpidlib\/PID Controller",
                "SID":"1454",
                "Type":"LIBRARY_BLOCK"
            },
            {
                "Path":"$bdroot\/Manipulator Plant Model And Control\/Rover Arm\/EndEff\/Cylindrical Solid",
                "Reference":"sm_lib\/Body Elements\/Cylindrical Solid",
                "SID":"1459",
                "Type":"LIBRARY_BLOCK"
            },
            {
                "Path":"$bdroot\/Manipulator Plant Model And Control\/Rover Arm\/EndEff\/EndEffector",
                "Reference":"sm_lib\/Frames and\nTransforms\/Rigid\nTransform",
                "SID":"1460",
                "Type":"LIBRARY_BLOCK"
            },
            {
                "Path":"$bdroot\/Manipulator Plant Model And Control\/Rover Arm\/EndEff\/ReferenceFrame",
                "Reference":"sm_lib\/Frames and\nTransforms\/Reference\nFrame",
                "SID":"1461",
                "Type":"LIBRARY_BLOCK"
            },
            {
                "Path":"$bdroot\/Manipulator Plant Model And Control\/Rover Arm\/EndEff\/Solid",
                "Reference":"sm_lib\/Body Elements\/File Solid",
                "SID":"1462",
                "Type":"LIBRARY_BLOCK"
            },
            {
                "Path":"$bdroot\/Manipulator Plant Model And Control\/Rover Arm\/EndEff\/Transform",
                "Reference":"sm_lib\/Frames and\nTransforms\/Rigid\nTransform",
                "SID":"1463",
                "Type":"LIBRARY_BLOCK"
            },
            {
                "Path":"$bdroot\/Manipulator Plant Model And Control\/Rover Arm\/Link1\/Motor1_Geom",
                "Reference":"sm_lib\/Body Elements\/Cylindrical Solid",
                "SID":"1491",
                "Type":"LIBRARY_BLOCK"
            },
            {
                "Path":"$bdroot\/Manipulator Plant Model And Control\/Rover Arm\/Link1\/Motor2_Geom",
                "Reference":"sm_lib\/Body Elements\/Cylindrical Solid",
                "SID":"1492",
                "Type":"LIBRARY_BLOCK"
            },
            {
                "Path":"$bdroot\/Manipulator Plant Model And Control\/Rover Arm\/Link1\/ReferenceFrame",
                "Reference":"sm_lib\/Frames and\nTransforms\/Reference\nFrame",
                "SID":"1493",
                "Type":"LIBRARY_BLOCK"
            },
            {
                "Path":"$bdroot\/Manipulator Plant Model And Control\/Rover Arm\/Link1\/Rigid Transform",
                "Reference":"sm_lib\/Frames and\nTransforms\/Rigid\nTransform",
                "SID":"1494",
                "Type":"LIBRARY_BLOCK"
            },
            {
                "Path":"$bdroot\/Manipulator Plant Model And Control\/Rover Arm\/Link1\/Solid",
                "Reference":"sm_lib\/Body Elements\/File Solid",
                "SID":"1495",
                "Type":"LIBRARY_BLOCK"
            },
            {
                "Path":"$bdroot\/Manipulator Plant Model And Control\/Rover Arm\/Link1\/Transform",
                "Reference":"sm_lib\/Frames and\nTransforms\/Rigid\nTransform",
                "SID":"1496",
                "Type":"LIBRARY_BLOCK"
            },
            {
                "Path":"$bdroot\/Manipulator Plant Model And Control\/Rover Arm\/Link2\/Motor3_Geom",
                "Reference":"sm_lib\/Body Elements\/Cylindrical Solid",
                "SID":"1500",
                "Type":"LIBRARY_BLOCK"
            },
            {
                "Path":"$bdroot\/Manipulator Plant Model And Control\/Rover Arm\/Link2\/ReferenceFrame",
                "Reference":"sm_lib\/Frames and\nTransforms\/Reference\nFrame",
                "SID":"1501",
                "Type":"LIBRARY_BLOCK"
            },
            {
                "Path":"$bdroot\/Manipulator Plant Model And Control\/Rover Arm\/Link2\/Solid",
                "Reference":"sm_lib\/Body Elements\/File Solid",
                "SID":"1502",
                "Type":"LIBRARY_BLOCK"
            },
            {
                "Path":"$bdroot\/Manipulator Plant Model And Control\/Rover Arm\/Link2\/Transform",
                "Reference":"sm_lib\/Frames and\nTransforms\/Rigid\nTransform",
                "SID":"1503",
                "Type":"LIBRARY_BLOCK"
            },
            {
                "Path":"$bdroot\/Manipulator Plant Model And Control\/Rover Arm\/Link2\/Transform1",
                "Reference":"sm_lib\/Frames and\nTransforms\/Rigid\nTransform",
                "SID":"1504",
                "Type":"LIBRARY_BLOCK"
            },
            {
                "Path":"$bdroot\/Manipulator Plant Model And Control\/Rover Arm\/Link3\/Motor2_Geom",
                "Reference":"sm_lib\/Body Elements\/Cylindrical Solid",
                "SID":"1508",
                "Type":"LIBRARY_BLOCK"
            },
            {
                "Path":"$bdroot\/Manipulator Plant Model And Control\/Rover Arm\/Link3\/ReferenceFrame",
                "Reference":"sm_lib\/Frames and\nTransforms\/Reference\nFrame",
                "SID":"1509",
                "Type":"LIBRARY_BLOCK"
            },
            {
                "Path":"$bdroot\/Manipulator Plant Model And Control\/Rover Arm\/Link3\/Solid",
                "Reference":"sm_lib\/Body Elements\/File Solid",
                "SID":"1510",
                "Type":"LIBRARY_BLOCK"
            },
            {
                "Path":"$bdroot\/Manipulator Plant Model And Control\/Rover Arm\/Link3\/Transform",
                "Reference":"sm_lib\/Frames and\nTransforms\/Rigid\nTransform",
                "SID":"1511",
                "Type":"LIBRARY_BLOCK"
            },
            {
                "Path":"$bdroot\/Manipulator Plant Model And Control\/Rover Arm\/Link3\/Transform1",
                "Reference":"sm_lib\/Frames and\nTransforms\/Rigid\nTransform",
                "SID":"1512",
                "Type":"LIBRARY_BLOCK"
            },
            {
                "Path":"$bdroot\/Manipulator Plant Model And Control\/Rover Arm\/Link4\/Brick Solid",
                "Reference":"sm_lib\/Body Elements\/Brick Solid",
                "SID":"1516",
                "Type":"LIBRARY_BLOCK"
            },
            {
                "Path":"$bdroot\/Manipulator Plant Model And Control\/Rover Arm\/Link4\/Cylindrical Solid",
                "Reference":"sm_lib\/Body Elements\/Cylindrical Solid",
                "SID":"1517",
                "Type":"LIBRARY_BLOCK"
            },
            {
                "Path":"$bdroot\/Manipulator Plant Model And Control\/Rover Arm\/Link4\/Cylindrical Solid1",
                "Reference":"sm_lib\/Body Elements\/Cylindrical Solid",
                "SID":"1518",
                "Type":"LIBRARY_BLOCK"
            },
            {
                "Path":"$bdroot\/Manipulator Plant Model And Control\/Rover Arm\/Link4\/Cylindrical Solid4",
                "Reference":"sm_lib\/Body Elements\/Cylindrical Solid",
                "SID":"1519",
                "Type":"LIBRARY_BLOCK"
            },
            {
                "Path":"$bdroot\/Manipulator Plant Model And Control\/Rover Arm\/Link4\/Rigid Transform",
                "Reference":"sm_lib\/Frames and\nTransforms\/Rigid\nTransform",
                "SID":"1520",
                "Type":"LIBRARY_BLOCK"
            },
            {
                "Path":"$bdroot\/Manipulator Plant Model And Control\/Rover Arm\/Link4\/Rigid Transform1",
                "Reference":"sm_lib\/Frames and\nTransforms\/Rigid\nTransform",
                "SID":"1521",
                "Type":"LIBRARY_BLOCK"
            },
            {
                "Path":"$bdroot\/Manipulator Plant Model And Control\/Rover Arm\/Link5\/Cylindrical Solid",
                "Reference":"sm_lib\/Body Elements\/Cylindrical Solid",
                "SID":"1525",
                "Type":"LIBRARY_BLOCK"
            },
            {
                "Path":"$bdroot\/Manipulator Plant Model And Control\/Rover Arm\/Link5\/Cylindrical Solid1",
                "Reference":"sm_lib\/Body Elements\/Cylindrical Solid",
                "SID":"1526",
                "Type":"LIBRARY_BLOCK"
            },
            {
                "Path":"$bdroot\/Manipulator Plant Model And Control\/Rover Arm\/Link5\/Cylindrical Solid2",
                "Reference":"sm_lib\/Body Elements\/Cylindrical Solid",
                "SID":"1527",
                "Type":"LIBRARY_BLOCK"
            },
            {
                "Path":"$bdroot\/Manipulator Plant Model And Control\/Rover Arm\/Link5\/Cylindrical Solid3",
                "Reference":"sm_lib\/Body Elements\/Cylindrical Solid",
                "SID":"1528",
                "Type":"LIBRARY_BLOCK"
            },
            {
                "Path":"$bdroot\/Manipulator Plant Model And Control\/Rover Arm\/Link5\/Cylindrical Solid5",
                "Reference":"sm_lib\/Body Elements\/Cylindrical Solid",
                "SID":"1529",
                "Type":"LIBRARY_BLOCK"
            },
            {
                "Path":"$bdroot\/Manipulator Plant Model And Control\/Rover Arm\/Link5\/Rigid Transform",
                "Reference":"sm_lib\/Frames and\nTransforms\/Rigid\nTransform",
                "SID":"1530",
                "Type":"LIBRARY_BLOCK"
            },
            {
                "Path":"$bdroot\/Manipulator Plant Model And Control\/Rover Arm\/Link5\/Rigid Transform2",
                "Reference":"sm_lib\/Frames and\nTransforms\/Rigid\nTransform",
                "SID":"1531",
                "Type":"LIBRARY_BLOCK"
            },
            {
                "Path":"$bdroot\/Manipulator Plant Model And Control\/Rover Arm\/PS-Simulink Converter10",
                "Reference":"nesl_utility\/PS-Simulink\nConverter",
                "SID":"1535",
                "Type":"LIBRARY_BLOCK"
            },
            {
                "Path":"$bdroot\/Manipulator Plant Model And Control\/Rover Arm\/PS-Simulink Converter11",
                "Reference":"nesl_utility\/PS-Simulink\nConverter",
                "SID":"1536",
                "Type":"LIBRARY_BLOCK"
            },
            {
                "Path":"$bdroot\/Manipulator Plant Model And Control\/Rover Arm\/PS-Simulink Converter6",
                "Reference":"nesl_utility\/PS-Simulink\nConverter",
                "SID":"1537",
                "Type":"LIBRARY_BLOCK"
            },
            {
                "Path":"$bdroot\/Manipulator Plant Model And Control\/Rover Arm\/PS-Simulink Converter7",
                "Reference":"nesl_utility\/PS-Simulink\nConverter",
                "SID":"1538",
                "Type":"LIBRARY_BLOCK"
            },
            {
                "Path":"$bdroot\/Manipulator Plant Model And Control\/Rover Arm\/PS-Simulink Converter8",
                "Reference":"nesl_utility\/PS-Simulink\nConverter",
                "SID":"1539",
                "Type":"LIBRARY_BLOCK"
            },
            {
                "Path":"$bdroot\/Manipulator Plant Model And Control\/Rover Arm\/PS-Simulink Converter9",
                "Reference":"nesl_utility\/PS-Simulink\nConverter",
                "SID":"1540",
                "Type":"LIBRARY_BLOCK"
            },
            {
                "Path":"$bdroot\/Manipulator Plant Model And Control\/Rover Arm\/R1",
                "Reference":"sm_lib\/Joints\/Revolute Joint",
                "SID":"1541",
                "Type":"LIBRARY_BLOCK"
            },
            {
                "Path":"$bdroot\/Manipulator Plant Model And Control\/Rover Arm\/R2",
                "Reference":"sm_lib\/Joints\/Revolute Joint",
                "SID":"1542",
                "Type":"LIBRARY_BLOCK"
            },
            {
                "Path":"$bdroot\/Manipulator Plant Model And Control\/Rover Arm\/R3",
                "Reference":"sm_lib\/Joints\/Revolute Joint",
                "SID":"1543",
                "Type":"LIBRARY_BLOCK"
            },
            {
                "Path":"$bdroot\/Manipulator Plant Model And Control\/Rover Arm\/R4",
                "Reference":"sm_lib\/Joints\/Revolute Joint",
                "SID":"1544",
                "Type":"LIBRARY_BLOCK"
            },
            {
                "Path":"$bdroot\/Manipulator Plant Model And Control\/Rover Arm\/Revolute Joint",
                "Reference":"sm_lib\/Joints\/Revolute Joint",
                "SID":"1545",
                "Type":"LIBRARY_BLOCK"
            },
            {
                "Path":"$bdroot\/Manipulator Plant Model And Control\/Rover Arm\/Revolute Joint1",
                "Reference":"sm_lib\/Joints\/Revolute Joint",
                "SID":"1546",
                "Type":"LIBRARY_BLOCK"
            },
            {
                "Path":"$bdroot\/Manipulator Plant Model And Control\/Rover Arm\/Rigid Transform1",
                "Reference":"sm_lib\/Frames and\nTransforms\/Rigid\nTransform",
                "SID":"1547",
                "Type":"LIBRARY_BLOCK"
            },
            {
                "Path":"$bdroot\/Manipulator Plant Model And Control\/Rover Arm\/Simulink-PS Converter",
                "Reference":"nesl_utility\/Simulink-PS\nConverter",
                "SID":"1548",
                "Type":"LIBRARY_BLOCK"
            },
            {
                "Path":"$bdroot\/Manipulator Plant Model And Control\/Rover Arm\/Simulink-PS Converter1",
                "Reference":"nesl_utility\/Simulink-PS\nConverter",
                "SID":"1549",
                "Type":"LIBRARY_BLOCK"
            },
            {
                "Path":"$bdroot\/Manipulator Plant Model And Control\/Rover Arm\/Simulink-PS Converter2",
                "Reference":"nesl_utility\/Simulink-PS\nConverter",
                "SID":"1550",
                "Type":"LIBRARY_BLOCK"
            },
            {
                "Path":"$bdroot\/Manipulator Plant Model And Control\/Rover Arm\/Simulink-PS Converter3",
                "Reference":"nesl_utility\/Simulink-PS\nConverter",
                "SID":"1551",
                "Type":"LIBRARY_BLOCK"
            },
            {
                "Path":"$bdroot\/Manipulator Plant Model And Control\/Rover Arm\/Simulink-PS Converter4",
                "Reference":"nesl_utility\/Simulink-PS\nConverter",
                "SID":"1552",
                "Type":"LIBRARY_BLOCK"
            },
            {
                "Path":"$bdroot\/Manipulator Plant Model And Control\/Rover Arm\/Simulink-PS Converter5",
                "Reference":"nesl_utility\/Simulink-PS\nConverter",
                "SID":"1553",
                "Type":"LIBRARY_BLOCK"
            },
            {
                "Path":"$bdroot\/Manipulator Plant Model And Control\/Sample Interaction Logic\/PS-Simulink Converter",
                "Reference":"nesl_utility\/PS-Simulink\nConverter",
                "SID":"1571",
                "Type":"LIBRARY_BLOCK"
            },
            {
                "Path":"$bdroot\/Manipulator Plant Model And Control\/Sample Interaction Logic\/RevJ",
                "Reference":"sm_lib\/Joints\/Revolute Joint",
                "SID":"1572",
                "Type":"LIBRARY_BLOCK"
            },
            {
                "Path":"$bdroot\/Manipulator Plant Model And Control\/Sample Interaction Logic\/Rigid Transform3",
                "Reference":"sm_lib\/Frames and\nTransforms\/Rigid\nTransform",
                "SID":"1573",
                "Type":"LIBRARY_BLOCK"
            },
            {
                "Path":"$bdroot\/Manipulator Plant Model And Control\/Sample Interaction Logic\/Rigid Transform4",
                "Reference":"sm_lib\/Frames and\nTransforms\/Rigid\nTransform",
                "SID":"1574",
                "Type":"LIBRARY_BLOCK"
            },
            {
                "Path":"$bdroot\/Manipulator Plant Model And Control\/Sample Interaction Logic\/Sample",
                "Reference":"sm_lib\/Body Elements\/Spherical Solid",
                "SID":"1575",
                "Type":"LIBRARY_BLOCK"
            },
            {
                "Path":"$bdroot\/Manipulator Plant Model And Control\/Sample Interaction Logic\/Simulink-PS Converter1",
                "Reference":"nesl_utility\/Simulink-PS\nConverter",
                "SID":"1578",
                "Type":"LIBRARY_BLOCK"
            },
            {
                "Path":"$bdroot\/Manipulator Plant Model And Control\/Sample Interaction Logic\/Simulink-PS Converter2",
                "Reference":"nesl_utility\/Simulink-PS\nConverter",
                "SID":"1579",
                "Type":"LIBRARY_BLOCK"
            },
            {
                "Path":"$bdroot\/Manipulator Plant Model And Control\/Sample Interaction Logic\/Simulink-PS Converter4",
                "Reference":"nesl_utility\/Simulink-PS\nConverter",
                "SID":"1580",
                "Type":"LIBRARY_BLOCK"
            },
            {
                "Path":"$bdroot\/Manipulator Plant Model And Control\/Sample Interaction Logic\/SixDofJ1",
                "Reference":"sm_lib\/Joints\/6-DOF Joint",
                "SID":"1581",
                "Type":"LIBRARY_BLOCK"
            },
            {
                "Path":"$bdroot\/Manipulator Plant Model And Control\/Sample Interaction Logic\/SixDofJ2",
                "Reference":"sm_lib\/Joints\/6-DOF Joint",
                "SID":"1582",
                "Type":"LIBRARY_BLOCK"
            },
            {
                "Path":"$bdroot\/Manipulator Plant Model And Control\/Sample Interaction Logic\/Spherical Solid",
                "Reference":"sm_lib\/Body Elements\/Spherical Solid",
                "SID":"1583",
                "Type":"LIBRARY_BLOCK"
            },
            {
                "Path":"$bdroot\/Manipulator Plant Model And Control\/Sample Interaction Logic\/Viz",
                "Reference":"sm_lib\/Body Elements\/Graphic",
                "SID":"1588",
                "Type":"LIBRARY_BLOCK"
            },
            {
                "Path":"$bdroot\/Manipulator Plant Model And Control\/Sample Interaction Logic\/hold1\/Detect Rise Positive",
                "Reference":"simulink\/Logic and Bit\nOperations\/Detect Rise\nPositive",
                "SID":"1595",
                "Type":"LIBRARY_BLOCK"
            },
            {
                "Path":"$bdroot\/Manipulator Plant Model And Control\/Sample Interaction Logic\/hold2\/Detect Rise Positive",
                "Reference":"simulink\/Logic and Bit\nOperations\/Detect Rise\nPositive",
                "SID":"1607",
                "Type":"LIBRARY_BLOCK"
            },
            {
                "Path":"$bdroot\/Manipulator Plant Model And Control\/Sample Loc Sense\/PS-Simulink Converter",
                "Reference":"nesl_utility\/PS-Simulink\nConverter",
                "SID":"1620",
                "Type":"LIBRARY_BLOCK"
            },
            {
                "Path":"$bdroot\/Manipulator Plant Model And Control\/Sample Loc Sense\/PS-Simulink Converter1",
                "Reference":"nesl_utility\/PS-Simulink\nConverter",
                "SID":"1621",
                "Type":"LIBRARY_BLOCK"
            },
            {
                "Path":"$bdroot\/Manipulator Plant Model And Control\/Sample Loc Sense\/PS-Simulink Converter2",
                "Reference":"nesl_utility\/PS-Simulink\nConverter",
                "SID":"1622",
                "Type":"LIBRARY_BLOCK"
            },
            {
                "Path":"$bdroot\/Manipulator Plant Model And Control\/Sample Loc Sense\/Transform Sensor",
                "Reference":"sm_lib\/Frames and\nTransforms\/Transform\nSensor",
                "SID":"1623",
                "Type":"LIBRARY_BLOCK"
            },
            {
                "Path":"$bdroot\/Mechanism Configuration",
                "Reference":"sm_lib\/Utilities\/Mechanism\nConfiguration",
                "SID":"1",
                "Type":"LIBRARY_BLOCK"
            },
            {
                "Path":"$bdroot\/Rover Six Dof",
                "Reference":"sm_lib\/Joints\/6-DOF Joint",
                "SID":"9",
                "Type":"LIBRARY_BLOCK"
            },
            {
                "Path":"$bdroot\/RoverMotionControl&Planning\/Rigid Terrain Surface\/GridSurfaceWheelContact\/Spatial Contact Force1",
                "Reference":"sm_lib\/Forces and\nTorques\/Spatial\nContact Force",
                "SID":"149",
                "Type":"LIBRARY_BLOCK"
            },
            {
                "Path":"$bdroot\/RoverMotionControl&Planning\/Rigid Terrain Surface\/GridSurfaceWheelContact\/Spatial Contact Force2",
                "Reference":"sm_lib\/Forces and\nTorques\/Spatial\nContact Force",
                "SID":"150",
                "Type":"LIBRARY_BLOCK"
            },
            {
                "Path":"$bdroot\/RoverMotionControl&Planning\/Rigid Terrain Surface\/GridSurfaceWheelContact\/Spatial Contact Force3",
                "Reference":"sm_lib\/Forces and\nTorques\/Spatial\nContact Force",
                "SID":"151",
                "Type":"LIBRARY_BLOCK"
            },
            {
                "Path":"$bdroot\/RoverMotionControl&Planning\/Rigid Terrain Surface\/GridSurfaceWheelContact\/Spatial Contact Force4",
                "Reference":"sm_lib\/Forces and\nTorques\/Spatial\nContact Force",
                "SID":"152",
                "Type":"LIBRARY_BLOCK"
            },
            {
                "Path":"$bdroot\/RoverMotionControl&Planning\/Rigid Terrain Surface\/GridSurfaceWheelContact\/Spatial Contact Force5",
                "Reference":"sm_lib\/Forces and\nTorques\/Spatial\nContact Force",
                "SID":"153",
                "Type":"LIBRARY_BLOCK"
            },
            {
                "Path":"$bdroot\/RoverMotionControl&Planning\/Rigid Terrain Surface\/GridSurfaceWheelContact\/Spatial Contact Force6",
                "Reference":"sm_lib\/Forces and\nTorques\/Spatial\nContact Force",
                "SID":"154",
                "Type":"LIBRARY_BLOCK"
            },
            {
                "Path":"$bdroot\/RoverMotionControl&Planning\/Rigid Terrain Surface\/Rigid Terrain Grid Surface",
                "Reference":"sm_lib\/Curves and Surfaces\/Grid Surface",
                "SID":"162",
                "Type":"LIBRARY_BLOCK"
            },
            {
                "Path":"$bdroot\/RoverMotionControl&Planning\/Rover \/Camera VIz\/rsm_base_1_RIGID\/ReferenceFrame",
                "Reference":"sm_lib\/Frames and\nTransforms\/Reference\nFrame",
                "SID":"171",
                "Type":"LIBRARY_BLOCK"
            },
            {
                "Path":"$bdroot\/RoverMotionControl&Planning\/Rover \/Camera VIz\/rsm_base_1_RIGID\/Solid",
                "Reference":"sm_lib\/Body Elements\/File Solid",
                "SID":"172",
                "Type":"LIBRARY_BLOCK"
            },
            {
                "Path":"$bdroot\/RoverMotionControl&Planning\/Rover \/Camera VIz\/rsm_base_1_RIGID\/Transform",
                "Reference":"sm_lib\/Frames and\nTransforms\/Rigid\nTransform",
                "SID":"173",
                "Type":"LIBRARY_BLOCK"
            },
            {
                "Path":"$bdroot\/RoverMotionControl&Planning\/Rover \/Camera VIz\/rsm_head_1_RIGID\/ReferenceFrame",
                "Reference":"sm_lib\/Frames and\nTransforms\/Reference\nFrame",
                "SID":"177",
                "Type":"LIBRARY_BLOCK"
            },
            {
                "Path":"$bdroot\/RoverMotionControl&Planning\/Rover \/Camera VIz\/rsm_head_1_RIGID\/Solid",
                "Reference":"sm_lib\/Body Elements\/File Solid",
                "SID":"178",
                "Type":"LIBRARY_BLOCK"
            },
            {
                "Path":"$bdroot\/RoverMotionControl&Planning\/Rover \/Camera VIz\/rsm_head_1_RIGID\/Transform",
                "Reference":"sm_lib\/Frames and\nTransforms\/Rigid\nTransform",
                "SID":"179",
                "Type":"LIBRARY_BLOCK"
            },
            {
                "Path":"$bdroot\/RoverMotionControl&Planning\/Rover \/Camera VIz\/rsm_head_1_RIGID\/Transform1",
                "Reference":"sm_lib\/Frames and\nTransforms\/Rigid\nTransform",
                "SID":"180",
                "Type":"LIBRARY_BLOCK"
            },
            {
                "Path":"$bdroot\/RoverMotionControl&Planning\/Rover \/Camera VIz\/rsm_lower_mast_2_RIGID\/Cylindrical Solid",
                "Reference":"sm_lib\/Body Elements\/Cylindrical Solid",
                "SID":"183",
                "Type":"LIBRARY_BLOCK"
            },
            {
                "Path":"$bdroot\/RoverMotionControl&Planning\/Rover \/Camera VIz\/rsm_lower_mast_2_RIGID\/Cylindrical Solid1",
                "Reference":"sm_lib\/Body Elements\/Cylindrical Solid",
                "SID":"184",
                "Type":"LIBRARY_BLOCK"
            },
            {
                "Path":"$bdroot\/RoverMotionControl&Planning\/Rover \/Camera VIz\/rsm_lower_mast_2_RIGID\/Cylindrical Solid2",
                "Reference":"sm_lib\/Body Elements\/Cylindrical Solid",
                "SID":"185",
                "Type":"LIBRARY_BLOCK"
            },
            {
                "Path":"$bdroot\/RoverMotionControl&Planning\/Rover \/Camera VIz\/rsm_lower_mast_2_RIGID\/Cylindrical Solid3",
                "Reference":"sm_lib\/Body Elements\/Cylindrical Solid",
                "SID":"186",
                "Type":"LIBRARY_BLOCK"
            },
            {
                "Path":"$bdroot\/RoverMotionControl&Planning\/Rover \/Camera VIz\/rsm_lower_mast_2_RIGID\/Cylindrical Solid4",
                "Reference":"sm_lib\/Body Elements\/Cylindrical Solid",
                "SID":"187",
                "Type":"LIBRARY_BLOCK"
            },
            {
                "Path":"$bdroot\/RoverMotionControl&Planning\/Rover \/Camera VIz\/rsm_lower_mast_2_RIGID\/Rigid Transform",
                "Reference":"sm_lib\/Frames and\nTransforms\/Rigid\nTransform",
                "SID":"188",
                "Type":"LIBRARY_BLOCK"
            },
            {
                "Path":"$bdroot\/RoverMotionControl&Planning\/Rover \/Camera VIz\/rsm_lower_mast_2_RIGID\/Rigid Transform1",
                "Reference":"sm_lib\/Frames and\nTransforms\/Rigid\nTransform",
                "SID":"189",
                "Type":"LIBRARY_BLOCK"
            },
            {
                "Path":"$bdroot\/RoverMotionControl&Planning\/Rover \/Camera VIz\/rsm_lower_mast_2_RIGID\/Rigid Transform2",
                "Reference":"sm_lib\/Frames and\nTransforms\/Rigid\nTransform",
                "SID":"190",
                "Type":"LIBRARY_BLOCK"
            },
            {
                "Path":"$bdroot\/RoverMotionControl&Planning\/Rover \/Camera VIz\/rsm_outer_ring_1_RIGID\/Cylindrical Solid1",
                "Reference":"sm_lib\/Body Elements\/Cylindrical Solid",
                "SID":"194",
                "Type":"LIBRARY_BLOCK"
            },
            {
                "Path":"$bdroot\/RoverMotionControl&Planning\/Rover \/Camera VIz\/rsm_upper_mast_1_RIGID\/Cylindrical Solid",
                "Reference":"sm_lib\/Body Elements\/Cylindrical Solid",
                "SID":"198",
                "Type":"LIBRARY_BLOCK"
            },
            {
                "Path":"$bdroot\/RoverMotionControl&Planning\/Rover \/Camera VIz\/rsm_upper_mast_1_RIGID\/Cylindrical Solid1",
                "Reference":"sm_lib\/Body Elements\/Cylindrical Solid",
                "SID":"199",
                "Type":"LIBRARY_BLOCK"
            },
            {
                "Path":"$bdroot\/RoverMotionControl&Planning\/Rover \/Camera VIz\/rsm_upper_mast_1_RIGID\/Rigid Transform",
                "Reference":"sm_lib\/Frames and\nTransforms\/Rigid\nTransform",
                "SID":"200",
                "Type":"LIBRARY_BLOCK"
            },
            {
                "Path":"$bdroot\/RoverMotionControl&Planning\/Rover \/Chassis\/Arm_Base",
                "Reference":"sm_lib\/Frames and\nTransforms\/Rigid\nTransform",
                "SID":"205",
                "Type":"LIBRARY_BLOCK"
            },
            {
                "Path":"$bdroot\/RoverMotionControl&Planning\/Rover \/Chassis\/Camera_Base",
                "Reference":"sm_lib\/Frames and\nTransforms\/Rigid\nTransform",
                "SID":"206",
                "Type":"LIBRARY_BLOCK"
            },
            {
                "Path":"$bdroot\/RoverMotionControl&Planning\/Rover \/Chassis\/Chasis Camera Rear",
                "Reference":"sm_lib\/Frames and\nTransforms\/Reference\nFrame",
                "SID":"207",
                "Type":"LIBRARY_BLOCK"
            },
            {
                "Path":"$bdroot\/RoverMotionControl&Planning\/Rover \/Chassis\/Chasis Camera RightA",
                "Reference":"sm_lib\/Frames and\nTransforms\/Reference\nFrame",
                "SID":"208",
                "Type":"LIBRARY_BLOCK"
            },
            {
                "Path":"$bdroot\/RoverMotionControl&Planning\/Rover \/Chassis\/Chasis Camera RightB",
                "Reference":"sm_lib\/Frames and\nTransforms\/Reference\nFrame",
                "SID":"209",
                "Type":"LIBRARY_BLOCK"
            },
            {
                "Path":"$bdroot\/RoverMotionControl&Planning\/Rover \/Chassis\/Chasis Camera Top",
                "Reference":"sm_lib\/Frames and\nTransforms\/Reference\nFrame",
                "SID":"210",
                "Type":"LIBRARY_BLOCK"
            },
            {
                "Path":"$bdroot\/RoverMotionControl&Planning\/Rover \/Chassis\/File Solid",
                "Reference":"sm_lib\/Body Elements\/File Solid",
                "SID":"211",
                "Type":"LIBRARY_BLOCK"
            },
            {
                "Path":"$bdroot\/RoverMotionControl&Planning\/Rover \/Chassis\/RTG",
                "Reference":"sm_lib\/Body Elements\/File Solid",
                "SID":"212",
                "Type":"LIBRARY_BLOCK"
            },
            {
                "Path":"$bdroot\/RoverMotionControl&Planning\/Rover \/Chassis\/RTG1",
                "Reference":"sm_lib\/Body Elements\/File Solid",
                "SID":"213",
                "Type":"LIBRARY_BLOCK"
            },
            {
                "Path":"$bdroot\/RoverMotionControl&Planning\/Rover \/Chassis\/RTG_Base",
                "Reference":"sm_lib\/Frames and\nTransforms\/Rigid\nTransform",
                "SID":"214",
                "Type":"LIBRARY_BLOCK"
            },
            {
                "Path":"$bdroot\/RoverMotionControl&Planning\/Rover \/Chassis\/RTG_BridgeBase",
                "Reference":"sm_lib\/Frames and\nTransforms\/Rigid\nTransform",
                "SID":"215",
                "Type":"LIBRARY_BLOCK"
            },
            {
                "Path":"$bdroot\/RoverMotionControl&Planning\/Rover \/Chassis\/RT_Camera_Rear",
                "Reference":"sm_lib\/Frames and\nTransforms\/Rigid\nTransform",
                "SID":"216",
                "Type":"LIBRARY_BLOCK"
            },
            {
                "Path":"$bdroot\/RoverMotionControl&Planning\/Rover \/Chassis\/RT_Camera_RightA",
                "Reference":"sm_lib\/Frames and\nTransforms\/Rigid\nTransform",
                "SID":"217",
                "Type":"LIBRARY_BLOCK"
            },
            {
                "Path":"$bdroot\/RoverMotionControl&Planning\/Rover \/Chassis\/RT_Camera_RightB",
                "Reference":"sm_lib\/Frames and\nTransforms\/Rigid\nTransform",
                "SID":"218",
                "Type":"LIBRARY_BLOCK"
            },
            {
                "Path":"$bdroot\/RoverMotionControl&Planning\/Rover \/Chassis\/RT_Camera_RightB1",
                "Reference":"sm_lib\/Frames and\nTransforms\/Rigid\nTransform",
                "SID":"219",
                "Type":"LIBRARY_BLOCK"
            },
            {
                "Path":"$bdroot\/RoverMotionControl&Planning\/Rover \/Chassis\/RT_Camera_Top",
                "Reference":"sm_lib\/Frames and\nTransforms\/Rigid\nTransform",
                "SID":"220",
                "Type":"LIBRARY_BLOCK"
            },
            {
                "Path":"$bdroot\/RoverMotionControl&Planning\/Rover \/Chassis\/RT_F4",
                "Reference":"sm_lib\/Frames and\nTransforms\/Rigid\nTransform",
                "SID":"221",
                "Type":"LIBRARY_BLOCK"
            },
            {
                "Path":"$bdroot\/RoverMotionControl&Planning\/Rover \/Chassis\/RT_L",
                "Reference":"sm_lib\/Frames and\nTransforms\/Rigid\nTransform",
                "SID":"222",
                "Type":"LIBRARY_BLOCK"
            },
            {
                "Path":"$bdroot\/RoverMotionControl&Planning\/Rover \/Chassis\/RT_R",
                "Reference":"sm_lib\/Frames and\nTransforms\/Rigid\nTransform",
                "SID":"223",
                "Type":"LIBRARY_BLOCK"
            },
            {
                "Path":"$bdroot\/RoverMotionControl&Planning\/Rover \/Chassis\/RT_Top",
                "Reference":"sm_lib\/Frames and\nTransforms\/Rigid\nTransform",
                "SID":"224",
                "Type":"LIBRARY_BLOCK"
            },
            {
                "Path":"$bdroot\/RoverMotionControl&Planning\/Rover \/Chassis\/R_F",
                "Reference":"sm_lib\/Frames and\nTransforms\/Rigid\nTransform",
                "SID":"225",
                "Type":"LIBRARY_BLOCK"
            },
            {
                "Path":"$bdroot\/RoverMotionControl&Planning\/Rover \/Chassis\/Rigid Transform1",
                "Reference":"sm_lib\/Frames and\nTransforms\/Rigid\nTransform",
                "SID":"226",
                "Type":"LIBRARY_BLOCK"
            },
            {
                "Path":"$bdroot\/RoverMotionControl&Planning\/Rover \/Chassis\/Rover Chassis",
                "Reference":"sm_lib\/Body Elements\/File Solid",
                "SID":"227",
                "Type":"LIBRARY_BLOCK"
            },
            {
                "Path":"$bdroot\/RoverMotionControl&Planning\/Rover \/Differential Bar\/ConnectingBar",
                "Reference":"sm_lib\/Body Elements\/Brick Solid",
                "SID":"235",
                "Type":"LIBRARY_BLOCK"
            },
            {
                "Path":"$bdroot\/RoverMotionControl&Planning\/Rover \/Differential Bar\/ConnectingBar1",
                "Reference":"sm_lib\/Body Elements\/Brick Solid",
                "SID":"236",
                "Type":"LIBRARY_BLOCK"
            },
            {
                "Path":"$bdroot\/RoverMotionControl&Planning\/Rover \/Differential Bar\/DifferentialBar",
                "Reference":"sm_lib\/Body Elements\/File Solid",
                "SID":"237",
                "Type":"LIBRARY_BLOCK"
            },
            {
                "Path":"$bdroot\/RoverMotionControl&Planning\/Rover \/Differential Bar\/DifferentialBar_Viz",
                "Reference":"sm_lib\/Body Elements\/File Solid",
                "SID":"238",
                "Type":"LIBRARY_BLOCK"
            },
            {
                "Path":"$bdroot\/RoverMotionControl&Planning\/Rover \/Differential Bar\/Rigid Transform",
                "Reference":"sm_lib\/Frames and\nTransforms\/Rigid\nTransform",
                "SID":"239",
                "Type":"LIBRARY_BLOCK"
            },
            {
                "Path":"$bdroot\/RoverMotionControl&Planning\/Rover \/Differential Bar\/Rigid Transform1",
                "Reference":"sm_lib\/Frames and\nTransforms\/Rigid\nTransform",
                "SID":"240",
                "Type":"LIBRARY_BLOCK"
            },
            {
                "Path":"$bdroot\/RoverMotionControl&Planning\/Rover \/Differential Bar\/Rigid Transform2",
                "Reference":"sm_lib\/Frames and\nTransforms\/Rigid\nTransform",
                "SID":"241",
                "Type":"LIBRARY_BLOCK"
            },
            {
                "Path":"$bdroot\/RoverMotionControl&Planning\/Rover \/Differential Bar\/Rigid Transform3",
                "Reference":"sm_lib\/Frames and\nTransforms\/Rigid\nTransform",
                "SID":"242",
                "Type":"LIBRARY_BLOCK"
            },
            {
                "Path":"$bdroot\/RoverMotionControl&Planning\/Rover \/Differential Bar\/Rigid Transform4",
                "Reference":"sm_lib\/Frames and\nTransforms\/Rigid\nTransform",
                "SID":"243",
                "Type":"LIBRARY_BLOCK"
            },
            {
                "Path":"$bdroot\/RoverMotionControl&Planning\/Rover \/Differential Bar\/Rigid Transform5",
                "Reference":"sm_lib\/Frames and\nTransforms\/Rigid\nTransform",
                "SID":"244",
                "Type":"LIBRARY_BLOCK"
            },
            {
                "Path":"$bdroot\/RoverMotionControl&Planning\/Rover \/Differential Bar\/Rigid Transform6",
                "Reference":"sm_lib\/Frames and\nTransforms\/Rigid\nTransform",
                "SID":"245",
                "Type":"LIBRARY_BLOCK"
            },
            {
                "Path":"$bdroot\/RoverMotionControl&Planning\/Rover \/Differential Bar\/Universal Joint",
                "Reference":"sm_lib\/Joints\/Universal\nJoint",
                "SID":"246",
                "Type":"LIBRARY_BLOCK"
            },
            {
                "Path":"$bdroot\/RoverMotionControl&Planning\/Rover \/Differential Bar\/Universal Joint1",
                "Reference":"sm_lib\/Joints\/Universal\nJoint",
                "SID":"247",
                "Type":"LIBRARY_BLOCK"
            },
            {
                "Path":"$bdroot\/RoverMotionControl&Planning\/Rover \/Mobility Primary ArmL\/MobilityPrimaryArmL",
                "Reference":"sm_lib\/Body Elements\/File Solid",
                "SID":"252",
                "Type":"LIBRARY_BLOCK"
            },
            {
                "Path":"$bdroot\/RoverMotionControl&Planning\/Rover \/Mobility Primary ArmL\/Reference Frame",
                "Reference":"sm_lib\/Frames and\nTransforms\/Reference\nFrame",
                "SID":"253",
                "Type":"LIBRARY_BLOCK"
            },
            {
                "Path":"$bdroot\/RoverMotionControl&Planning\/Rover \/Mobility Primary ArmL\/Rigid Transform",
                "Reference":"sm_lib\/Frames and\nTransforms\/Rigid\nTransform",
                "SID":"254",
                "Type":"LIBRARY_BLOCK"
            },
            {
                "Path":"$bdroot\/RoverMotionControl&Planning\/Rover \/Mobility Primary ArmL\/Rigid Transform1",
                "Reference":"sm_lib\/Frames and\nTransforms\/Rigid\nTransform",
                "SID":"255",
                "Type":"LIBRARY_BLOCK"
            },
            {
                "Path":"$bdroot\/RoverMotionControl&Planning\/Rover \/Mobility Primary ArmL\/Rigid Transform2",
                "Reference":"sm_lib\/Frames and\nTransforms\/Rigid\nTransform",
                "SID":"256",
                "Type":"LIBRARY_BLOCK"
            },
            {
                "Path":"$bdroot\/RoverMotionControl&Planning\/Rover \/Mobility Primary ArmL\/Rigid Transform3",
                "Reference":"sm_lib\/Frames and\nTransforms\/Rigid\nTransform",
                "SID":"257",
                "Type":"LIBRARY_BLOCK"
            },
            {
                "Path":"$bdroot\/RoverMotionControl&Planning\/Rover \/Mobility Primary ArmL\/Rigid Transform4",
                "Reference":"sm_lib\/Frames and\nTransforms\/Rigid\nTransform",
                "SID":"258",
                "Type":"LIBRARY_BLOCK"
            },
            {
                "Path":"$bdroot\/RoverMotionControl&Planning\/Rover \/Mobility Primary ArmL\/Rigid Transform5",
                "Reference":"sm_lib\/Frames and\nTransforms\/Rigid\nTransform",
                "SID":"259",
                "Type":"LIBRARY_BLOCK"
            },
            {
                "Path":"$bdroot\/RoverMotionControl&Planning\/Rover \/Mobility Primary ArmR\/MobilityPrimaryArmR",
                "Reference":"sm_lib\/Body Elements\/File Solid",
                "SID":"265",
                "Type":"LIBRARY_BLOCK"
            },
            {
                "Path":"$bdroot\/RoverMotionControl&Planning\/Rover \/Mobility Primary ArmR\/Reference Frame",
                "Reference":"sm_lib\/Frames and\nTransforms\/Reference\nFrame",
                "SID":"266",
                "Type":"LIBRARY_BLOCK"
            },
            {
                "Path":"$bdroot\/RoverMotionControl&Planning\/Rover \/Mobility Primary ArmR\/Rigid Transform1",
                "Reference":"sm_lib\/Frames and\nTransforms\/Rigid\nTransform",
                "SID":"267",
                "Type":"LIBRARY_BLOCK"
            },
            {
                "Path":"$bdroot\/RoverMotionControl&Planning\/Rover \/Mobility Primary ArmR\/Rigid Transform2",
                "Reference":"sm_lib\/Frames and\nTransforms\/Rigid\nTransform",
                "SID":"268",
                "Type":"LIBRARY_BLOCK"
            },
            {
                "Path":"$bdroot\/RoverMotionControl&Planning\/Rover \/Mobility Primary ArmR\/Rigid Transform3",
                "Reference":"sm_lib\/Frames and\nTransforms\/Rigid\nTransform",
                "SID":"269",
                "Type":"LIBRARY_BLOCK"
            },
            {
                "Path":"$bdroot\/RoverMotionControl&Planning\/Rover \/Mobility Primary ArmR\/Rigid Transform4",
                "Reference":"sm_lib\/Frames and\nTransforms\/Rigid\nTransform",
                "SID":"270",
                "Type":"LIBRARY_BLOCK"
            },
            {
                "Path":"$bdroot\/RoverMotionControl&Planning\/Rover \/Mobility Primary ArmR\/Rigid Transform5",
                "Reference":"sm_lib\/Frames and\nTransforms\/Rigid\nTransform",
                "SID":"271",
                "Type":"LIBRARY_BLOCK"
            },
            {
                "Path":"$bdroot\/RoverMotionControl&Planning\/Rover \/Mobility Primary ArmR\/Rigid Transform6",
                "Reference":"sm_lib\/Frames and\nTransforms\/Rigid\nTransform",
                "SID":"272",
                "Type":"LIBRARY_BLOCK"
            },
            {
                "Path":"$bdroot\/RoverMotionControl&Planning\/Rover \/Mobility Secondary ArmL\/MobilitySecondaryArmL",
                "Reference":"sm_lib\/Body Elements\/File Solid",
                "SID":"278",
                "Type":"LIBRARY_BLOCK"
            },
            {
                "Path":"$bdroot\/RoverMotionControl&Planning\/Rover \/Mobility Secondary ArmL\/Reference Frame",
                "Reference":"sm_lib\/Frames and\nTransforms\/Reference\nFrame",
                "SID":"279",
                "Type":"LIBRARY_BLOCK"
            },
            {
                "Path":"$bdroot\/RoverMotionControl&Planning\/Rover \/Mobility Secondary ArmL\/Rigid Transform1",
                "Reference":"sm_lib\/Frames and\nTransforms\/Rigid\nTransform",
                "SID":"280",
                "Type":"LIBRARY_BLOCK"
            },
            {
                "Path":"$bdroot\/RoverMotionControl&Planning\/Rover \/Mobility Secondary ArmL\/Rigid Transform2",
                "Reference":"sm_lib\/Frames and\nTransforms\/Rigid\nTransform",
                "SID":"281",
                "Type":"LIBRARY_BLOCK"
            },
            {
                "Path":"$bdroot\/RoverMotionControl&Planning\/Rover \/Mobility Secondary ArmL\/Rigid Transform3",
                "Reference":"sm_lib\/Frames and\nTransforms\/Rigid\nTransform",
                "SID":"282",
                "Type":"LIBRARY_BLOCK"
            },
            {
                "Path":"$bdroot\/RoverMotionControl&Planning\/Rover \/Mobility Secondary ArmL\/Rigid Transform4",
                "Reference":"sm_lib\/Frames and\nTransforms\/Rigid\nTransform",
                "SID":"283",
                "Type":"LIBRARY_BLOCK"
            },
            {
                "Path":"$bdroot\/RoverMotionControl&Planning\/Rover \/Mobility Secondary ArmR\/MobilitySecondaryArmR",
                "Reference":"sm_lib\/Body Elements\/File Solid",
                "SID":"288",
                "Type":"LIBRARY_BLOCK"
            },
            {
                "Path":"$bdroot\/RoverMotionControl&Planning\/Rover \/Mobility Secondary ArmR\/Reference Frame",
                "Reference":"sm_lib\/Frames and\nTransforms\/Reference\nFrame",
                "SID":"289",
                "Type":"LIBRARY_BLOCK"
            },
            {
                "Path":"$bdroot\/RoverMotionControl&Planning\/Rover \/Mobility Secondary ArmR\/Rigid Transform1",
                "Reference":"sm_lib\/Frames and\nTransforms\/Rigid\nTransform",
                "SID":"290",
                "Type":"LIBRARY_BLOCK"
            },
            {
                "Path":"$bdroot\/RoverMotionControl&Planning\/Rover \/Mobility Secondary ArmR\/Rigid Transform2",
                "Reference":"sm_lib\/Frames and\nTransforms\/Rigid\nTransform",
                "SID":"291",
                "Type":"LIBRARY_BLOCK"
            },
            {
                "Path":"$bdroot\/RoverMotionControl&Planning\/Rover \/Mobility Secondary ArmR\/Rigid Transform3",
                "Reference":"sm_lib\/Frames and\nTransforms\/Rigid\nTransform",
                "SID":"292",
                "Type":"LIBRARY_BLOCK"
            },
            {
                "Path":"$bdroot\/RoverMotionControl&Planning\/Rover \/Mobility Secondary ArmR\/Rigid Transform4",
                "Reference":"sm_lib\/Frames and\nTransforms\/Rigid\nTransform",
                "SID":"293",
                "Type":"LIBRARY_BLOCK"
            },
            {
                "Path":"$bdroot\/RoverMotionControl&Planning\/Rover \/Revolute Joint",
                "Reference":"sm_lib\/Joints\/Revolute Joint",
                "SID":"297",
                "Type":"LIBRARY_BLOCK"
            },
            {
                "Path":"$bdroot\/RoverMotionControl&Planning\/Rover \/Revolute Joint1",
                "Reference":"sm_lib\/Joints\/Revolute Joint",
                "SID":"298",
                "Type":"LIBRARY_BLOCK"
            },
            {
                "Path":"$bdroot\/RoverMotionControl&Planning\/Rover \/Revolute Joint2",
                "Reference":"sm_lib\/Joints\/Revolute Joint",
                "SID":"299",
                "Type":"LIBRARY_BLOCK"
            },
            {
                "Path":"$bdroot\/RoverMotionControl&Planning\/Rover \/Revolute Joint3",
                "Reference":"sm_lib\/Joints\/Revolute Joint",
                "SID":"300",
                "Type":"LIBRARY_BLOCK"
            },
            {
                "Path":"$bdroot\/RoverMotionControl&Planning\/Rover \/Revolute Joint4",
                "Reference":"sm_lib\/Joints\/Revolute Joint",
                "SID":"301",
                "Type":"LIBRARY_BLOCK"
            },
            {
                "Path":"$bdroot\/RoverMotionControl&Planning\/Rover \/Rigid Transform",
                "Reference":"sm_lib\/Frames and\nTransforms\/Rigid\nTransform",
                "SID":"302",
                "Type":"LIBRARY_BLOCK"
            },
            {
                "Path":"$bdroot\/RoverMotionControl&Planning\/Rover \/Spherical Joint",
                "Reference":"sm_lib\/Joints\/Spherical\nJoint",
                "SID":"303",
                "Type":"LIBRARY_BLOCK"
            },
            {
                "Path":"$bdroot\/RoverMotionControl&Planning\/Rover \/Spherical Joint2",
                "Reference":"sm_lib\/Joints\/Spherical\nJoint",
                "SID":"304",
                "Type":"LIBRARY_BLOCK"
            },
            {
                "Path":"$bdroot\/RoverMotionControl&Planning\/Rover \/Wheels\/LBWheel\/InnerWheelViz",
                "Reference":"sm_lib\/Body Elements\/File Solid",
                "SID":"355",
                "Type":"LIBRARY_BLOCK"
            },
            {
                "Path":"$bdroot\/RoverMotionControl&Planning\/Rover \/Wheels\/LBWheel\/OuterWheel",
                "Reference":"sm_lib\/Body Elements\/File Solid",
                "SID":"356",
                "Type":"LIBRARY_BLOCK"
            },
            {
                "Path":"$bdroot\/RoverMotionControl&Planning\/Rover \/Wheels\/LBWheel\/Point Cloud",
                "Reference":"sm_lib\/Curves and Surfaces\/Point Cloud",
                "SID":"357",
                "Type":"LIBRARY_BLOCK"
            },
            {
                "Path":"$bdroot\/RoverMotionControl&Planning\/Rover \/Wheels\/LBWheel\/Rigid Transform",
                "Reference":"sm_lib\/Frames and\nTransforms\/Rigid\nTransform",
                "SID":"358",
                "Type":"LIBRARY_BLOCK"
            },
            {
                "Path":"$bdroot\/RoverMotionControl&Planning\/Rover \/Wheels\/LBWheel\/Rigid Transform6",
                "Reference":"sm_lib\/Frames and\nTransforms\/Rigid\nTransform",
                "SID":"359",
                "Type":"LIBRARY_BLOCK"
            },
            {
                "Path":"$bdroot\/RoverMotionControl&Planning\/Rover \/Wheels\/LFWheel\/InnerWheel",
                "Reference":"sm_lib\/Body Elements\/File Solid",
                "SID":"363",
                "Type":"LIBRARY_BLOCK"
            },
            {
                "Path":"$bdroot\/RoverMotionControl&Planning\/Rover \/Wheels\/LFWheel\/OuterWheel",
                "Reference":"sm_lib\/Body Elements\/File Solid",
                "SID":"364",
                "Type":"LIBRARY_BLOCK"
            },
            {
                "Path":"$bdroot\/RoverMotionControl&Planning\/Rover \/Wheels\/LFWheel\/Point Cloud",
                "Reference":"sm_lib\/Curves and Surfaces\/Point Cloud",
                "SID":"365",
                "Type":"LIBRARY_BLOCK"
            },
            {
                "Path":"$bdroot\/RoverMotionControl&Planning\/Rover \/Wheels\/LFWheel\/Rigid Transform",
                "Reference":"sm_lib\/Frames and\nTransforms\/Rigid\nTransform",
                "SID":"366",
                "Type":"LIBRARY_BLOCK"
            },
            {
                "Path":"$bdroot\/RoverMotionControl&Planning\/Rover \/Wheels\/LFWheel\/Rigid Transform6",
                "Reference":"sm_lib\/Frames and\nTransforms\/Rigid\nTransform",
                "SID":"367",
                "Type":"LIBRARY_BLOCK"
            },
            {
                "Path":"$bdroot\/RoverMotionControl&Planning\/Rover \/Wheels\/LMWheel\/InnerWheel",
                "Reference":"sm_lib\/Body Elements\/File Solid",
                "SID":"371",
                "Type":"LIBRARY_BLOCK"
            },
            {
                "Path":"$bdroot\/RoverMotionControl&Planning\/Rover \/Wheels\/LMWheel\/OuterWheel",
                "Reference":"sm_lib\/Body Elements\/File Solid",
                "SID":"372",
                "Type":"LIBRARY_BLOCK"
            },
            {
                "Path":"$bdroot\/RoverMotionControl&Planning\/Rover \/Wheels\/LMWheel\/Point Cloud",
                "Reference":"sm_lib\/Curves and Surfaces\/Point Cloud",
                "SID":"373",
                "Type":"LIBRARY_BLOCK"
            },
            {
                "Path":"$bdroot\/RoverMotionControl&Planning\/Rover \/Wheels\/LMWheel\/Rigid Transform",
                "Reference":"sm_lib\/Frames and\nTransforms\/Rigid\nTransform",
                "SID":"374",
                "Type":"LIBRARY_BLOCK"
            },
            {
                "Path":"$bdroot\/RoverMotionControl&Planning\/Rover \/Wheels\/LMWheel\/Rigid Transform6",
                "Reference":"sm_lib\/Frames and\nTransforms\/Rigid\nTransform",
                "SID":"375",
                "Type":"LIBRARY_BLOCK"
            },
            {
                "Path":"$bdroot\/RoverMotionControl&Planning\/Rover \/Wheels\/PS-Simulink Converter",
                "Reference":"nesl_utility\/PS-Simulink\nConverter",
                "SID":"380",
                "Type":"LIBRARY_BLOCK"
            },
            {
                "Path":"$bdroot\/RoverMotionControl&Planning\/Rover \/Wheels\/PS-Simulink Converter1",
                "Reference":"nesl_utility\/PS-Simulink\nConverter",
                "SID":"381",
                "Type":"LIBRARY_BLOCK"
            },
            {
                "Path":"$bdroot\/RoverMotionControl&Planning\/Rover \/Wheels\/PS-Simulink Converter10",
                "Reference":"nesl_utility\/PS-Simulink\nConverter",
                "SID":"382",
                "Type":"LIBRARY_BLOCK"
            },
            {
                "Path":"$bdroot\/RoverMotionControl&Planning\/Rover \/Wheels\/PS-Simulink Converter2",
                "Reference":"nesl_utility\/PS-Simulink\nConverter",
                "SID":"383",
                "Type":"LIBRARY_BLOCK"
            },
            {
                "Path":"$bdroot\/RoverMotionControl&Planning\/Rover \/Wheels\/PS-Simulink Converter3",
                "Reference":"nesl_utility\/PS-Simulink\nConverter",
                "SID":"384",
                "Type":"LIBRARY_BLOCK"
            },
            {
                "Path":"$bdroot\/RoverMotionControl&Planning\/Rover \/Wheels\/PS-Simulink Converter5",
                "Reference":"nesl_utility\/PS-Simulink\nConverter",
                "SID":"385",
                "Type":"LIBRARY_BLOCK"
            },
            {
                "Path":"$bdroot\/RoverMotionControl&Planning\/Rover \/Wheels\/PS-Simulink Converter6",
                "Reference":"nesl_utility\/PS-Simulink\nConverter",
                "SID":"386",
                "Type":"LIBRARY_BLOCK"
            },
            {
                "Path":"$bdroot\/RoverMotionControl&Planning\/Rover \/Wheels\/PS-Simulink Converter7",
                "Reference":"nesl_utility\/PS-Simulink\nConverter",
                "SID":"387",
                "Type":"LIBRARY_BLOCK"
            },
            {
                "Path":"$bdroot\/RoverMotionControl&Planning\/Rover \/Wheels\/PS-Simulink Converter8",
                "Reference":"nesl_utility\/PS-Simulink\nConverter",
                "SID":"388",
                "Type":"LIBRARY_BLOCK"
            },
            {
                "Path":"$bdroot\/RoverMotionControl&Planning\/Rover \/Wheels\/PS-Simulink Converter9",
                "Reference":"nesl_utility\/PS-Simulink\nConverter",
                "SID":"389",
                "Type":"LIBRARY_BLOCK"
            },
            {
                "Path":"$bdroot\/RoverMotionControl&Planning\/Rover \/Wheels\/RBWheel\/InnerWheel",
                "Reference":"sm_lib\/Body Elements\/File Solid",
                "SID":"391",
                "Type":"LIBRARY_BLOCK"
            },
            {
                "Path":"$bdroot\/RoverMotionControl&Planning\/Rover \/Wheels\/RBWheel\/OuterWheel",
                "Reference":"sm_lib\/Body Elements\/File Solid",
                "SID":"392",
                "Type":"LIBRARY_BLOCK"
            },
            {
                "Path":"$bdroot\/RoverMotionControl&Planning\/Rover \/Wheels\/RBWheel\/Point Cloud",
                "Reference":"sm_lib\/Curves and Surfaces\/Point Cloud",
                "SID":"393",
                "Type":"LIBRARY_BLOCK"
            },
            {
                "Path":"$bdroot\/RoverMotionControl&Planning\/Rover \/Wheels\/RBWheel\/Rigid Transform",
                "Reference":"sm_lib\/Frames and\nTransforms\/Rigid\nTransform",
                "SID":"394",
                "Type":"LIBRARY_BLOCK"
            },
            {
                "Path":"$bdroot\/RoverMotionControl&Planning\/Rover \/Wheels\/RBWheel\/Rigid Transform6",
                "Reference":"sm_lib\/Frames and\nTransforms\/Rigid\nTransform",
                "SID":"395",
                "Type":"LIBRARY_BLOCK"
            },
            {
                "Path":"$bdroot\/RoverMotionControl&Planning\/Rover \/Wheels\/RFWheel\/InnerWheel",
                "Reference":"sm_lib\/Body Elements\/File Solid",
                "SID":"399",
                "Type":"LIBRARY_BLOCK"
            },
            {
                "Path":"$bdroot\/RoverMotionControl&Planning\/Rover \/Wheels\/RFWheel\/OuterWheel",
                "Reference":"sm_lib\/Body Elements\/File Solid",
                "SID":"400",
                "Type":"LIBRARY_BLOCK"
            },
            {
                "Path":"$bdroot\/RoverMotionControl&Planning\/Rover \/Wheels\/RFWheel\/Point Cloud",
                "Reference":"sm_lib\/Curves and Surfaces\/Point Cloud",
                "SID":"401",
                "Type":"LIBRARY_BLOCK"
            },
            {
                "Path":"$bdroot\/RoverMotionControl&Planning\/Rover \/Wheels\/RFWheel\/Rigid Transform",
                "Reference":"sm_lib\/Frames and\nTransforms\/Rigid\nTransform",
                "SID":"402",
                "Type":"LIBRARY_BLOCK"
            },
            {
                "Path":"$bdroot\/RoverMotionControl&Planning\/Rover \/Wheels\/RFWheel\/Rigid Transform6",
                "Reference":"sm_lib\/Frames and\nTransforms\/Rigid\nTransform",
                "SID":"403",
                "Type":"LIBRARY_BLOCK"
            },
            {
                "Path":"$bdroot\/RoverMotionControl&Planning\/Rover \/Wheels\/RMWheel\/InnerWheel",
                "Reference":"sm_lib\/Body Elements\/File Solid",
                "SID":"407",
                "Type":"LIBRARY_BLOCK"
            },
            {
                "Path":"$bdroot\/RoverMotionControl&Planning\/Rover \/Wheels\/RMWheel\/OuterWheel",
                "Reference":"sm_lib\/Body Elements\/File Solid",
                "SID":"408",
                "Type":"LIBRARY_BLOCK"
            },
            {
                "Path":"$bdroot\/RoverMotionControl&Planning\/Rover \/Wheels\/RMWheel\/Point Cloud",
                "Reference":"sm_lib\/Curves and Surfaces\/Point Cloud",
                "SID":"409",
                "Type":"LIBRARY_BLOCK"
            },
            {
                "Path":"$bdroot\/RoverMotionControl&Planning\/Rover \/Wheels\/RMWheel\/Rigid Transform",
                "Reference":"sm_lib\/Frames and\nTransforms\/Rigid\nTransform",
                "SID":"410",
                "Type":"LIBRARY_BLOCK"
            },
            {
                "Path":"$bdroot\/RoverMotionControl&Planning\/Rover \/Wheels\/RMWheel\/Rigid Transform6",
                "Reference":"sm_lib\/Frames and\nTransforms\/Rigid\nTransform",
                "SID":"411",
                "Type":"LIBRARY_BLOCK"
            },
            {
                "Path":"$bdroot\/RoverMotionControl&Planning\/Rover \/Wheels\/Revolute Joint1",
                "Reference":"sm_lib\/Joints\/Revolute Joint",
                "SID":"414",
                "Type":"LIBRARY_BLOCK"
            },
            {
                "Path":"$bdroot\/RoverMotionControl&Planning\/Rover \/Wheels\/Revolute Joint10",
                "Reference":"sm_lib\/Joints\/Revolute Joint",
                "SID":"415",
                "Type":"LIBRARY_BLOCK"
            },
            {
                "Path":"$bdroot\/RoverMotionControl&Planning\/Rover \/Wheels\/Revolute Joint13",
                "Reference":"sm_lib\/Joints\/Revolute Joint",
                "SID":"416",
                "Type":"LIBRARY_BLOCK"
            },
            {
                "Path":"$bdroot\/RoverMotionControl&Planning\/Rover \/Wheels\/Revolute Joint2",
                "Reference":"sm_lib\/Joints\/Revolute Joint",
                "SID":"417",
                "Type":"LIBRARY_BLOCK"
            },
            {
                "Path":"$bdroot\/RoverMotionControl&Planning\/Rover \/Wheels\/Revolute Joint3",
                "Reference":"sm_lib\/Joints\/Revolute Joint",
                "SID":"418",
                "Type":"LIBRARY_BLOCK"
            },
            {
                "Path":"$bdroot\/RoverMotionControl&Planning\/Rover \/Wheels\/Revolute Joint4",
                "Reference":"sm_lib\/Joints\/Revolute Joint",
                "SID":"419",
                "Type":"LIBRARY_BLOCK"
            },
            {
                "Path":"$bdroot\/RoverMotionControl&Planning\/Rover \/Wheels\/Revolute Joint5",
                "Reference":"sm_lib\/Joints\/Revolute Joint",
                "SID":"420",
                "Type":"LIBRARY_BLOCK"
            },
            {
                "Path":"$bdroot\/RoverMotionControl&Planning\/Rover \/Wheels\/Revolute Joint6",
                "Reference":"sm_lib\/Joints\/Revolute Joint",
                "SID":"421",
                "Type":"LIBRARY_BLOCK"
            },
            {
                "Path":"$bdroot\/RoverMotionControl&Planning\/Rover \/Wheels\/Revolute Joint7",
                "Reference":"sm_lib\/Joints\/Revolute Joint",
                "SID":"422",
                "Type":"LIBRARY_BLOCK"
            },
            {
                "Path":"$bdroot\/RoverMotionControl&Planning\/Rover \/Wheels\/Revolute Joint8",
                "Reference":"sm_lib\/Joints\/Revolute Joint",
                "SID":"423",
                "Type":"LIBRARY_BLOCK"
            },
            {
                "Path":"$bdroot\/RoverMotionControl&Planning\/Rover \/Wheels\/Simulink-PS Converter",
                "Reference":"nesl_utility\/Simulink-PS\nConverter",
                "SID":"425",
                "Type":"LIBRARY_BLOCK"
            },
            {
                "Path":"$bdroot\/RoverMotionControl&Planning\/Rover \/Wheels\/Simulink-PS Converter1",
                "Reference":"nesl_utility\/Simulink-PS\nConverter",
                "SID":"426",
                "Type":"LIBRARY_BLOCK"
            },
            {
                "Path":"$bdroot\/RoverMotionControl&Planning\/Rover \/Wheels\/Simulink-PS Converter2",
                "Reference":"nesl_utility\/Simulink-PS\nConverter",
                "SID":"427",
                "Type":"LIBRARY_BLOCK"
            },
            {
                "Path":"$bdroot\/RoverMotionControl&Planning\/Rover \/Wheels\/Simulink-PS Converter3",
                "Reference":"nesl_utility\/Simulink-PS\nConverter",
                "SID":"428",
                "Type":"LIBRARY_BLOCK"
            },
            {
                "Path":"$bdroot\/RoverMotionControl&Planning\/Rover \/Wheels\/Simulink-PS Converter4",
                "Reference":"nesl_utility\/Simulink-PS\nConverter",
                "SID":"429",
                "Type":"LIBRARY_BLOCK"
            },
            {
                "Path":"$bdroot\/RoverMotionControl&Planning\/Rover \/Wheels\/Simulink-PS Converter5",
                "Reference":"nesl_utility\/Simulink-PS\nConverter",
                "SID":"430",
                "Type":"LIBRARY_BLOCK"
            },
            {
                "Path":"$bdroot\/RoverMotionControl&Planning\/Rover \/Wheels\/Simulink-PS Converter6",
                "Reference":"nesl_utility\/Simulink-PS\nConverter",
                "SID":"431",
                "Type":"LIBRARY_BLOCK"
            },
            {
                "Path":"$bdroot\/RoverMotionControl&Planning\/Rover \/Wheels\/Simulink-PS Converter7",
                "Reference":"nesl_utility\/Simulink-PS\nConverter",
                "SID":"432",
                "Type":"LIBRARY_BLOCK"
            },
            {
                "Path":"$bdroot\/RoverMotionControl&Planning\/Rover \/Wheels\/Simulink-PS Converter8",
                "Reference":"nesl_utility\/Simulink-PS\nConverter",
                "SID":"433",
                "Type":"LIBRARY_BLOCK"
            },
            {
                "Path":"$bdroot\/RoverMotionControl&Planning\/Rover \/Wheels\/Simulink-PS Converter9",
                "Reference":"nesl_utility\/Simulink-PS\nConverter",
                "SID":"434",
                "Type":"LIBRARY_BLOCK"
            },
            {
                "Path":"$bdroot\/RoverMotionControl&Planning\/Rover \/Wheels\/SteeringBracketLB \/File Solid5",
                "Reference":"sm_lib\/Body Elements\/File Solid",
                "SID":"436",
                "Type":"LIBRARY_BLOCK"
            },
            {
                "Path":"$bdroot\/RoverMotionControl&Planning\/Rover \/Wheels\/SteeringBracketLB \/Reference Frame",
                "Reference":"sm_lib\/Frames and\nTransforms\/Reference\nFrame",
                "SID":"437",
                "Type":"LIBRARY_BLOCK"
            },
            {
                "Path":"$bdroot\/RoverMotionControl&Planning\/Rover \/Wheels\/SteeringBracketLB \/Rigid Transform",
                "Reference":"sm_lib\/Frames and\nTransforms\/Rigid\nTransform",
                "SID":"438",
                "Type":"LIBRARY_BLOCK"
            },
            {
                "Path":"$bdroot\/RoverMotionControl&Planning\/Rover \/Wheels\/SteeringBracketLB \/Rigid Transform1",
                "Reference":"sm_lib\/Frames and\nTransforms\/Rigid\nTransform",
                "SID":"439",
                "Type":"LIBRARY_BLOCK"
            },
            {
                "Path":"$bdroot\/RoverMotionControl&Planning\/Rover \/Wheels\/SteeringBracketLF\/File Solid5",
                "Reference":"sm_lib\/Body Elements\/File Solid",
                "SID":"443",
                "Type":"LIBRARY_BLOCK"
            },
            {
                "Path":"$bdroot\/RoverMotionControl&Planning\/Rover \/Wheels\/SteeringBracketLF\/Reference Frame",
                "Reference":"sm_lib\/Frames and\nTransforms\/Reference\nFrame",
                "SID":"444",
                "Type":"LIBRARY_BLOCK"
            },
            {
                "Path":"$bdroot\/RoverMotionControl&Planning\/Rover \/Wheels\/SteeringBracketLF\/Rigid Transform",
                "Reference":"sm_lib\/Frames and\nTransforms\/Rigid\nTransform",
                "SID":"445",
                "Type":"LIBRARY_BLOCK"
            },
            {
                "Path":"$bdroot\/RoverMotionControl&Planning\/Rover \/Wheels\/SteeringBracketLF\/Rigid Transform1",
                "Reference":"sm_lib\/Frames and\nTransforms\/Rigid\nTransform",
                "SID":"446",
                "Type":"LIBRARY_BLOCK"
            },
            {
                "Path":"$bdroot\/RoverMotionControl&Planning\/Rover \/Wheels\/SteeringBracketRB\/File Solid5",
                "Reference":"sm_lib\/Body Elements\/File Solid",
                "SID":"450",
                "Type":"LIBRARY_BLOCK"
            },
            {
                "Path":"$bdroot\/RoverMotionControl&Planning\/Rover \/Wheels\/SteeringBracketRB\/Reference Frame",
                "Reference":"sm_lib\/Frames and\nTransforms\/Reference\nFrame",
                "SID":"451",
                "Type":"LIBRARY_BLOCK"
            },
            {
                "Path":"$bdroot\/RoverMotionControl&Planning\/Rover \/Wheels\/SteeringBracketRB\/Rigid Transform",
                "Reference":"sm_lib\/Frames and\nTransforms\/Rigid\nTransform",
                "SID":"452",
                "Type":"LIBRARY_BLOCK"
            },
            {
                "Path":"$bdroot\/RoverMotionControl&Planning\/Rover \/Wheels\/SteeringBracketRB\/Rigid Transform1",
                "Reference":"sm_lib\/Frames and\nTransforms\/Rigid\nTransform",
                "SID":"453",
                "Type":"LIBRARY_BLOCK"
            },
            {
                "Path":"$bdroot\/RoverMotionControl&Planning\/Rover \/Wheels\/SteeringBracketRF\/File Solid5",
                "Reference":"sm_lib\/Body Elements\/File Solid",
                "SID":"457",
                "Type":"LIBRARY_BLOCK"
            },
            {
                "Path":"$bdroot\/RoverMotionControl&Planning\/Rover \/Wheels\/SteeringBracketRF\/Reference Frame",
                "Reference":"sm_lib\/Frames and\nTransforms\/Reference\nFrame",
                "SID":"458",
                "Type":"LIBRARY_BLOCK"
            },
            {
                "Path":"$bdroot\/RoverMotionControl&Planning\/Rover \/Wheels\/SteeringBracketRF\/Rigid Transform",
                "Reference":"sm_lib\/Frames and\nTransforms\/Rigid\nTransform",
                "SID":"459",
                "Type":"LIBRARY_BLOCK"
            },
            {
                "Path":"$bdroot\/RoverMotionControl&Planning\/Rover \/Wheels\/SteeringBracketRF\/Rigid Transform1",
                "Reference":"sm_lib\/Frames and\nTransforms\/Rigid\nTransform",
                "SID":"460",
                "Type":"LIBRARY_BLOCK"
            },
            {
                "Path":"$bdroot\/RoverMotionControl&Planning\/Rover Path Planning And Control\/Compare To Constant",
                "Reference":"simulink\/Logic and Bit\nOperations\/Compare\nTo Constant",
                "SID":"536",
                "Type":"LIBRARY_BLOCK"
            },
            {
                "Path":"$bdroot\/RoverMotionControl&Planning\/Rover Path Planning And Control\/Pure Pursuit Control",
                "Reference":"robotalgslib\/Pure Pursuit",
                "SID":"550",
                "Type":"LIBRARY_BLOCK"
            },
            {
                "Path":"$bdroot\/RoverMotionControl&Planning\/Rover Pose Sensing\/PS-Simulink Converter",
                "Reference":"nesl_utility\/PS-Simulink\nConverter",
                "SID":"596",
                "Type":"LIBRARY_BLOCK"
            },
            {
                "Path":"$bdroot\/RoverMotionControl&Planning\/Rover Pose Sensing\/PS-Simulink Converter1",
                "Reference":"nesl_utility\/PS-Simulink\nConverter",
                "SID":"597",
                "Type":"LIBRARY_BLOCK"
            },
            {
                "Path":"$bdroot\/RoverMotionControl&Planning\/Rover Pose Sensing\/PS-Simulink Converter2",
                "Reference":"nesl_utility\/PS-Simulink\nConverter",
                "SID":"598",
                "Type":"LIBRARY_BLOCK"
            },
            {
                "Path":"$bdroot\/RoverMotionControl&Planning\/Rover Pose Sensing\/PS-Simulink Converter3",
                "Reference":"nesl_utility\/PS-Simulink\nConverter",
                "SID":"599",
                "Type":"LIBRARY_BLOCK"
            },
            {
                "Path":"$bdroot\/RoverMotionControl&Planning\/Rover Pose Sensing\/PS-Simulink Converter4",
                "Reference":"nesl_utility\/PS-Simulink\nConverter",
                "SID":"600",
                "Type":"LIBRARY_BLOCK"
            },
            {
                "Path":"$bdroot\/RoverMotionControl&Planning\/Rover Pose Sensing\/PS-Simulink Converter5",
                "Reference":"nesl_utility\/PS-Simulink\nConverter",
                "SID":"601",
                "Type":"LIBRARY_BLOCK"
            },
            {
                "Path":"$bdroot\/RoverMotionControl&Planning\/Rover Pose Sensing\/PS-Simulink Converter7",
                "Reference":"nesl_utility\/PS-Simulink\nConverter",
                "SID":"602",
                "Type":"LIBRARY_BLOCK"
            },
            {
                "Path":"$bdroot\/RoverMotionControl&Planning\/Rover Pose Sensing\/Radians to Degrees",
                "Reference":"simulink_extras\/Transformations\/Radians\nto Degrees",
                "SID":"603",
                "Type":"LIBRARY_BLOCK"
            },
            {
                "Path":"$bdroot\/RoverMotionControl&Planning\/Rover Pose Sensing\/Transform Sensor",
                "Reference":"sm_lib\/Frames and\nTransforms\/Transform\nSensor",
                "SID":"604",
                "Type":"LIBRARY_BLOCK"
            },
            {
                "Path":"$bdroot\/RoverMotionControl&Planning\/Steering Controller\/PID Controller1",
                "Reference":"slpidlib\/PID Controller",
                "SID":"618",
                "Type":"LIBRARY_BLOCK"
            },
            {
                "Path":"$bdroot\/RoverMotionControl&Planning\/Wheel Speed Controller\/PID Controller3",
                "Reference":"slpidlib\/PID Controller",
                "SID":"629",
                "Type":"LIBRARY_BLOCK"
            },
            {
                "Path":"$bdroot\/RoverMotionControl&Planning\/World Frame1",
                "Reference":"sm_lib\/Frames and\nTransforms\/World Frame",
                "SID":"633",
                "Type":"LIBRARY_BLOCK"
            },
            {
                "Path":"$bdroot\/Solver Configuration",
                "Reference":"nesl_utility\/Solver\nConfiguration",
                "SID":"2",
                "Type":"LIBRARY_BLOCK"
            },
            {
                "Path":"$bdroot\/World Frame",
                "Reference":"sm_lib\/Frames and\nTransforms\/World Frame",
                "SID":"3",
                "Type":"LIBRARY_BLOCK"
            }
        ],
        "PreCompExecutionDomainType":"Unset",
        "SimulinkSubDomainType":"Simulink",
        "SolverName":"VariableStepAuto",
        "TestPointedSignals":[
            {
                "Decimation":2,
                "FullBlockPath":"$bdroot\/Manipulator Plant Model And Control\/End Effector Sense\/Mux1",
                "LogSignal":true,
                "MaxPoints":5000,
                "SignalName":"endEffPos"
            },
            {
                "Decimation":2,
                "FullBlockPath":"$bdroot\/Manipulator Plant Model And Control\/Sample Loc Sense\/Mux",
                "LogSignal":true,
                "MaxPoints":5000,
                "SignalName":"SampleLoc"
            },
            {
                "Decimation":2,
                "FullBlockPath":"$bdroot\/RoverMotionControl&Planning\/Rover Pose Sensing\/PS-Simulink Converter1",
                "LogSignal":true,
                "MaxPoints":5000,
                "SignalName":"RoverPosY"
            },
            {
                "Decimation":2,
                "FullBlockPath":"$bdroot\/RoverMotionControl&Planning\/Rover Pose Sensing\/PS-Simulink Converter5",
                "LogSignal":true,
                "MaxPoints":5000,
                "SignalName":"RoverPosX"
            }
        ]
    }
}