<?xml version="1.0" encoding="UTF-8"?>
<sltp_editor version="1.1" packageUris="http://schema.mathworks.com/mf0/DiagramEditor/R2019a_20181107 http://schema.mathworks.com/mf0/SltpSyntax/R2024b_202402211148">
  <diagram.editor.model.Diagram type="diagram.editor.model.Diagram" uuid="b3c7b304-2926-469e-9c11-3f7a0edf7554">
    <entities type="diagram.editor.model.Entity" uuid="dcef6e3f-b7ec-4e06-ba21-da8f096c3e2a">
      <position>0,0</position>
      <size>0,0,0,0</size>
      <syntaxElement type="sltp.mm.syntax.Node" uuid="06b3df56-4b1c-4482-9fad-2c9eb2196b64"/>
      <title>Cont</title>
      <type>base</type>
      <subDiagram type="diagram.editor.model.Diagram" uuid="4b449021-c8d1-4fb2-b02e-37902f6ca3b8">
        <position>0,0</position>
        <syntaxElement type="sltp.mm.syntax.Graph" uuid="f3b953a1-e105-46eb-8aff-7c386c25e9c3"/>
        <title>Cont</title>
        <type>graph.Graph</type>
      </subDiagram>
    </entities>
    <syntaxElement type="sltp.mm.syntax.Graph" uuid="fc6f331c-eb24-479b-a05f-fff5c23e31de"/>
    <title>Default</title>
    <type>graph.Graph</type>
  </diagram.editor.model.Diagram>
  <sltp.mm.syntax.Context type="sltp.mm.syntax.Context" uuid="e6f3e6df-2498-4581-9d1c-5d252d840e5a">
    <rootGraph type="sltp.mm.syntax.Graph" uuid="fc6f331c-eb24-479b-a05f-fff5c23e31de">
      <children type="sltp.mm.syntax.Node" uuid="06b3df56-4b1c-4482-9fad-2c9eb2196b64">
        <priority>40</priority>
        <rates type="sltp.mm.syntax.RateData">
          <color>#000000</color>
          <hasBlocks>true</hasBlocks>
          <rate>0</rate>
          <title>Cont</title>
        </rates>
        <rates type="sltp.mm.syntax.RateData">
          <color>#7d7d7d</color>
          <hasBlocks>true</hasBlocks>
          <rate>[0, 1]</rate>
          <title>FiM</title>
        </rates>
        <rates type="sltp.mm.syntax.RateData">
          <color>#ff453a</color>
          <hasBlocks>true</hasBlocks>
          <rate>0.8</rate>
          <title>D1</title>
        </rates>
        <title>Cont</title>
        <type>base</type>
        <diagramElement type="diagram.editor.model.Entity" uuid="dcef6e3f-b7ec-4e06-ba21-da8f096c3e2a"/>
        <subgraph type="sltp.mm.syntax.Graph" uuid="f3b953a1-e105-46eb-8aff-7c386c25e9c3">
          <title>Cont</title>
          <diagramElement type="diagram.editor.model.Diagram" uuid="4b449021-c8d1-4fb2-b02e-37902f6ca3b8"/>
        </subgraph>
      </children>
      <title>Default</title>
      <diagramElement type="diagram.editor.model.Diagram" uuid="b3c7b304-2926-469e-9c11-3f7a0edf7554"/>
    </rootGraph>
  </sltp.mm.syntax.Context>
</sltp_editor>