<?xml version="1.0" encoding="UTF-8"?>
<sltp_graph version="1.1" packageUris="http://schema.mathworks.com/mf0/sltp_mm/R2024b_202402211119">
  <sltp.mm.core.Context type="sltp.mm.core.Context" uuid="35246b85-bee0-494a-9f1d-5d037aec06c4">
    <priorityDirection>HighNumberLast</priorityDirection>
    <defaultEventBehavior type="sltp.mm.core.EventBehavior" uuid="1675964c-a080-4024-85fe-cf6eb15cb111"/>
    <editorState type="sltp.mm.core.EditorState" uuid="a6859478-e108-49db-b206-f989c2cc1ae0">
      <isSynchronized>true</isSynchronized>
      <panelState type="sltp.mm.core.EditorPanelState" uuid="6fa33dda-4b9c-46c4-99b4-731d2b38cd15"/>
    </editorState>
    <rootTask type="sltp.mm.core.Task" uuid="ae3cfc7c-a2c2-4411-bf9b-72f4d9a0dd72">
      <context type="sltp.mm.core.Context" uuid="35246b85-bee0-494a-9f1d-5d037aec06c4"/>
      <explicit>false</explicit>
      <name>Default</name>
      <priority>-2147483648</priority>
      <subgraph type="sltp.mm.core.Graph" uuid="127c1bdf-2c27-435e-952f-8ea4fdc4ac0b">
        <tasks type="sltp.mm.core.Task" uuid="ee1a63dd-e35e-4596-9891-4e351d92ebf3">
          <baseTask>true</baseTask>
          <context type="sltp.mm.core.Context" uuid="35246b85-bee0-494a-9f1d-5d037aec06c4"/>
          <explicit>false</explicit>
          <id>1</id>
          <isTimed>true</isTimed>
          <name>Cont</name>
          <priority>40</priority>
          <rates type="sltp.mm.core.Rate" uuid="e2ebcbe9-397e-4232-91bb-8ac06c58ae5d">
            <annotation>Cont</annotation>
            <color>255</color>
            <hasBlocks>true</hasBlocks>
            <identifier>Continuous00</identifier>
            <rateIndex>0</rateIndex>
            <rateSpec type="sltp.mm.core.RateSpec">
              <period>0.0</period>
            </rateSpec>
            <sti>0</sti>
          </rates>
          <rates type="sltp.mm.core.Rate" uuid="51cff5ac-0102-4edd-a7a2-d0725ed772c2">
            <annotation>FiM</annotation>
            <color>2105376255</color>
            <hasBlocks>true</hasBlocks>
            <rateIndex>1</rateIndex>
            <rateSpec type="sltp.mm.core.RateSpec">
              <offset>1.0</offset>
              <period>0.0</period>
            </rateSpec>
            <sti>1</sti>
          </rates>
          <rates type="sltp.mm.core.Rate" uuid="2f7480c0-891d-48a9-8932-184dd59387fa">
            <annotation>D1</annotation>
            <color>-12240129</color>
            <hasBlocks>true</hasBlocks>
            <rateIndex>2</rateIndex>
            <rateSpec type="sltp.mm.core.RateSpec">
              <period>.8</period>
            </rateSpec>
            <sti>2</sti>
          </rates>
        </tasks>
      </subgraph>
    </rootTask>
  </sltp.mm.core.Context>
</sltp_graph>