<?xml version="1.0" encoding="utf-8"?>
<System>
  <P Name="Location">[-8, -8, 1928, 1048]</P>
  <Block BlockType="Inport" Name="Enable" SID="570">
    <P Name="Position">[205, 98, 235, 112]</P>
    <P Name="ZOrder">100000</P>
  </Block>
  <Block BlockType="Clock" Name="Clock" SID="571">
    <P Name="Position">[360, 215, 380, 235]</P>
    <P Name="ZOrder">100000</P>
  </Block>
  <Block BlockType="Constant" Name="Constant2" SID="572">
    <P Name="Position">[175, 170, 205, 200]</P>
    <P Name="ZOrder">100000</P>
  </Block>
  <Block BlockType="Display" Name="Display" SID="573">
    <PortCounts in="1"/>
    <P Name="Position">[660, 250, 750, 280]</P>
    <P Name="ZOrder">100000</P>
    <P Name="Decimation">1</P>
  </Block>
  <Block BlockType="SubSystem" Name="Enabled&#xA;Subsystem1" SID="574">
    <PortCounts in="1" out="1" enable="1"/>
    <P Name="Position">[245, 164, 345, 206]</P>
    <P Name="ZOrder">100000</P>
    <P Name="TreatAsAtomicUnit">on</P>
    <P Name="MinAlgLoopOccurrences">on</P>
    <P Name="ContentPreviewEnabled">on</P>
    <System Ref="system_574"/>
  </Block>
  <Block BlockType="Switch" Name="Switch" SID="578">
    <P Name="Position">[405, 165, 455, 205]</P>
    <P Name="ZOrder">100000</P>
    <P Name="Criteria">u2 &gt; Threshold</P>
    <P Name="InputSameDT">off</P>
    <P Name="SaturateOnIntegerOverflow">off</P>
  </Block>
  <Block BlockType="UnitDelay" Name="Unit Delay" SID="579">
    <P Name="Position">[490, 168, 525, 202]</P>
    <P Name="ZOrder">100000</P>
    <P Name="SampleTime">-1</P>
    <P Name="HasFrameUpgradeWarning">on</P>
  </Block>
  <Block BlockType="Outport" Name="DeAccelTime" SID="580">
    <P Name="Position">[645, 178, 675, 192]</P>
    <P Name="ZOrder">100000</P>
  </Block>
  <Line>
    <P Name="ZOrder">1</P>
    <P Name="Src">574#out:1</P>
    <P Name="Dst">578#in:2</P>
  </Line>
  <Line>
    <P Name="ZOrder">2</P>
    <P Name="Src">570#out:1</P>
    <P Name="Points">[55, 0]</P>
    <P Name="Dst">574#enable</P>
  </Line>
  <Line>
    <P Name="ZOrder">3</P>
    <P Name="Src">578#out:1</P>
    <P Name="Dst">579#in:1</P>
  </Line>
  <Line>
    <P Name="ZOrder">4</P>
    <P Name="Src">579#out:1</P>
    <P Name="Points">[30, 0]</P>
    <Branch>
      <P Name="ZOrder">5</P>
      <P Name="Points">[35, 0]</P>
      <Branch>
        <P Name="ZOrder">6</P>
        <P Name="Points">[0, 80]</P>
        <P Name="Dst">573#in:1</P>
      </Branch>
      <Branch>
        <P Name="ZOrder">7</P>
        <P Name="Dst">580#in:1</P>
      </Branch>
    </Branch>
    <Branch>
      <P Name="ZOrder">8</P>
      <P Name="Points">[0, -32; -177, 0; 0, 17]</P>
      <P Name="Dst">578#in:1</P>
    </Branch>
  </Line>
  <Line>
    <P Name="ZOrder">9</P>
    <P Name="Src">571#out:1</P>
    <P Name="Points">[5, 0]</P>
    <P Name="Dst">578#in:3</P>
  </Line>
  <Line>
    <P Name="ZOrder">10</P>
    <P Name="Src">572#out:1</P>
    <P Name="Dst">574#in:1</P>
  </Line>
</System>
