<?xml version="1.0" encoding="utf-8"?>
<System>
  <P Name="Location">[15, 25, 995, 738]</P>
  <Block BlockType="Inport" Name="SampleLocation" SID="1356">
    <P Name="Position">[-220, 283, -190, 297]</P>
    <P Name="ZOrder">100000</P>
    <PortProperties>
      <Port Type="out" Index="1">
        <P Name="PropagatedSignals">SampleLoc</P>
      </Port>
    </PortProperties>
  </Block>
  <Block BlockType="Inport" Name="ActJointAngles" SID="1357">
    <P Name="Position">[-60, 203, -30, 217]</P>
    <P Name="ZOrder">100000</P>
    <P Name="Port">2</P>
    <PortProperties>
      <Port Type="out" Index="1">
        <P Name="PropagatedSignals">y</P>
      </Port>
    </PortProperties>
  </Block>
  <Block BlockType="Constant" Name="Constant" SID="1358">
    <P Name="Position">[360, 234, 395, 266]</P>
    <P Name="ZOrder">100000</P>
    <P Name="Value">[-2.2294 -125.2918   50.0575 -175.3493  177.7706  180.0000]</P>
  </Block>
  <Block BlockType="Delay" Name="Delay" SID="1359">
    <PortCounts in="1" out="1"/>
    <P Name="Position">[275, 145, 295, 165]</P>
    <P Name="ZOrder">100000</P>
    <P Name="InputPortMap">u0</P>
  </Block>
  <Block BlockType="From" Name="From" SID="1360">
    <P Name="Position">[-220, 198, -145, 222]</P>
    <P Name="ZOrder">100000</P>
    <P Name="GotoTag">RoverAtGoal</P>
    <P Name="TagVisibility">global</P>
  </Block>
  <Block BlockType="From" Name="From1" SID="1361">
    <P Name="Position">[-115, 328, -5, 352]</P>
    <P Name="ZOrder">100000</P>
    <P Name="GotoTag">samplePickedSense</P>
    <P Name="TagVisibility">global</P>
  </Block>
  <Block BlockType="From" Name="From2" SID="1362">
    <P Name="Position">[-115, 393, -5, 417]</P>
    <P Name="ZOrder">100000</P>
    <P Name="GotoTag">sampleStoredSense</P>
    <P Name="TagVisibility">global</P>
  </Block>
  <Block BlockType="Goto" Name="Goto" SID="1363">
    <P Name="Position">[440, 144, 510, 166]</P>
    <P Name="ZOrder">100000</P>
    <P Name="GotoTag">ArmEnable</P>
    <P Name="TagVisibility">global</P>
  </Block>
  <Block BlockType="Goto" Name="Goto1" SID="1364">
    <P Name="Position">[415, 295, 510, 325]</P>
    <P Name="ZOrder">100000</P>
    <P Name="GotoTag">SamplePickFlag</P>
    <P Name="TagVisibility">global</P>
  </Block>
  <Block BlockType="Goto" Name="Goto2" SID="1365">
    <P Name="Position">[435, 355, 530, 385]</P>
    <P Name="ZOrder">100000</P>
    <P Name="GotoTag">SampleDropOffFlag</P>
    <P Name="TagVisibility">global</P>
  </Block>
  <Block BlockType="SubSystem" Name="Planner Subsystem" SID="1366">
    <PortCounts in="4" out="4" enable="1"/>
    <P Name="Position">[25, 173, 310, 442]</P>
    <P Name="ZOrder">100000</P>
    <P Name="ContentPreviewEnabled">on</P>
    <Mask>
      <Display RunInitForIconRedraw="off"/>
    </Mask>
    <PortProperties>
      <Port Type="out" Index="2">
        <P Name="PropagatedSignals">samplePickCmd</P>
      </Port>
      <Port Type="out" Index="3">
        <P Name="PropagatedSignals">sampleDropCmd</P>
      </Port>
      <Port Type="out" Index="4">
        <P Name="PropagatedSignals">stop</P>
      </Port>
    </PortProperties>
    <System Ref="system_1366"/>
  </Block>
  <Block BlockType="SubSystem" Name="SampleDropOffCmdLogic" SID="1390">
    <PortCounts in="1" out="1"/>
    <P Name="Position">[355, 354, 385, 386]</P>
    <P Name="ZOrder">100000</P>
    <P Name="ShowName">off</P>
    <P Name="ContentPreviewEnabled">on</P>
    <Mask>
      <Display RunInitForIconRedraw="off"/>
    </Mask>
    <System Ref="system_1390"/>
  </Block>
  <Block BlockType="SubSystem" Name="SampleLoc wrt arm base" SID="1401">
    <PortCounts in="2" out="1"/>
    <P Name="Position">[-90, 252, -5, 303]</P>
    <P Name="ZOrder">100000</P>
    <P Name="ContentPreviewEnabled">on</P>
    <Mask>
      <Display RunInitForIconRedraw="off"/>
    </Mask>
    <System Ref="system_1401"/>
  </Block>
  <Block BlockType="SubSystem" Name="SamplePickUpCmdLogic" SID="1414">
    <PortCounts in="1" out="1"/>
    <P Name="Position">[350, 297, 385, 323]</P>
    <P Name="ZOrder">100000</P>
    <P Name="ShowName">off</P>
    <P Name="ContentPreviewEnabled">on</P>
    <Mask>
      <Display RunInitForIconRedraw="off"/>
    </Mask>
    <System Ref="system_1414"/>
  </Block>
  <Block BlockType="Stop" Name="Stop Simulation" SID="1425">
    <P Name="Position">[355, 407, 390, 443]</P>
    <P Name="ZOrder">100000</P>
    <P Name="HideAutomaticName">off</P>
  </Block>
  <Block BlockType="Switch" Name="Switch" SID="1426">
    <P Name="Position">[440, 215, 490, 255]</P>
    <P Name="ZOrder">100000</P>
    <P Name="Criteria">u2 &gt; Threshold</P>
    <P Name="InputSameDT">off</P>
    <P Name="SaturateOnIntegerOverflow">off</P>
  </Block>
  <Block BlockType="Outport" Name="DesiredJointAngles" SID="1427">
    <P Name="Position">[535, 228, 565, 242]</P>
    <P Name="ZOrder">100000</P>
  </Block>
  <Line>
    <P Name="ZOrder">1</P>
    <P Name="Src">1360#out:1</P>
    <P Name="Points">[11, 0]</P>
    <Branch>
      <P Name="ZOrder">2</P>
      <P Name="Points">[0, -55; 294, 0]</P>
      <Branch>
        <P Name="ZOrder">3</P>
        <P Name="Dst">1366#enable</P>
      </Branch>
      <Branch>
        <P Name="ZOrder">4</P>
        <P Name="Dst">1359#in:1</P>
      </Branch>
    </Branch>
    <Branch>
      <P Name="ZOrder">5</P>
      <P Name="Points">[0, 55]</P>
      <P Name="Dst">1401#in:1</P>
    </Branch>
  </Line>
  <Line>
    <P Name="ZOrder">6</P>
    <P Name="Src">1426#out:1</P>
    <P Name="Dst">1427#in:1</P>
  </Line>
  <Line>
    <P Name="ZOrder">7</P>
    <P Name="Src">1358#out:1</P>
    <P Name="Dst">1426#in:3</P>
  </Line>
  <Line>
    <P Name="ZOrder">8</P>
    <P Name="Src">1390#out:1</P>
    <P Name="Dst">1365#in:1</P>
  </Line>
  <Line>
    <P Name="ZOrder">9</P>
    <P Name="Src">1414#out:1</P>
    <P Name="Dst">1364#in:1</P>
  </Line>
  <Line>
    <P Name="ZOrder">10</P>
    <P Name="Src">1359#out:1</P>
    <P Name="Points">[110, 0]</P>
    <Branch>
      <P Name="ZOrder">11</P>
      <P Name="Dst">1363#in:1</P>
    </Branch>
    <Branch>
      <P Name="ZOrder">12</P>
      <P Name="Points">[0, 80]</P>
      <P Name="Dst">1426#in:2</P>
    </Branch>
  </Line>
  <Line>
    <P Name="ZOrder">13</P>
    <P Name="Src">1357#out:1</P>
    <P Name="Dst">1366#in:1</P>
  </Line>
  <Line>
    <P Name="ZOrder">14</P>
    <P Name="Src">1401#out:1</P>
    <P Name="Points">[10, 0]</P>
    <P Name="Dst">1366#in:2</P>
  </Line>
  <Line>
    <P Name="ZOrder">15</P>
    <P Name="Src">1366#out:2</P>
    <P Name="Points">[13, 0; 0, 35]</P>
    <P Name="Dst">1414#in:1</P>
  </Line>
  <Line>
    <P Name="ZOrder">16</P>
    <P Name="Src">1366#out:3</P>
    <P Name="Points">[7, 0; 0, 30]</P>
    <P Name="Dst">1390#in:1</P>
  </Line>
  <Line>
    <P Name="ZOrder">17</P>
    <P Name="Src">1361#out:1</P>
    <P Name="Dst">1366#in:3</P>
  </Line>
  <Line>
    <P Name="ZOrder">18</P>
    <P Name="Src">1362#out:1</P>
    <P Name="Dst">1366#in:4</P>
  </Line>
  <Line>
    <P Name="ZOrder">19</P>
    <P Name="Src">1366#out:1</P>
    <P Name="Points">[45, 0; 0, 10]</P>
    <P Name="Dst">1426#in:1</P>
  </Line>
  <Line>
    <P Name="ZOrder">20</P>
    <P Name="Src">1356#out:1</P>
    <P Name="Dst">1401#in:2</P>
  </Line>
  <Line>
    <P Name="ZOrder">21</P>
    <P Name="Src">1366#out:4</P>
    <P Name="Points">[18, 0; 0, 20]</P>
    <P Name="Dst">1425#in:1</P>
  </Line>
</System>
