<?xml version="1.0" encoding="utf-8"?>
<System>
  <P Name="Location">[776, 97, 1782, 967]</P>
  <P Name="ZoomFactor">66</P>
  <Block BlockType="Inport" Name="In1" SID="958">
    <P Name="Position">[-20, 258, 10, 272]</P>
    <P Name="ZOrder">100000</P>
  </Block>
  <Block BlockType="Selector" Name="Select" SID="959">
    <PortCounts in="1" out="1"/>
    <P Name="Position">[90, 21, 120, 39]</P>
    <P Name="ZOrder">100000</P>
    <P Name="InputPortWidth">6</P>
    <P Name="IndexOptions">Index vector (dialog)</P>
    <P Name="Indices">1</P>
    <P Name="OutputSizes">1</P>
  </Block>
  <Block BlockType="Selector" Name="Select10" SID="960">
    <PortCounts in="1" out="1"/>
    <P Name="Position">[90, 411, 120, 429]</P>
    <P Name="ZOrder">100000</P>
    <P Name="InputPortWidth">6</P>
    <P Name="IndexOptions">Index vector (dialog)</P>
    <P Name="Indices">6</P>
    <P Name="OutputSizes">1</P>
  </Block>
  <Block BlockType="Selector" Name="Select2" SID="961">
    <PortCounts in="1" out="1"/>
    <P Name="Position">[90, 96, 120, 114]</P>
    <P Name="ZOrder">100000</P>
    <P Name="InputPortWidth">6</P>
    <P Name="IndexOptions">Index vector (dialog)</P>
    <P Name="Indices">2</P>
    <P Name="OutputSizes">1</P>
  </Block>
  <Block BlockType="Selector" Name="Select4" SID="962">
    <PortCounts in="1" out="1"/>
    <P Name="Position">[90, 171, 120, 189]</P>
    <P Name="ZOrder">100000</P>
    <P Name="InputPortWidth">6</P>
    <P Name="IndexOptions">Index vector (dialog)</P>
    <P Name="Indices">3</P>
    <P Name="OutputSizes">1</P>
  </Block>
  <Block BlockType="Selector" Name="Select6" SID="963">
    <PortCounts in="1" out="1"/>
    <P Name="Position">[90, 256, 120, 274]</P>
    <P Name="ZOrder">100000</P>
    <P Name="InputPortWidth">6</P>
    <P Name="IndexOptions">Index vector (dialog)</P>
    <P Name="Indices">4</P>
    <P Name="OutputSizes">1</P>
  </Block>
  <Block BlockType="Selector" Name="Select8" SID="964">
    <PortCounts in="1" out="1"/>
    <P Name="Position">[90, 331, 120, 349]</P>
    <P Name="ZOrder">100000</P>
    <P Name="InputPortWidth">6</P>
    <P Name="IndexOptions">Index vector (dialog)</P>
    <P Name="Indices">5</P>
    <P Name="OutputSizes">1</P>
  </Block>
  <Block BlockType="TransferFcn" Name="Transfer Fcn1" SID="965">
    <P Name="Position">[140, 329, 175, 351]</P>
    <P Name="ZOrder">100000</P>
    <P Name="Denominator">[0.1 1]</P>
  </Block>
  <Block BlockType="TransferFcn" Name="Transfer Fcn2" SID="966">
    <P Name="Position">[140, 254, 175, 276]</P>
    <P Name="ZOrder">100000</P>
    <P Name="Denominator">[0.1 1]</P>
  </Block>
  <Block BlockType="TransferFcn" Name="Transfer Fcn3" SID="967">
    <P Name="Position">[140, 169, 175, 191]</P>
    <P Name="ZOrder">100000</P>
    <P Name="Denominator">[0.1 1]</P>
  </Block>
  <Block BlockType="TransferFcn" Name="Transfer Fcn4" SID="968">
    <P Name="Position">[140, 94, 175, 116]</P>
    <P Name="ZOrder">100000</P>
    <P Name="Denominator">[0.1 1]</P>
  </Block>
  <Block BlockType="TransferFcn" Name="Transfer Fcn5" SID="969">
    <P Name="Position">[140, 409, 175, 431]</P>
    <P Name="ZOrder">100000</P>
    <P Name="Denominator">[0.1 1]</P>
  </Block>
  <Block BlockType="TransferFcn" Name="Transfer Fcn6" SID="970">
    <P Name="Position">[140, 19, 175, 41]</P>
    <P Name="ZOrder">100000</P>
    <P Name="Denominator">[0.1 1]</P>
  </Block>
  <Block BlockType="Outport" Name="Out1" SID="971">
    <P Name="Position">[200, 23, 230, 37]</P>
    <P Name="ZOrder">100000</P>
  </Block>
  <Block BlockType="Outport" Name="Out2" SID="972">
    <P Name="Position">[200, 98, 230, 112]</P>
    <P Name="ZOrder">100000</P>
    <P Name="Port">2</P>
  </Block>
  <Block BlockType="Outport" Name="Out3" SID="973">
    <P Name="Position">[200, 173, 230, 187]</P>
    <P Name="ZOrder">100000</P>
    <P Name="Port">3</P>
  </Block>
  <Block BlockType="Outport" Name="Out5" SID="974">
    <P Name="Position">[200, 258, 230, 272]</P>
    <P Name="ZOrder">100000</P>
    <P Name="Port">4</P>
  </Block>
  <Block BlockType="Outport" Name="Out4" SID="975">
    <P Name="Position">[200, 333, 230, 347]</P>
    <P Name="ZOrder">100000</P>
    <P Name="Port">5</P>
  </Block>
  <Block BlockType="Outport" Name="Out6" SID="976">
    <P Name="Position">[200, 413, 230, 427]</P>
    <P Name="ZOrder">100000</P>
    <P Name="Port">6</P>
  </Block>
  <Line>
    <P Name="ZOrder">1</P>
    <P Name="Src">960#out:1</P>
    <P Name="Dst">969#in:1</P>
  </Line>
  <Line>
    <P Name="ZOrder">2</P>
    <P Name="Src">964#out:1</P>
    <P Name="Dst">965#in:1</P>
  </Line>
  <Line>
    <P Name="ZOrder">3</P>
    <P Name="Src">963#out:1</P>
    <P Name="Dst">966#in:1</P>
  </Line>
  <Line>
    <P Name="ZOrder">4</P>
    <P Name="Src">962#out:1</P>
    <P Name="Dst">967#in:1</P>
  </Line>
  <Line>
    <P Name="ZOrder">5</P>
    <P Name="Src">961#out:1</P>
    <P Name="Dst">968#in:1</P>
  </Line>
  <Line>
    <P Name="ZOrder">6</P>
    <P Name="Src">959#out:1</P>
    <P Name="Dst">970#in:1</P>
  </Line>
  <Line>
    <P Name="ZOrder">7</P>
    <P Name="Src">958#out:1</P>
    <P Name="Points">[59, 0]</P>
    <Branch>
      <P Name="ZOrder">8</P>
      <P Name="Points">[0, 75]</P>
      <Branch>
        <P Name="ZOrder">9</P>
        <P Name="Points">[0, 80]</P>
        <P Name="Dst">960#in:1</P>
      </Branch>
      <Branch>
        <P Name="ZOrder">10</P>
        <P Name="Dst">964#in:1</P>
      </Branch>
    </Branch>
    <Branch>
      <P Name="ZOrder">11</P>
      <P Name="Dst">963#in:1</P>
    </Branch>
    <Branch>
      <P Name="ZOrder">12</P>
      <P Name="Points">[0, -85]</P>
      <Branch>
        <P Name="ZOrder">13</P>
        <P Name="Dst">962#in:1</P>
      </Branch>
      <Branch>
        <P Name="ZOrder">14</P>
        <P Name="Points">[0, -75]</P>
        <Branch>
          <P Name="ZOrder">15</P>
          <P Name="Dst">961#in:1</P>
        </Branch>
        <Branch>
          <P Name="ZOrder">16</P>
          <P Name="Points">[0, -75]</P>
          <P Name="Dst">959#in:1</P>
        </Branch>
      </Branch>
    </Branch>
  </Line>
  <Line>
    <P Name="ZOrder">17</P>
    <P Name="Src">970#out:1</P>
    <P Name="Dst">971#in:1</P>
  </Line>
  <Line>
    <P Name="ZOrder">18</P>
    <P Name="Src">968#out:1</P>
    <P Name="Dst">972#in:1</P>
  </Line>
  <Line>
    <P Name="ZOrder">19</P>
    <P Name="Src">967#out:1</P>
    <P Name="Dst">973#in:1</P>
  </Line>
  <Line>
    <P Name="ZOrder">20</P>
    <P Name="Src">966#out:1</P>
    <P Name="Dst">974#in:1</P>
  </Line>
  <Line>
    <P Name="ZOrder">21</P>
    <P Name="Src">965#out:1</P>
    <P Name="Dst">975#in:1</P>
  </Line>
  <Line>
    <P Name="ZOrder">22</P>
    <P Name="Src">969#out:1</P>
    <P Name="Dst">976#in:1</P>
  </Line>
</System>
