<?xml version="1.0" encoding="utf-8"?>
<System>
  <P Name="Location">[-1, -7, 1537, 817]</P>
  <Block BlockType="From" Name="From10" SID="925">
    <P Name="Position">[20, 23, 125, 57]</P>
    <P Name="ZOrder">100000</P>
    <P Name="GotoTag">DesiredJointAngles</P>
    <P Name="TagVisibility">global</P>
  </Block>
  <Block BlockType="From" Name="From11" SID="926">
    <P Name="Position">[20, 83, 115, 117]</P>
    <P Name="ZOrder">100000</P>
    <P Name="GotoTag">ActJointAngles</P>
    <P Name="TagVisibility">global</P>
    <PortProperties>
      <Port Type="out" Index="1">
        <P Name="PropagatedSignals">y</P>
      </Port>
    </PortProperties>
  </Block>
  <Block BlockType="From" Name="From12" SID="927">
    <P Name="Position">[300, 48, 405, 82]</P>
    <P Name="ZOrder">100000</P>
    <P Name="GotoTag">JointActuatorTrqs</P>
    <P Name="TagVisibility">global</P>
  </Block>
  <Block BlockType="Scope" Name="ManipulatorJointActuatorTrqs" SID="928">
    <PortCounts in="6"/>
    <P Name="Position">[510, 39, 555, 91]</P>
    <P Name="ZOrder">100000</P>
    <P Name="ScopeSpecificationString">Simulink.scopes.TimeScopeBlockCfg(&apos;CurrentConfiguration&apos;, extmgr.ConfigurationSet(extmgr.Configuration(&apos;Core&apos;,&apos;General UI&apos;,true),extmgr.Configuration(&apos;Core&apos;,&apos;Source UI&apos;,true),extmgr.Configuration(&apos;Sources&apos;,&apos;WiredSimulink&apos;,true,&apos;DataLoggingVariableName&apos;,&apos;ScopeData2&apos;),extmgr.Configuration(&apos;Visuals&apos;,&apos;Time Domain&apos;,true,&apos;SerializedDisplays&apos;,{struct(&apos;MinYLimReal&apos;,&apos;-20.41831&apos;,&apos;MaxYLimReal&apos;,&apos;56.70078&apos;,&apos;YLabelReal&apos;,&apos;Torque (N*m)&apos;,&apos;MinYLimMag&apos;,&apos;0.00000&apos;,&apos;MaxYLimMag&apos;,&apos;56.70078&apos;,&apos;LegendVisibility&apos;,&apos;Off&apos;,&apos;XGrid&apos;,true,&apos;YGrid&apos;,true,&apos;PlotMagPhase&apos;,false,&apos;AxesColor&apos;,[0 0 0],&apos;AxesTickColor&apos;,[0.686274509803922 0.686274509803922 0.686274509803922],&apos;ColorOrder&apos;,[1 1 0.0666666666666667;0.0745098039215686 0.623529411764706 1;1 0.411764705882353 0.16078431372549;0.392156862745098 0.831372549019608 0.0745098039215686;0.717647058823529 0.274509803921569 1;0.0588235294117647 1 1;1 0.0745098039215686 0.650980392156863],&apos;Title&apos;,&apos;Joint 1&apos;,&apos;LinePropertiesCache&apos;,{{struct(&apos;Visible&apos;,&apos;on&apos;),struct(&apos;Visible&apos;,&apos;on&apos;)}},&apos;UserDefinedChannelNames&apos;,{{&apos;Des&apos;,&apos;Act&apos;}},&apos;NumLines&apos;,1,&apos;LineNames&apos;,{{&apos;Des&apos;}},&apos;ShowContent&apos;,true,&apos;Placement&apos;,1),struct(&apos;MinYLimReal&apos;,&apos;-47.48829&apos;,&apos;MaxYLimReal&apos;,&apos;186.10617&apos;,&apos;YLabelReal&apos;,&apos;Torque (N*m)&apos;,&apos;MinYLimMag&apos;,&apos;0.00000&apos;,&apos;MaxYLimMag&apos;,&apos;2.9278&apos;,&apos;LegendVisibility&apos;,&apos;Off&apos;,&apos;XGrid&apos;,true,&apos;YGrid&apos;,true,&apos;PlotMagPhase&apos;,false,&apos;AxesColor&apos;,[0 0 0],&apos;AxesTickColor&apos;,[0.686274509803922 0.686274509803922 0.686274509803922],&apos;ColorOrder&apos;,[1 1 0.0666666666666667;0.0745098039215686 0.623529411764706 1;1 0.411764705882353 0.16078431372549;0.392156862745098 0.831372549019608 0.0745098039215686;0.717647058823529 0.274509803921569 1;0.0588235294117647 1 1;1 0.0745098039215686 0.650980392156863],&apos;Title&apos;,&apos;Joint 2&apos;,&apos;LinePropertiesCache&apos;,{{struct(&apos;Visible&apos;,&apos;on&apos;),struct(&apos;Visible&apos;,&apos;on&apos;)}},&apos;UserDefinedChannelNames&apos;,{{&apos;Des&apos;,&apos;Act&apos;}},&apos;NumLines&apos;,1,&apos;LineNames&apos;,{{&apos;Des&apos;}},&apos;ShowContent&apos;,true,&apos;Placement&apos;,2),struct(&apos;MinYLimReal&apos;,&apos;-89.8874&apos;,&apos;MaxYLimReal&apos;,&apos;95.82299&apos;,&apos;YLabelReal&apos;,&apos;Torque (N*m)&apos;,&apos;MinYLimMag&apos;,&apos;0.00000&apos;,&apos;MaxYLimMag&apos;,&apos;2.9278&apos;,&apos;LegendVisibility&apos;,&apos;Off&apos;,&apos;XGrid&apos;,true,&apos;YGrid&apos;,true,&apos;PlotMagPhase&apos;,false,&apos;AxesColor&apos;,[0 0 0],&apos;AxesTickColor&apos;,[0.686274509803922 0.686274509803922 0.686274509803922],&apos;ColorOrder&apos;,[1 1 0.0666666666666667;0.0745098039215686 0.623529411764706 1;1 0.411764705882353 0.16078431372549;0.392156862745098 0.831372549019608 0.0745098039215686;0.717647058823529 0.274509803921569 1;0.0588235294117647 1 1;1 0.0745098039215686 0.650980392156863],&apos;Title&apos;,&apos;Joint 3&apos;,&apos;LinePropertiesCache&apos;,{{struct(&apos;Visible&apos;,&apos;on&apos;),struct(&apos;Visible&apos;,&apos;on&apos;)}},&apos;UserDefinedChannelNames&apos;,{{&apos;Des&apos;,&apos;Act&apos;}},&apos;NumLines&apos;,1,&apos;LineNames&apos;,{{&apos;Des&apos;}},&apos;ShowContent&apos;,true,&apos;Placement&apos;,3),struct(&apos;MinYLimReal&apos;,&apos;-52.41454&apos;,&apos;MaxYLimReal&apos;,&apos;47.01919&apos;,&apos;YLabelReal&apos;,&apos;Torque (N*m)&apos;,&apos;MinYLimMag&apos;,&apos;0.00000&apos;,&apos;MaxYLimMag&apos;,&apos;2.9278&apos;,&apos;LegendVisibility&apos;,&apos;Off&apos;,&apos;XGrid&apos;,true,&apos;YGrid&apos;,true,&apos;PlotMagPhase&apos;,false,&apos;AxesColor&apos;,[0 0 0],&apos;AxesTickColor&apos;,[0.686274509803922 0.686274509803922 0.686274509803922],&apos;ColorOrder&apos;,[1 1 0.0666666666666667;0.0745098039215686 0.623529411764706 1;1 0.411764705882353 0.16078431372549;0.392156862745098 0.831372549019608 0.0745098039215686;0.717647058823529 0.274509803921569 1;0.0588235294117647 1 1;1 0.0745098039215686 0.650980392156863],&apos;Title&apos;,&apos;Joint 4&apos;,&apos;LinePropertiesCache&apos;,{{struct(&apos;Visible&apos;,&apos;on&apos;),struct(&apos;Visible&apos;,&apos;on&apos;)}},&apos;UserDefinedChannelNames&apos;,{{&apos;Des&apos;,&apos;Act&apos;}},&apos;NumLines&apos;,1,&apos;LineNames&apos;,{{&apos;Des&apos;}},&apos;ShowContent&apos;,true,&apos;Placement&apos;,4),struct(&apos;MinYLimReal&apos;,&apos;-18.61175&apos;,&apos;MaxYLimReal&apos;,&apos;16.50764&apos;,&apos;YLabelReal&apos;,&apos;Torque (N*m)&apos;,&apos;MinYLimMag&apos;,&apos;0.00000&apos;,&apos;MaxYLimMag&apos;,&apos;2.63536&apos;,&apos;LegendVisibility&apos;,&apos;Off&apos;,&apos;XGrid&apos;,true,&apos;YGrid&apos;,true,&apos;PlotMagPhase&apos;,false,&apos;AxesColor&apos;,[0 0 0],&apos;AxesTickColor&apos;,[0.686274509803922 0.686274509803922 0.686274509803922],&apos;ColorOrder&apos;,[1 1 0.0666666666666667;0.0745098039215686 0.623529411764706 1;1 0.411764705882353 0.16078431372549;0.392156862745098 0.831372549019608 0.0745098039215686;0.717647058823529 0.274509803921569 1;0.0588235294117647 1 1;1 0.0745098039215686 0.650980392156863],&apos;Title&apos;,&apos;Joint 5&apos;,&apos;LinePropertiesCache&apos;,{{struct(&apos;Visible&apos;,&apos;on&apos;),struct(&apos;Visible&apos;,&apos;on&apos;)}},&apos;UserDefinedChannelNames&apos;,{{&apos;Des&apos;,&apos;Act&apos;}},&apos;NumLines&apos;,1,&apos;LineNames&apos;,{{&apos;Des&apos;}},&apos;ShowContent&apos;,true,&apos;Placement&apos;,5),struct(&apos;MinYLimReal&apos;,&apos;-32.31314&apos;,&apos;MaxYLimReal&apos;,&apos;18.79576&apos;,&apos;YLabelReal&apos;,&apos;Torque (N*m)&apos;,&apos;MinYLimMag&apos;,&apos;0.00000&apos;,&apos;MaxYLimMag&apos;,&apos;100.27861&apos;,&apos;LegendVisibility&apos;,&apos;Off&apos;,&apos;XGrid&apos;,true,&apos;YGrid&apos;,true,&apos;PlotMagPhase&apos;,false,&apos;AxesColor&apos;,[0 0 0],&apos;AxesTickColor&apos;,[0.686274509803922 0.686274509803922 0.686274509803922],&apos;ColorOrder&apos;,[1 1 0.0666666666666667;0.0745098039215686 0.623529411764706 1;1 0.411764705882353 0.16078431372549;0.392156862745098 0.831372549019608 0.0745098039215686;0.717647058823529 0.274509803921569 1;0.0588235294117647 1 1;1 0.0745098039215686 0.650980392156863],&apos;Title&apos;,&apos;Joint 6&apos;,&apos;LinePropertiesCache&apos;,{{struct(&apos;Color&apos;,[1 1 0],&apos;LineStyle&apos;,&apos;-&apos;,&apos;LineWidth&apos;,0.75,&apos;Marker&apos;,&apos;none&apos;,&apos;Visible&apos;,&apos;on&apos;),struct(&apos;Color&apos;,[0.2 0.6 1],&apos;LineStyle&apos;,&apos;-&apos;,&apos;LineWidth&apos;,0.75,&apos;Marker&apos;,&apos;none&apos;,&apos;Visible&apos;,&apos;on&apos;)}},&apos;UserDefinedChannelNames&apos;,{{&apos;Des&apos;,&apos;Act&apos;}},&apos;NumLines&apos;,1,&apos;LineNames&apos;,{{&apos;Des&apos;}},&apos;ShowContent&apos;,true,&apos;Placement&apos;,6)},&apos;ShowTimeAxisLabel&apos;,true,&apos;DisplayPropertyDefaults&apos;,struct(&apos;AxesColor&apos;,[0 0 0],&apos;AxesTickColor&apos;,[0.686274509803922 0.686274509803922 0.686274509803922],&apos;ColorOrder&apos;,[1 1 0.0666666666666667;0.0745098039215686 0.623529411764706 1;1 0.411764705882353 0.16078431372549;0.392156862745098 0.831372549019608 0.0745098039215686;0.717647058823529 0.274509803921569 1;0.0588235294117647 1 1;1 0.0745098039215686 0.650980392156863]),&apos;DisplayLayoutDimensions&apos;,[3 2],&apos;DisplayContentCache&apos;,[]),extmgr.Configuration(&apos;Tools&apos;,&apos;Plot Navigation&apos;,true,&apos;OnceAtStop&apos;,false,&apos;PreviousAutoscale&apos;,&apos;XY&apos;,&apos;AutoscaleXAnchor&apos;,&apos;Left&apos;,&apos;AutoscaleSecondaryAxes&apos;,true),extmgr.Configuration(&apos;Tools&apos;,&apos;Measurements&apos;,true,&apos;Version&apos;,&apos;2022a&apos;)),&apos;Version&apos;,&apos;2022b&apos;,&apos;Position&apos;,[3 202 1124 616])</P>
    <P Name="NumInputPorts">6</P>
    <P Name="Floating">off</P>
  </Block>
  <Block BlockType="Scope" Name="ManipulatorJointAngles" SID="929">
    <PortCounts in="6"/>
    <P Name="Position">[215, 37, 260, 93]</P>
    <P Name="ZOrder">100000</P>
    <P Name="ScopeSpecificationString">Simulink.scopes.TimeScopeBlockCfg(&apos;CurrentConfiguration&apos;, extmgr.ConfigurationSet(extmgr.Configuration(&apos;Core&apos;,&apos;General UI&apos;,true),extmgr.Configuration(&apos;Core&apos;,&apos;Source UI&apos;,true),extmgr.Configuration(&apos;Sources&apos;,&apos;WiredSimulink&apos;,true,&apos;DataLoggingVariableName&apos;,&apos;ScopeData1&apos;),extmgr.Configuration(&apos;Visuals&apos;,&apos;Time Domain&apos;,true,&apos;SerializedDisplays&apos;,{struct(&apos;MinYLimReal&apos;,&apos;-13.92364&apos;,&apos;MaxYLimReal&apos;,&apos;101.76381&apos;,&apos;YLabelReal&apos;,&apos;&apos;,&apos;MinYLimMag&apos;,&apos;0.00000&apos;,&apos;MaxYLimMag&apos;,&apos;101.83913&apos;,&apos;LegendVisibility&apos;,&apos;On&apos;,&apos;XGrid&apos;,true,&apos;YGrid&apos;,true,&apos;PlotMagPhase&apos;,false,&apos;AxesColor&apos;,[0 0 0],&apos;AxesTickColor&apos;,[0.686274509803922 0.686274509803922 0.686274509803922],&apos;ColorOrder&apos;,[1 1 0.0666666666666667;0.0745098039215686 0.623529411764706 1;1 0.411764705882353 0.16078431372549;0.392156862745098 0.831372549019608 0.0745098039215686;0.717647058823529 0.274509803921569 1;0.0588235294117647 1 1;1 0.0745098039215686 0.650980392156863],&apos;Title&apos;,&apos;Joint 1&apos;,&apos;LinePropertiesCache&apos;,{{struct(&apos;Color&apos;,[1 1 0.0666666666666667],&apos;LineStyle&apos;,&apos;--&apos;,&apos;LineWidth&apos;,2,&apos;Marker&apos;,&apos;none&apos;,&apos;Visible&apos;,&apos;on&apos;),struct(&apos;Color&apos;,[0.0745098039215686 0.623529411764706 1],&apos;LineStyle&apos;,&apos;-&apos;,&apos;LineWidth&apos;,1,&apos;Marker&apos;,&apos;none&apos;,&apos;Visible&apos;,&apos;on&apos;)}},&apos;UserDefinedChannelNames&apos;,{{&apos;Des&apos;,&apos;Act&apos;}},&apos;NumLines&apos;,2,&apos;LineNames&apos;,{{&apos;Des&apos;,&apos;Act&apos;}},&apos;ShowContent&apos;,true,&apos;Placement&apos;,1),struct(&apos;MinYLimReal&apos;,&apos;-238.95205&apos;,&apos;MaxYLimReal&apos;,&apos;-106.8451&apos;,&apos;YLabelReal&apos;,&apos;Joint Angle (deg)&apos;,&apos;MinYLimMag&apos;,&apos;0.00000&apos;,&apos;MaxYLimMag&apos;,&apos;2.9278&apos;,&apos;LegendVisibility&apos;,&apos;On&apos;,&apos;XGrid&apos;,true,&apos;YGrid&apos;,true,&apos;PlotMagPhase&apos;,false,&apos;AxesColor&apos;,[0 0 0],&apos;AxesTickColor&apos;,[0.686274509803922 0.686274509803922 0.686274509803922],&apos;ColorOrder&apos;,[1 1 0.0666666666666667;0.0745098039215686 0.623529411764706 1;1 0.411764705882353 0.16078431372549;0.392156862745098 0.831372549019608 0.0745098039215686;0.717647058823529 0.274509803921569 1;0.0588235294117647 1 1;1 0.0745098039215686 0.650980392156863],&apos;Title&apos;,&apos;Joint 2&apos;,&apos;LinePropertiesCache&apos;,{{struct(&apos;Color&apos;,[1 1 0.0666666666666667],&apos;LineStyle&apos;,&apos;--&apos;,&apos;LineWidth&apos;,2,&apos;Marker&apos;,&apos;none&apos;,&apos;Visible&apos;,&apos;on&apos;),struct(&apos;Color&apos;,[0.0745098039215686 0.623529411764706 1],&apos;LineStyle&apos;,&apos;-&apos;,&apos;LineWidth&apos;,1,&apos;Marker&apos;,&apos;none&apos;,&apos;Visible&apos;,&apos;on&apos;)}},&apos;UserDefinedChannelNames&apos;,{{&apos;Des&apos;,&apos;Act&apos;}},&apos;NumLines&apos;,2,&apos;LineNames&apos;,{{&apos;Des&apos;,&apos;Act&apos;}},&apos;ShowContent&apos;,true,&apos;Placement&apos;,2),struct(&apos;MinYLimReal&apos;,&apos;22.41985&apos;,&apos;MaxYLimReal&apos;,&apos;123.51573&apos;,&apos;YLabelReal&apos;,&apos;&apos;,&apos;MinYLimMag&apos;,&apos;0.00000&apos;,&apos;MaxYLimMag&apos;,&apos;2.9278&apos;,&apos;LegendVisibility&apos;,&apos;On&apos;,&apos;XGrid&apos;,true,&apos;YGrid&apos;,true,&apos;PlotMagPhase&apos;,false,&apos;AxesColor&apos;,[0 0 0],&apos;AxesTickColor&apos;,[0.686274509803922 0.686274509803922 0.686274509803922],&apos;ColorOrder&apos;,[1 1 0.0666666666666667;0.0745098039215686 0.623529411764706 1;1 0.411764705882353 0.16078431372549;0.392156862745098 0.831372549019608 0.0745098039215686;0.717647058823529 0.274509803921569 1;0.0588235294117647 1 1;1 0.0745098039215686 0.650980392156863],&apos;Title&apos;,&apos;Joint 3&apos;,&apos;LinePropertiesCache&apos;,{{struct(&apos;Color&apos;,[1 1 0.0666666666666667],&apos;LineStyle&apos;,&apos;--&apos;,&apos;LineWidth&apos;,2,&apos;Marker&apos;,&apos;none&apos;,&apos;Visible&apos;,&apos;on&apos;),struct(&apos;Color&apos;,[0.0745098039215686 0.623529411764706 1],&apos;LineStyle&apos;,&apos;-&apos;,&apos;LineWidth&apos;,1,&apos;Marker&apos;,&apos;none&apos;,&apos;Visible&apos;,&apos;on&apos;)}},&apos;UserDefinedChannelNames&apos;,{{&apos;Des&apos;,&apos;Act&apos;}},&apos;NumLines&apos;,2,&apos;LineNames&apos;,{{&apos;Des&apos;,&apos;Act&apos;}},&apos;ShowContent&apos;,true,&apos;Placement&apos;,3),struct(&apos;MinYLimReal&apos;,&apos;-239.99406&apos;,&apos;MaxYLimReal&apos;,&apos;52.95694&apos;,&apos;YLabelReal&apos;,&apos;&apos;,&apos;MinYLimMag&apos;,&apos;0.00000&apos;,&apos;MaxYLimMag&apos;,&apos;2.9278&apos;,&apos;LegendVisibility&apos;,&apos;On&apos;,&apos;XGrid&apos;,true,&apos;YGrid&apos;,true,&apos;PlotMagPhase&apos;,false,&apos;AxesColor&apos;,[0 0 0],&apos;AxesTickColor&apos;,[0.686274509803922 0.686274509803922 0.686274509803922],&apos;ColorOrder&apos;,[1 1 0.0666666666666667;0.0745098039215686 0.623529411764706 1;1 0.411764705882353 0.16078431372549;0.392156862745098 0.831372549019608 0.0745098039215686;0.717647058823529 0.274509803921569 1;0.0588235294117647 1 1;1 0.0745098039215686 0.650980392156863],&apos;Title&apos;,&apos;Joint 4&apos;,&apos;LinePropertiesCache&apos;,{{struct(&apos;Color&apos;,[1 1 0.0666666666666667],&apos;LineStyle&apos;,&apos;--&apos;,&apos;LineWidth&apos;,2,&apos;Marker&apos;,&apos;none&apos;,&apos;Visible&apos;,&apos;on&apos;),struct(&apos;Color&apos;,[0.0745098039215686 0.623529411764706 1],&apos;LineStyle&apos;,&apos;-&apos;,&apos;LineWidth&apos;,1,&apos;Marker&apos;,&apos;none&apos;,&apos;Visible&apos;,&apos;on&apos;)}},&apos;UserDefinedChannelNames&apos;,{{&apos;Des&apos;,&apos;Act&apos;}},&apos;NumLines&apos;,2,&apos;LineNames&apos;,{{&apos;Des&apos;,&apos;Act&apos;}},&apos;ShowContent&apos;,true,&apos;Placement&apos;,4),struct(&apos;MinYLimReal&apos;,&apos;154.95802&apos;,&apos;MaxYLimReal&apos;,&apos;205.22141&apos;,&apos;YLabelReal&apos;,&apos;&apos;,&apos;MinYLimMag&apos;,&apos;0.00000&apos;,&apos;MaxYLimMag&apos;,&apos;2.63536&apos;,&apos;LegendVisibility&apos;,&apos;On&apos;,&apos;XGrid&apos;,true,&apos;YGrid&apos;,true,&apos;PlotMagPhase&apos;,false,&apos;AxesColor&apos;,[0 0 0],&apos;AxesTickColor&apos;,[0.686274509803922 0.686274509803922 0.686274509803922],&apos;ColorOrder&apos;,[1 1 0.0666666666666667;0.0745098039215686 0.623529411764706 1;1 0.411764705882353 0.16078431372549;0.392156862745098 0.831372549019608 0.0745098039215686;0.717647058823529 0.274509803921569 1;0.0588235294117647 1 1;1 0.0745098039215686 0.650980392156863],&apos;Title&apos;,&apos;Joint 5&apos;,&apos;LinePropertiesCache&apos;,{{struct(&apos;Color&apos;,[1 1 0.0666666666666667],&apos;LineStyle&apos;,&apos;--&apos;,&apos;LineWidth&apos;,2,&apos;Marker&apos;,&apos;none&apos;,&apos;Visible&apos;,&apos;on&apos;),struct(&apos;Color&apos;,[0.0745098039215686 0.623529411764706 1],&apos;LineStyle&apos;,&apos;-&apos;,&apos;LineWidth&apos;,1,&apos;Marker&apos;,&apos;none&apos;,&apos;Visible&apos;,&apos;on&apos;)}},&apos;UserDefinedChannelNames&apos;,{{&apos;Des&apos;,&apos;Act&apos;}},&apos;NumLines&apos;,2,&apos;LineNames&apos;,{{&apos;Des&apos;,&apos;Act&apos;}},&apos;ShowContent&apos;,true,&apos;Placement&apos;,5),struct(&apos;MinYLimReal&apos;,&apos;-23.50295&apos;,&apos;MaxYLimReal&apos;,&apos;202.67196&apos;,&apos;YLabelReal&apos;,&apos;&apos;,&apos;MinYLimMag&apos;,&apos;0.00000&apos;,&apos;MaxYLimMag&apos;,&apos;202.67196&apos;,&apos;LegendVisibility&apos;,&apos;On&apos;,&apos;XGrid&apos;,true,&apos;YGrid&apos;,true,&apos;PlotMagPhase&apos;,false,&apos;AxesColor&apos;,[0 0 0],&apos;AxesTickColor&apos;,[0.686274509803922 0.686274509803922 0.686274509803922],&apos;ColorOrder&apos;,[1 1 0.0666666666666667;0.0745098039215686 0.623529411764706 1;1 0.411764705882353 0.16078431372549;0.392156862745098 0.831372549019608 0.0745098039215686;0.717647058823529 0.274509803921569 1;0.0588235294117647 1 1;1 0.0745098039215686 0.650980392156863],&apos;Title&apos;,&apos;Joint 6&apos;,&apos;LinePropertiesCache&apos;,{{struct(&apos;Color&apos;,[1 1 0],&apos;LineStyle&apos;,&apos;--&apos;,&apos;LineWidth&apos;,2,&apos;Marker&apos;,&apos;none&apos;,&apos;Visible&apos;,&apos;on&apos;),struct(&apos;Color&apos;,[0.2 0.6 1],&apos;LineStyle&apos;,&apos;-&apos;,&apos;LineWidth&apos;,1,&apos;Marker&apos;,&apos;none&apos;,&apos;Visible&apos;,&apos;on&apos;)}},&apos;UserDefinedChannelNames&apos;,{{&apos;Des&apos;,&apos;Act&apos;}},&apos;NumLines&apos;,2,&apos;LineNames&apos;,{{&apos;Des&apos;,&apos;Act&apos;}},&apos;ShowContent&apos;,true,&apos;Placement&apos;,6)},&apos;ShowTimeAxisLabel&apos;,true,&apos;DisplayPropertyDefaults&apos;,struct(&apos;AxesColor&apos;,[0 0 0],&apos;ColorOrder&apos;,[1 1 0.0666666666666667;0.0745098039215686 0.623529411764706 1;1 0.411764705882353 0.16078431372549;0.392156862745098 0.831372549019608 0.0745098039215686;0.717647058823529 0.274509803921569 1;0.0588235294117647 1 1;1 0.0745098039215686 0.650980392156863]),&apos;DisplayLayoutDimensions&apos;,[3 2],&apos;DisplayContentCache&apos;,[]),extmgr.Configuration(&apos;Tools&apos;,&apos;Plot Navigation&apos;,true,&apos;OnceAtStop&apos;,false,&apos;PreviousAutoscale&apos;,&apos;XY&apos;),extmgr.Configuration(&apos;Tools&apos;,&apos;Measurements&apos;,true,&apos;Version&apos;,&apos;2022a&apos;)),&apos;Version&apos;,&apos;2022b&apos;,&apos;Position&apos;,[246 205 1125 596])</P>
    <P Name="NumInputPorts">6</P>
    <P Name="Floating">off</P>
  </Block>
  <Block BlockType="SubSystem" Name="SelectSignal4" SID="930">
    <PortCounts in="2" out="6"/>
    <P Name="Position">[145, 36, 175, 94]</P>
    <P Name="ZOrder">100000</P>
    <P Name="ShowName">off</P>
    <P Name="ContentPreviewEnabled">on</P>
    <System Ref="system_930"/>
  </Block>
  <Block BlockType="SubSystem" Name="SelectSignal5" SID="957">
    <PortCounts in="1" out="6"/>
    <P Name="Position">[430, 38, 455, 92]</P>
    <P Name="ZOrder">100000</P>
    <P Name="ShowName">off</P>
    <P Name="ContentPreviewEnabled">on</P>
    <System Ref="system_957"/>
  </Block>
  <Line>
    <P Name="ZOrder">1</P>
    <P Name="Src">930#out:5</P>
    <P Name="Dst">929#in:5</P>
  </Line>
  <Line>
    <P Name="ZOrder">2</P>
    <P Name="Src">957#out:3</P>
    <P Name="Dst">928#in:3</P>
  </Line>
  <Line>
    <P Name="ZOrder">3</P>
    <P Name="Src">930#out:2</P>
    <P Name="Dst">929#in:2</P>
  </Line>
  <Line>
    <P Name="ZOrder">4</P>
    <P Name="Src">930#out:1</P>
    <P Name="Dst">929#in:1</P>
  </Line>
  <Line>
    <P Name="ZOrder">5</P>
    <P Name="Src">957#out:2</P>
    <P Name="Dst">928#in:2</P>
  </Line>
  <Line>
    <P Name="ZOrder">6</P>
    <P Name="Src">930#out:6</P>
    <P Name="Dst">929#in:6</P>
  </Line>
  <Line>
    <P Name="ZOrder">7</P>
    <P Name="Src">957#out:4</P>
    <P Name="Dst">928#in:4</P>
  </Line>
  <Line>
    <P Name="ZOrder">8</P>
    <P Name="Src">930#out:3</P>
    <P Name="Dst">929#in:3</P>
  </Line>
  <Line>
    <P Name="ZOrder">9</P>
    <P Name="Src">957#out:1</P>
    <P Name="Dst">928#in:1</P>
  </Line>
  <Line>
    <P Name="ZOrder">10</P>
    <P Name="Src">957#out:5</P>
    <P Name="Dst">928#in:5</P>
  </Line>
  <Line>
    <P Name="ZOrder">11</P>
    <P Name="Src">930#out:4</P>
    <P Name="Dst">929#in:4</P>
  </Line>
  <Line>
    <P Name="ZOrder">12</P>
    <P Name="Src">925#out:1</P>
    <P Name="Dst">930#in:1</P>
  </Line>
  <Line>
    <P Name="ZOrder">13</P>
    <P Name="Src">927#out:1</P>
    <P Name="Dst">957#in:1</P>
  </Line>
  <Line>
    <P Name="ZOrder">14</P>
    <P Name="Src">926#out:1</P>
    <P Name="Points">[10, 0]</P>
    <P Name="Dst">930#in:2</P>
  </Line>
  <Line>
    <P Name="ZOrder">15</P>
    <P Name="Src">957#out:6</P>
    <P Name="Dst">928#in:6</P>
  </Line>
</System>
