<?xml version="1.0" encoding="utf-8"?>
<System>
  <P Name="Location">[-1, -7, 1537, 817]</P>
  <P Name="ZoomFactor">129</P>
  <Block BlockType="Reference" Name="Cylindrical Solid" SID="198">
    <PortCounts lconn="1" rconn="1"/>
    <P Name="Position">[145, 235, 185, 275]</P>
    <P Name="ZOrder">46</P>
    <P Name="BlockMirror">on</P>
    <P Name="NameLocation">top</P>
    <P Name="LibraryVersion">24.21</P>
    <P Name="SourceBlock">sm_lib/Body Elements/Cylindrical Solid</P>
    <P Name="SourceType">Cylindrical Solid</P>
    <InstanceData>
      <P Name="LogSimulationData">off</P>
      <P Name="SimscapeInstrumentationLogging">off</P>
      <P Name="SimscapeInstrumentationVariables" Ref="bdmxdata:SimscapeInstrumentationVariables_198"/>
      <P Name="CylinderRadius">0.4/10</P>
      <P Name="CylinderRadius_conf">compiletime</P>
      <P Name="CylinderRadiusUnits">m</P>
      <P Name="CylinderLength">1.8/10</P>
      <P Name="CylinderLength_conf">compiletime</P>
      <P Name="CylinderLengthUnits">m</P>
      <P Name="ExportEntireGeometry">off</P>
      <P Name="InertiaType">CalculateFromGeometry</P>
      <P Name="BasedOnType">Density</P>
      <P Name="Density">2000</P>
      <P Name="Density_conf">compiletime</P>
      <P Name="DensityUnits">kg/m^3</P>
      <P Name="Mass">1</P>
      <P Name="Mass_conf">compiletime</P>
      <P Name="MassUnits">kg</P>
      <P Name="CenterOfMass">[0 0 0]</P>
      <P Name="CenterOfMass_conf">compiletime</P>
      <P Name="CenterOfMassUnits">m</P>
      <P Name="MomentsOfInertia">[1 1 1]</P>
      <P Name="MomentsOfInertia_conf">compiletime</P>
      <P Name="MomentsOfInertiaUnits">kg*m^2</P>
      <P Name="ProductsOfInertia">[0 0 0]</P>
      <P Name="ProductsOfInertia_conf">compiletime</P>
      <P Name="ProductsOfInertiaUnits">kg*m^2</P>
      <P Name="GraphicType">FromGeometry</P>
      <P Name="MarkerShape">Sphere</P>
      <P Name="MarkerSize">10</P>
      <P Name="MarkerSize_conf">compiletime</P>
      <P Name="GraphicVisPropType">SimpleVisualProperties</P>
      <P Name="GraphicDiffuseColor">[1 1 0.8]</P>
      <P Name="GraphicDiffuseColor_conf">compiletime</P>
      <P Name="GraphicOpacity">1.0</P>
      <P Name="GraphicOpacity_conf">compiletime</P>
      <P Name="GraphicSpecularColor">[0.5 0.5 0.5 1.0]</P>
      <P Name="GraphicSpecularColor_conf">compiletime</P>
      <P Name="GraphicAmbientColor">[0.15 0.15 0.15 1.0]</P>
      <P Name="GraphicAmbientColor_conf">compiletime</P>
      <P Name="GraphicEmissiveColor">[0.0 0.0 0.0 1.0]</P>
      <P Name="GraphicEmissiveColor_conf">compiletime</P>
      <P Name="GraphicShininess">75</P>
      <P Name="GraphicShininess_conf">compiletime</P>
      <P Name="DoExposeReferenceFrame">off</P>
      <P Name="SerializedFrames">&lt;Frames&gt;&lt;Frame&gt;&lt;Id&gt;Frame1&lt;/Id&gt;&lt;Value&gt;&lt;Name&gt;F1&lt;/Name&gt;&lt;Origin&gt;&lt;Source&gt;GeometricFeature&lt;/Source&gt;&lt;FeatureName&gt;bottom surface&lt;/FeatureName&gt;&lt;/Origin&gt;&lt;PrimaryAxis&gt;&lt;DefinedDirection&gt;+Z&lt;/DefinedDirection&gt;&lt;Source&gt;ReferenceFrame&lt;/Source&gt;&lt;SourceDirection&gt;+X&lt;/SourceDirection&gt;&lt;FeatureName&gt;&lt;/FeatureName&gt;&lt;/PrimaryAxis&gt;&lt;SecondaryAxis&gt;&lt;DefinedDirection&gt;+X&lt;/DefinedDirection&gt;&lt;Source&gt;ReferenceFrame&lt;/Source&gt;&lt;SourceDirection&gt;+Z&lt;/SourceDirection&gt;&lt;FeatureName&gt;&lt;/FeatureName&gt;&lt;/SecondaryAxis&gt;&lt;/Value&gt;&lt;/Frame&gt;&lt;Frame&gt;&lt;Id&gt;Frame2&lt;/Id&gt;&lt;Value&gt;&lt;Name&gt;F2&lt;/Name&gt;&lt;Origin&gt;&lt;Source&gt;GeometricFeature&lt;/Source&gt;&lt;FeatureName&gt;top surface&lt;/FeatureName&gt;&lt;/Origin&gt;&lt;PrimaryAxis&gt;&lt;DefinedDirection&gt;+Z&lt;/DefinedDirection&gt;&lt;Source&gt;ReferenceFrame&lt;/Source&gt;&lt;SourceDirection&gt;-Z&lt;/SourceDirection&gt;&lt;FeatureName&gt;&lt;/FeatureName&gt;&lt;/PrimaryAxis&gt;&lt;SecondaryAxis&gt;&lt;DefinedDirection&gt;+X&lt;/DefinedDirection&gt;&lt;Source&gt;ReferenceFrame&lt;/Source&gt;&lt;SourceDirection&gt;+X&lt;/SourceDirection&gt;&lt;FeatureName&gt;&lt;/FeatureName&gt;&lt;/SecondaryAxis&gt;&lt;/Value&gt;&lt;/Frame&gt;&lt;/Frames&gt;</P>
    </InstanceData>
  </Block>
  <Block BlockType="Reference" Name="Cylindrical Solid1" SID="199">
    <PortCounts lconn="1" rconn="1"/>
    <P Name="Position">[340, 235, 380, 275]</P>
    <P Name="ZOrder">47</P>
    <P Name="BlockMirror">on</P>
    <P Name="NameLocation">top</P>
    <P Name="LibraryVersion">24.21</P>
    <P Name="SourceBlock">sm_lib/Body Elements/Cylindrical Solid</P>
    <P Name="SourceType">Cylindrical Solid</P>
    <InstanceData>
      <P Name="LogSimulationData">off</P>
      <P Name="SimscapeInstrumentationLogging">off</P>
      <P Name="SimscapeInstrumentationVariables" Ref="bdmxdata:SimscapeInstrumentationVariables_199"/>
      <P Name="CylinderRadius">0.6/10</P>
      <P Name="CylinderRadius_conf">compiletime</P>
      <P Name="CylinderRadiusUnits">m</P>
      <P Name="CylinderLength">0.85/10</P>
      <P Name="CylinderLength_conf">compiletime</P>
      <P Name="CylinderLengthUnits">m</P>
      <P Name="ExportEntireGeometry">off</P>
      <P Name="InertiaType">CalculateFromGeometry</P>
      <P Name="BasedOnType">Density</P>
      <P Name="Density">2000</P>
      <P Name="Density_conf">compiletime</P>
      <P Name="DensityUnits">kg/m^3</P>
      <P Name="Mass">1</P>
      <P Name="Mass_conf">compiletime</P>
      <P Name="MassUnits">kg</P>
      <P Name="CenterOfMass">[0 0 0]</P>
      <P Name="CenterOfMass_conf">compiletime</P>
      <P Name="CenterOfMassUnits">m</P>
      <P Name="MomentsOfInertia">[1 1 1]</P>
      <P Name="MomentsOfInertia_conf">compiletime</P>
      <P Name="MomentsOfInertiaUnits">kg*m^2</P>
      <P Name="ProductsOfInertia">[0 0 0]</P>
      <P Name="ProductsOfInertia_conf">compiletime</P>
      <P Name="ProductsOfInertiaUnits">kg*m^2</P>
      <P Name="GraphicType">FromGeometry</P>
      <P Name="MarkerShape">Sphere</P>
      <P Name="MarkerSize">10</P>
      <P Name="MarkerSize_conf">compiletime</P>
      <P Name="GraphicVisPropType">SimpleVisualProperties</P>
      <P Name="GraphicDiffuseColor">[1 1 0.8]</P>
      <P Name="GraphicDiffuseColor_conf">compiletime</P>
      <P Name="GraphicOpacity">1.0</P>
      <P Name="GraphicOpacity_conf">compiletime</P>
      <P Name="GraphicSpecularColor">[0.5 0.5 0.5 1.0]</P>
      <P Name="GraphicSpecularColor_conf">compiletime</P>
      <P Name="GraphicAmbientColor">[0.15 0.15 0.15 1.0]</P>
      <P Name="GraphicAmbientColor_conf">compiletime</P>
      <P Name="GraphicEmissiveColor">[0.0 0.0 0.0 1.0]</P>
      <P Name="GraphicEmissiveColor_conf">compiletime</P>
      <P Name="GraphicShininess">75</P>
      <P Name="GraphicShininess_conf">compiletime</P>
      <P Name="DoExposeReferenceFrame">on</P>
      <P Name="SerializedFrames">&lt;Frames&gt;&lt;Frame&gt;&lt;Id&gt;Frame1&lt;/Id&gt;&lt;Value&gt;&lt;Name&gt;F1&lt;/Name&gt;&lt;Origin&gt;&lt;Source&gt;GeometricFeature&lt;/Source&gt;&lt;FeatureName&gt;bottom surface&lt;/FeatureName&gt;&lt;/Origin&gt;&lt;PrimaryAxis&gt;&lt;DefinedDirection&gt;+Z&lt;/DefinedDirection&gt;&lt;Source&gt;ReferenceFrame&lt;/Source&gt;&lt;SourceDirection&gt;+Z&lt;/SourceDirection&gt;&lt;FeatureName&gt;&lt;/FeatureName&gt;&lt;/PrimaryAxis&gt;&lt;SecondaryAxis&gt;&lt;DefinedDirection&gt;+X&lt;/DefinedDirection&gt;&lt;Source&gt;ReferenceFrame&lt;/Source&gt;&lt;SourceDirection&gt;+X&lt;/SourceDirection&gt;&lt;FeatureName&gt;&lt;/FeatureName&gt;&lt;/SecondaryAxis&gt;&lt;/Value&gt;&lt;/Frame&gt;&lt;/Frames&gt;</P>
    </InstanceData>
  </Block>
  <Block BlockType="Reference" Name="Rigid&#xA;Transform" SID="200">
    <PortCounts lconn="1" rconn="1"/>
    <P Name="Position">[225, 235, 265, 275]</P>
    <P Name="ZOrder">48</P>
    <P Name="LibraryVersion">24.21</P>
    <P Name="SourceBlock">sm_lib/Frames and
Transforms/Rigid
Transform</P>
    <P Name="SourceType">Rigid
Transform</P>
    <InstanceData>
      <P Name="LogSimulationData">off</P>
      <P Name="SimscapeInstrumentationLogging">off</P>
      <P Name="SimscapeInstrumentationVariables" Ref="bdmxdata:SimscapeInstrumentationVariables_200"/>
      <P Name="RotationMethod">StandardAxis</P>
      <P Name="FollAlignAxisA">+X</P>
      <P Name="BaseAlignAxisA">+Y</P>
      <P Name="FollAlignAxisB">+Y</P>
      <P Name="BaseAlignAxisB">+Z</P>
      <P Name="RotationStandardAxis">+X</P>
      <P Name="RotationAngle">180+120</P>
      <P Name="RotationAngle_conf">compiletime</P>
      <P Name="RotationAngleUnits">deg</P>
      <P Name="RotationArbitraryAxis">[0 0 1]</P>
      <P Name="RotationArbitraryAxis_conf">compiletime</P>
      <P Name="RotationSequenceAxes">FollowerAxes</P>
      <P Name="RotationSequence">XYX</P>
      <P Name="RotationSequenceAngles">[0 0 0]</P>
      <P Name="RotationSequenceAngles_conf">compiletime</P>
      <P Name="RotationSequenceAnglesUnits">deg</P>
      <P Name="RotationMatrix">[1 0 0; 0 1 0; 0 0 1]</P>
      <P Name="RotationMatrix_conf">compiletime</P>
      <P Name="Quaternion">[1 0 0 0]</P>
      <P Name="Quaternion_conf">compiletime</P>
      <P Name="TranslationMethod">StandardAxis</P>
      <P Name="TranslationCartesianOffset">[0 0 0]</P>
      <P Name="TranslationCartesianOffset_conf">compiletime</P>
      <P Name="TranslationCartesianOffsetUnits">cm</P>
      <P Name="TranslationStandardAxis">+X</P>
      <P Name="TranslationStandardOffset">-0.55</P>
      <P Name="TranslationStandardOffset_conf">compiletime</P>
      <P Name="TranslationStandardOffsetUnits">cm</P>
      <P Name="TranslationROffset">0</P>
      <P Name="TranslationROffset_conf">compiletime</P>
      <P Name="TranslationROffsetUnits">m</P>
      <P Name="TranslationThetaOffset">0</P>
      <P Name="TranslationThetaOffset_conf">compiletime</P>
      <P Name="TranslationThetaOffsetUnits">deg</P>
      <P Name="TranslationZOffset">0</P>
      <P Name="TranslationZOffset_conf">compiletime</P>
      <P Name="TranslationZOffsetUnits">m</P>
    </InstanceData>
  </Block>
  <Block BlockType="PMIOPort" Name="F" SID="201">
    <P Name="Position">[70, 245, 90, 265]</P>
    <P Name="ZOrder">10</P>
    <P Name="Side">Left</P>
  </Block>
  <Block BlockType="PMIOPort" Name="F1" SID="202">
    <P Name="Position">[435, 245, 455, 265]</P>
    <P Name="ZOrder">11</P>
    <P Name="BlockMirror">on</P>
    <P Name="Port">2</P>
    <P Name="Side">Right</P>
  </Block>
  <Line LineType="Connection">
    <P Name="ZOrder">1</P>
    <P Name="Src">200#lconn:1</P>
    <P Name="Dst">198#lconn:1</P>
  </Line>
  <Line LineType="Connection">
    <P Name="ZOrder">2</P>
    <P Name="Src">200#rconn:1</P>
    <P Name="Dst">199#rconn:1</P>
  </Line>
  <Line LineType="Connection">
    <P Name="ZOrder">3</P>
    <P Name="Src">201#rconn:1</P>
    <P Name="Dst">198#rconn:1</P>
  </Line>
  <Line LineType="Connection">
    <P Name="ZOrder">4</P>
    <P Name="Src">199#lconn:1</P>
    <P Name="Dst">202#rconn:1</P>
  </Line>
</System>
