<?xml version="1.0" encoding="utf-8"?>
<System>
  <P Name="Location">[28, 37, 1043, 887]</P>
  <P Name="ZoomFactor">78</P>
  <Block BlockType="Bias" Name="Bias" SID="1559">
    <P Name="Position">[1105, 370, 1135, 410]</P>
    <P Name="ZOrder">100000</P>
    <P Name="BlockRotation">270</P>
    <P Name="BlockMirror">on</P>
    <P Name="NameLocation">left</P>
    <P Name="Bias">1</P>
    <P Name="SaturateOnIntegerOverflow">off</P>
  </Block>
  <Block BlockType="Constant" Name="Constant10" SID="1560">
    <P Name="Position">[1010, 190, 1040, 220]</P>
    <P Name="ZOrder">100000</P>
    <P Name="Value">0</P>
  </Block>
  <Block BlockType="Constant" Name="Constant11" SID="1561">
    <P Name="Position">[1015, 260, 1045, 290]</P>
    <P Name="ZOrder">100000</P>
    <P Name="Value">-1</P>
  </Block>
  <Block BlockType="Constant" Name="Constant14" SID="1562">
    <P Name="Position">[550, 340, 580, 370]</P>
    <P Name="ZOrder">100000</P>
    <P Name="Value">-1</P>
  </Block>
  <Block BlockType="Constant" Name="Constant3" SID="1563">
    <P Name="Position">[240, 315, 270, 345]</P>
    <P Name="ZOrder">100000</P>
    <P Name="Value">-1</P>
  </Block>
  <Block BlockType="Constant" Name="Constant4" SID="1564">
    <P Name="Position">[240, 395, 270, 425]</P>
    <P Name="ZOrder">100000</P>
    <P Name="Value">0</P>
  </Block>
  <Block BlockType="Constant" Name="Constant7" SID="1565">
    <P Name="Position">[490, 410, 520, 440]</P>
    <P Name="ZOrder">100000</P>
    <P Name="Value">0</P>
  </Block>
  <Block BlockType="Constant" Name="Constant8" SID="1566">
    <P Name="Position">[490, 460, 520, 490]</P>
    <P Name="ZOrder">100000</P>
    <P Name="Value">-1</P>
  </Block>
  <Block BlockType="From" Name="From" SID="1567">
    <P Name="Position">[155, 356, 245, 384]</P>
    <P Name="ZOrder">100000</P>
    <P Name="GotoTag">SamplePickFlag</P>
    <P Name="TagVisibility">global</P>
  </Block>
  <Block BlockType="From" Name="From1" SID="1568">
    <P Name="Position">[380, 431, 470, 459]</P>
    <P Name="ZOrder">100000</P>
    <P Name="GotoTag">SamplePickFlag</P>
    <P Name="TagVisibility">global</P>
  </Block>
  <Block BlockType="From" Name="From2" SID="1569">
    <P Name="Position">[430, 378, 545, 402]</P>
    <P Name="ZOrder">100000</P>
    <P Name="GotoTag">SampleDropOffFlag</P>
    <P Name="TagVisibility">global</P>
  </Block>
  <Block BlockType="From" Name="From3" SID="1570">
    <P Name="Position">[935, 228, 1050, 252]</P>
    <P Name="ZOrder">100000</P>
    <P Name="GotoTag">SampleDropOffFlag</P>
    <P Name="TagVisibility">global</P>
  </Block>
  <Block BlockType="Reference" Name="PS-Simulink&#xA;Converter" SID="1571">
    <PortCounts out="1" lconn="1"/>
    <P Name="Position">[795, 382, 810, 398]</P>
    <P Name="ZOrder">100000</P>
    <P Name="LibraryVersion">7.0</P>
    <P Name="SourceBlock">nesl_utility/PS-Simulink
Converter</P>
    <P Name="SourceType">PS-Simulink
Converter</P>
    <InstanceData>
      <P Name="RTWMemSecFuncInitTerm">Inherit from model</P>
      <P Name="RTWMemSecFuncExecute">Inherit from model</P>
      <P Name="RTWMemSecDataConstants">Inherit from model</P>
      <P Name="RTWMemSecDataInternal">Inherit from model</P>
      <P Name="RTWMemSecDataParameters">Inherit from model</P>
      <P Name="ContentPreviewEnabled">on</P>
      <P Name="PhysicalDomain">network_engine_domain</P>
      <P Name="SubClassName">ps_output</P>
      <P Name="LeftPortType">input</P>
      <P Name="RightPortType">output</P>
      <P Name="PseudoPeriodic">off</P>
      <P Name="Frequencies">[]</P>
      <P Name="VectorFormat">1-D array</P>
      <P Name="Unit">inherit</P>
      <P Name="AffineConversion">off</P>
    </InstanceData>
  </Block>
  <Block BlockType="Reference" Name="RevJ" SID="1572">
    <PortCounts lconn="2" rconn="1"/>
    <P Name="Position">[415, 300, 455, 340]</P>
    <P Name="ZOrder">100000</P>
    <P Name="LibraryVersion">24.21</P>
    <P Name="SourceBlock">sm_lib/Joints/Revolute Joint</P>
    <P Name="SourceType">Revolute Joint</P>
    <InstanceData>
      <P Name="LogSimulationData">off</P>
      <P Name="SimscapeInstrumentationLogging">off</P>
      <P Name="SimscapeInstrumentationVariables" Ref="bdmxdata:SimscapeInstrumentationVariables_1572"/>
      <P Name="JointMode">ProvidedByInput</P>
      <P Name="CompositeWrenchDir">FollowerOnBase</P>
      <P Name="CompositeWrenchFrame">BaseFrame</P>
      <P Name="SenseConstraintForce">off</P>
      <P Name="SenseConstraintTorque">off</P>
      <P Name="SenseTotalForce">off</P>
      <P Name="SenseTotalTorque">off</P>
      <P Name="PositionTargetSpecify">off</P>
      <P Name="PositionTargetPriority">High</P>
      <P Name="PositionTargetValue">0</P>
      <P Name="PositionTargetValue_conf">compiletime</P>
      <P Name="PositionTargetValueUnits">deg</P>
      <P Name="VelocityTargetSpecify">off</P>
      <P Name="VelocityTargetPriority">High</P>
      <P Name="VelocityTargetValue">0</P>
      <P Name="VelocityTargetValue_conf">compiletime</P>
      <P Name="VelocityTargetValueUnits">deg/s</P>
      <P Name="EquilibriumPosition">0</P>
      <P Name="EquilibriumPosition_conf">compiletime</P>
      <P Name="EquilibriumPositionUnits">deg</P>
      <P Name="SpringStiffness">0</P>
      <P Name="SpringStiffness_conf">compiletime</P>
      <P Name="SpringStiffnessUnits">N*m/deg</P>
      <P Name="DampingCoefficient">0</P>
      <P Name="DampingCoefficient_conf">compiletime</P>
      <P Name="DampingCoefficientUnits">N*m/(deg/s)</P>
      <P Name="LowerLimitSpecify">off</P>
      <P Name="LowerLimitBound">-90</P>
      <P Name="LowerLimitBound_conf">compiletime</P>
      <P Name="LowerLimitBoundUnits">deg</P>
      <P Name="LowerLimitStiffness">1e4</P>
      <P Name="LowerLimitStiffness_conf">compiletime</P>
      <P Name="LowerLimitStiffnessUnits">N*m/deg</P>
      <P Name="LowerLimitDamping">10</P>
      <P Name="LowerLimitDamping_conf">compiletime</P>
      <P Name="LowerLimitDampingUnits">N*m/(deg/s)</P>
      <P Name="LowerLimitTransitionRegionWidth">0.1</P>
      <P Name="LowerLimitTransitionRegionWidth_conf">compiletime</P>
      <P Name="LowerLimitTransitionRegionWidthUnits">deg</P>
      <P Name="UpperLimitSpecify">off</P>
      <P Name="UpperLimitBound">90</P>
      <P Name="UpperLimitBound_conf">compiletime</P>
      <P Name="UpperLimitBoundUnits">deg</P>
      <P Name="UpperLimitStiffness">1e4</P>
      <P Name="UpperLimitStiffness_conf">compiletime</P>
      <P Name="UpperLimitStiffnessUnits">N*m/deg</P>
      <P Name="UpperLimitDamping">10</P>
      <P Name="UpperLimitDamping_conf">compiletime</P>
      <P Name="UpperLimitDampingUnits">N*m/(deg/s)</P>
      <P Name="UpperLimitTransitionRegionWidth">0.1</P>
      <P Name="UpperLimitTransitionRegionWidth_conf">compiletime</P>
      <P Name="UpperLimitTransitionRegionWidthUnits">deg</P>
      <P Name="TorqueActuationMode">NoTorque</P>
      <P Name="MotionActuationMode">ComputedMotion</P>
      <P Name="SensePosition">off</P>
      <P Name="SenseVelocity">off</P>
      <P Name="SenseAcceleration">off</P>
      <P Name="SenseTorqueForce">off</P>
      <P Name="SenseLowerLimitTorqueForce">off</P>
      <P Name="SenseUpperLimitTorqueForce">off</P>
    </InstanceData>
  </Block>
  <Block BlockType="Reference" Name="Rigid&#xA;Transform3" SID="1573">
    <PortCounts lconn="1" rconn="1"/>
    <P Name="Position">[180, 290, 220, 330]</P>
    <P Name="ZOrder">100000</P>
    <P Name="LibraryVersion">24.21</P>
    <P Name="SourceBlock">sm_lib/Frames and
Transforms/Rigid
Transform</P>
    <P Name="SourceType">Rigid
Transform</P>
    <InstanceData>
      <P Name="LogSimulationData">off</P>
      <P Name="SimscapeInstrumentationLogging">off</P>
      <P Name="SimscapeInstrumentationVariables" Ref="bdmxdata:SimscapeInstrumentationVariables_1573"/>
      <P Name="RotationMethod">None</P>
      <P Name="FollAlignAxisA">+X</P>
      <P Name="BaseAlignAxisA">+Y</P>
      <P Name="FollAlignAxisB">+Y</P>
      <P Name="BaseAlignAxisB">+Z</P>
      <P Name="RotationStandardAxis">+Z</P>
      <P Name="RotationAngle">0.0</P>
      <P Name="RotationAngle_conf">compiletime</P>
      <P Name="RotationAngleUnits">deg</P>
      <P Name="RotationArbitraryAxis">[0 0 1]</P>
      <P Name="RotationArbitraryAxis_conf">compiletime</P>
      <P Name="RotationSequenceAxes">FollowerAxes</P>
      <P Name="RotationSequence">XYX</P>
      <P Name="RotationSequenceAngles">[0 0 0]</P>
      <P Name="RotationSequenceAngles_conf">compiletime</P>
      <P Name="RotationSequenceAnglesUnits">deg</P>
      <P Name="RotationMatrix">[1 0 0; 0 1 0; 0 0 1]</P>
      <P Name="RotationMatrix_conf">compiletime</P>
      <P Name="Quaternion">[1 0 0 0]</P>
      <P Name="Quaternion_conf">compiletime</P>
      <P Name="TranslationMethod">Cartesian</P>
      <P Name="TranslationCartesianOffset">sample_position</P>
      <P Name="TranslationCartesianOffset_conf">compiletime</P>
      <P Name="TranslationCartesianOffsetUnits">m</P>
      <P Name="TranslationStandardAxis">+Z</P>
      <P Name="TranslationStandardOffset">0</P>
      <P Name="TranslationStandardOffset_conf">compiletime</P>
      <P Name="TranslationStandardOffsetUnits">m</P>
      <P Name="TranslationROffset">0</P>
      <P Name="TranslationROffset_conf">compiletime</P>
      <P Name="TranslationROffsetUnits">m</P>
      <P Name="TranslationThetaOffset">0</P>
      <P Name="TranslationThetaOffset_conf">compiletime</P>
      <P Name="TranslationThetaOffsetUnits">deg</P>
      <P Name="TranslationZOffset">0</P>
      <P Name="TranslationZOffset_conf">compiletime</P>
      <P Name="TranslationZOffsetUnits">m</P>
    </InstanceData>
  </Block>
  <Block BlockType="Reference" Name="Rigid&#xA;Transform4" SID="1574">
    <PortCounts lconn="1" rconn="1"/>
    <P Name="Position">[305, 245, 345, 285]</P>
    <P Name="ZOrder">100000</P>
    <P Name="BlockRotation">270</P>
    <P Name="NameLocation">right</P>
    <P Name="LibraryVersion">24.21</P>
    <P Name="SourceBlock">sm_lib/Frames and
Transforms/Rigid
Transform</P>
    <P Name="SourceType">Rigid
Transform</P>
    <InstanceData>
      <P Name="LogSimulationData">off</P>
      <P Name="SimscapeInstrumentationLogging">off</P>
      <P Name="SimscapeInstrumentationVariables" Ref="bdmxdata:SimscapeInstrumentationVariables_1574"/>
      <P Name="RotationMethod">RotationSequence</P>
      <P Name="FollAlignAxisA">+X</P>
      <P Name="BaseAlignAxisA">+Y</P>
      <P Name="FollAlignAxisB">+Y</P>
      <P Name="BaseAlignAxisB">+Z</P>
      <P Name="RotationStandardAxis">+Y</P>
      <P Name="RotationAngle">-10</P>
      <P Name="RotationAngle_conf">compiletime</P>
      <P Name="RotationAngleUnits">deg</P>
      <P Name="RotationArbitraryAxis">[0 0 1]</P>
      <P Name="RotationArbitraryAxis_conf">compiletime</P>
      <P Name="RotationSequenceAxes">FollowerAxes</P>
      <P Name="RotationSequence">XYZ</P>
      <P Name="RotationSequenceAngles">[3 -10 0]</P>
      <P Name="RotationSequenceAngles_conf">compiletime</P>
      <P Name="RotationSequenceAnglesUnits">deg</P>
      <P Name="RotationMatrix">[1 0 0; 0 1 0; 0 0 1]</P>
      <P Name="RotationMatrix_conf">compiletime</P>
      <P Name="Quaternion">[1 0 0 0]</P>
      <P Name="Quaternion_conf">compiletime</P>
      <P Name="TranslationMethod">None</P>
      <P Name="TranslationCartesianOffset">[0 0 0]</P>
      <P Name="TranslationCartesianOffset_conf">compiletime</P>
      <P Name="TranslationCartesianOffsetUnits">m</P>
      <P Name="TranslationStandardAxis">+Z</P>
      <P Name="TranslationStandardOffset">0.045</P>
      <P Name="TranslationStandardOffset_conf">compiletime</P>
      <P Name="TranslationStandardOffsetUnits">m</P>
      <P Name="TranslationROffset">0</P>
      <P Name="TranslationROffset_conf">compiletime</P>
      <P Name="TranslationROffsetUnits">m</P>
      <P Name="TranslationThetaOffset">0</P>
      <P Name="TranslationThetaOffset_conf">compiletime</P>
      <P Name="TranslationThetaOffsetUnits">deg</P>
      <P Name="TranslationZOffset">0</P>
      <P Name="TranslationZOffset_conf">compiletime</P>
      <P Name="TranslationZOffsetUnits">m</P>
    </InstanceData>
  </Block>
  <Block BlockType="Reference" Name="Sample" SID="1575">
    <PortCounts rconn="1"/>
    <P Name="Position">[620, 245, 660, 285]</P>
    <P Name="ZOrder">100000</P>
    <P Name="BlockRotation">270</P>
    <P Name="BlockMirror">on</P>
    <P Name="NameLocation">top</P>
    <P Name="HideAutomaticName">off</P>
    <P Name="LibraryVersion">24.21</P>
    <P Name="SourceBlock">sm_lib/Body Elements/Spherical Solid</P>
    <P Name="SourceType">Spherical Solid</P>
    <InstanceData>
      <P Name="LogSimulationData">off</P>
      <P Name="SimscapeInstrumentationLogging">off</P>
      <P Name="SimscapeInstrumentationVariables" Ref="bdmxdata:SimscapeInstrumentationVariables_1575"/>
      <P Name="SphereRadius">0.02</P>
      <P Name="SphereRadius_conf">compiletime</P>
      <P Name="SphereRadiusUnits">m</P>
      <P Name="ExportEntireGeometry">off</P>
      <P Name="InertiaType">CalculateFromGeometry</P>
      <P Name="BasedOnType">Mass</P>
      <P Name="Density">1000</P>
      <P Name="Density_conf">compiletime</P>
      <P Name="DensityUnits">kg/m^3</P>
      <P Name="Mass">0.001</P>
      <P Name="Mass_conf">compiletime</P>
      <P Name="MassUnits">kg</P>
      <P Name="CenterOfMass">[0 0 0]</P>
      <P Name="CenterOfMass_conf">compiletime</P>
      <P Name="CenterOfMassUnits">m</P>
      <P Name="MomentsOfInertia">[1 1 1]</P>
      <P Name="MomentsOfInertia_conf">compiletime</P>
      <P Name="MomentsOfInertiaUnits">kg*m^2</P>
      <P Name="ProductsOfInertia">[0 0 0]</P>
      <P Name="ProductsOfInertia_conf">compiletime</P>
      <P Name="ProductsOfInertiaUnits">kg*m^2</P>
      <P Name="GraphicType">FromGeometry</P>
      <P Name="MarkerShape">Sphere</P>
      <P Name="MarkerSize">10</P>
      <P Name="MarkerSize_conf">compiletime</P>
      <P Name="GraphicVisPropType">AdvancedVisualProperties</P>
      <P Name="GraphicDiffuseColor">[1 0 0]</P>
      <P Name="GraphicDiffuseColor_conf">compiletime</P>
      <P Name="GraphicOpacity">1.0</P>
      <P Name="GraphicOpacity_conf">compiletime</P>
      <P Name="GraphicSpecularColor">[0.5 0.5 0.5 1.0]</P>
      <P Name="GraphicSpecularColor_conf">compiletime</P>
      <P Name="GraphicAmbientColor">[0.15 0.15 0.15 1.0]</P>
      <P Name="GraphicAmbientColor_conf">compiletime</P>
      <P Name="GraphicEmissiveColor">[0.0 0.0 0.0 1.0]</P>
      <P Name="GraphicEmissiveColor_conf">compiletime</P>
      <P Name="GraphicShininess">25</P>
      <P Name="GraphicShininess_conf">compiletime</P>
      <P Name="DoExposeReferenceFrame">on</P>
      <P Name="SerializedFrames">&lt;Frames/&gt;</P>
    </InstanceData>
  </Block>
  <Block BlockType="Goto" Name="SamplePickedSense" SID="1576">
    <P Name="Position">[915, 375, 1020, 405]</P>
    <P Name="ZOrder">100000</P>
    <P Name="GotoTag">samplePickedSense</P>
    <P Name="TagVisibility">global</P>
  </Block>
  <Block BlockType="Goto" Name="SampleStored" SID="1577">
    <P Name="Position">[1220, 420, 1325, 450]</P>
    <P Name="ZOrder">100000</P>
    <P Name="GotoTag">sampleStoredSense</P>
    <P Name="TagVisibility">global</P>
  </Block>
  <Block BlockType="Reference" Name="Simulink-PS&#xA;Converter1" SID="1578">
    <PortCounts in="1" rconn="1"/>
    <P Name="Position">[380, 322, 395, 338]</P>
    <P Name="ZOrder">100000</P>
    <P Name="LibraryVersion">7.0</P>
    <P Name="SourceBlock">nesl_utility/Simulink-PS
Converter</P>
    <P Name="SourceType">Simulink-PS
Converter</P>
    <InstanceData>
      <P Name="RTWMemSecFuncInitTerm">Inherit from model</P>
      <P Name="RTWMemSecFuncExecute">Inherit from model</P>
      <P Name="RTWMemSecDataConstants">Inherit from model</P>
      <P Name="RTWMemSecDataInternal">Inherit from model</P>
      <P Name="RTWMemSecDataParameters">Inherit from model</P>
      <P Name="ContentPreviewEnabled">on</P>
      <P Name="PhysicalDomain">network_engine_domain</P>
      <P Name="SubClassName">ps_input</P>
      <P Name="LeftPortType">input</P>
      <P Name="RightPortType">output</P>
      <P Name="PseudoPeriodic">off</P>
      <P Name="Frequencies">[]</P>
      <P Name="NoiseDistribution">none</P>
      <P Name="NoiseParameters">[]</P>
      <P Name="Unit">1</P>
      <P Name="AffineConversion">off</P>
      <P Name="FilteringAndDerivatives">provide</P>
      <P Name="SimscapeFilterOrder">1</P>
      <P Name="InputFilterTimeConstant">0.001</P>
      <P Name="UdotUserProvided">0</P>
    </InstanceData>
  </Block>
  <Block BlockType="Reference" Name="Simulink-PS&#xA;Converter2" SID="1579">
    <PortCounts in="1" rconn="1"/>
    <P Name="Position">[690, 382, 705, 398]</P>
    <P Name="ZOrder">100000</P>
    <P Name="LibraryVersion">7.0</P>
    <P Name="SourceBlock">nesl_utility/Simulink-PS
Converter</P>
    <P Name="SourceType">Simulink-PS
Converter</P>
    <InstanceData>
      <P Name="RTWMemSecFuncInitTerm">Inherit from model</P>
      <P Name="RTWMemSecFuncExecute">Inherit from model</P>
      <P Name="RTWMemSecDataConstants">Inherit from model</P>
      <P Name="RTWMemSecDataInternal">Inherit from model</P>
      <P Name="RTWMemSecDataParameters">Inherit from model</P>
      <P Name="ContentPreviewEnabled">on</P>
      <P Name="PhysicalDomain">network_engine_domain</P>
      <P Name="SubClassName">ps_input</P>
      <P Name="LeftPortType">input</P>
      <P Name="RightPortType">output</P>
      <P Name="PseudoPeriodic">off</P>
      <P Name="Frequencies">[]</P>
      <P Name="NoiseDistribution">none</P>
      <P Name="NoiseParameters">[]</P>
      <P Name="Unit">1</P>
      <P Name="AffineConversion">off</P>
      <P Name="FilteringAndDerivatives">provide</P>
      <P Name="SimscapeFilterOrder">1</P>
      <P Name="InputFilterTimeConstant">0.001</P>
      <P Name="UdotUserProvided">0</P>
    </InstanceData>
  </Block>
  <Block BlockType="Reference" Name="Simulink-PS&#xA;Converter4" SID="1580">
    <PortCounts in="1" rconn="1"/>
    <P Name="Position">[1095, 332, 1110, 348]</P>
    <P Name="ZOrder">100000</P>
    <P Name="BlockMirror">on</P>
    <P Name="NameLocation">top</P>
    <P Name="LibraryVersion">7.0</P>
    <P Name="SourceBlock">nesl_utility/Simulink-PS
Converter</P>
    <P Name="SourceType">Simulink-PS
Converter</P>
    <InstanceData>
      <P Name="RTWMemSecFuncInitTerm">Inherit from model</P>
      <P Name="RTWMemSecFuncExecute">Inherit from model</P>
      <P Name="RTWMemSecDataConstants">Inherit from model</P>
      <P Name="RTWMemSecDataInternal">Inherit from model</P>
      <P Name="RTWMemSecDataParameters">Inherit from model</P>
      <P Name="ContentPreviewEnabled">on</P>
      <P Name="PhysicalDomain">network_engine_domain</P>
      <P Name="SubClassName">ps_input</P>
      <P Name="LeftPortType">input</P>
      <P Name="RightPortType">output</P>
      <P Name="PseudoPeriodic">off</P>
      <P Name="Frequencies">[]</P>
      <P Name="NoiseDistribution">none</P>
      <P Name="NoiseParameters">[]</P>
      <P Name="Unit">1</P>
      <P Name="AffineConversion">off</P>
      <P Name="FilteringAndDerivatives">provide</P>
      <P Name="SimscapeFilterOrder">1</P>
      <P Name="InputFilterTimeConstant">0.001</P>
      <P Name="UdotUserProvided">0</P>
    </InstanceData>
  </Block>
  <Block BlockType="Reference" Name="SixDofJ1" SID="1581">
    <PortCounts lconn="2" rconn="2"/>
    <P Name="Position">[730, 360, 770, 400]</P>
    <P Name="ZOrder">100000</P>
    <P Name="LibraryVersion">24.21</P>
    <P Name="SourceBlock">sm_lib/Joints/6-DOF Joint</P>
    <P Name="SourceType">6-DOF Joint</P>
    <InstanceData>
      <P Name="LogSimulationData">off</P>
      <P Name="SimscapeInstrumentationLogging">off</P>
      <P Name="SimscapeInstrumentationVariables" Ref="bdmxdata:SimscapeInstrumentationVariables_1581"/>
      <P Name="JointMode">ProvidedByInput</P>
      <P Name="CompositeWrenchDir">FollowerOnBase</P>
      <P Name="CompositeWrenchFrame">BaseFrame</P>
      <P Name="SenseConstraintForce">off</P>
      <P Name="SenseConstraintTorque">off</P>
      <P Name="SenseTotalForce">off</P>
      <P Name="SenseTotalTorque">off</P>
      <P Name="PxPositionTargetSpecify">off</P>
      <P Name="PxPositionTargetPriority">High</P>
      <P Name="PxPositionTargetValue">0</P>
      <P Name="PxPositionTargetValue_conf">compiletime</P>
      <P Name="PxPositionTargetValueUnits">m</P>
      <P Name="PxVelocityTargetSpecify">off</P>
      <P Name="PxVelocityTargetPriority">High</P>
      <P Name="PxVelocityTargetValue">0</P>
      <P Name="PxVelocityTargetValue_conf">compiletime</P>
      <P Name="PxVelocityTargetValueUnits">m/s</P>
      <P Name="PxEquilibriumPosition">0</P>
      <P Name="PxEquilibriumPosition_conf">compiletime</P>
      <P Name="PxEquilibriumPositionUnits">m</P>
      <P Name="PxSpringStiffness">0</P>
      <P Name="PxSpringStiffness_conf">compiletime</P>
      <P Name="PxSpringStiffnessUnits">N/m</P>
      <P Name="PxDampingCoefficient">0.1</P>
      <P Name="PxDampingCoefficient_conf">compiletime</P>
      <P Name="PxDampingCoefficientUnits">N/(m/s)</P>
      <P Name="PxLowerLimitSpecify">on</P>
      <P Name="PxLowerLimitBound">-0.01</P>
      <P Name="PxLowerLimitBound_conf">compiletime</P>
      <P Name="PxLowerLimitBoundUnits">m</P>
      <P Name="PxLowerLimitStiffness">1e4</P>
      <P Name="PxLowerLimitStiffness_conf">compiletime</P>
      <P Name="PxLowerLimitStiffnessUnits">N/m</P>
      <P Name="PxLowerLimitDamping">1e3</P>
      <P Name="PxLowerLimitDamping_conf">compiletime</P>
      <P Name="PxLowerLimitDampingUnits">N/(m/s)</P>
      <P Name="PxLowerLimitTransitionRegionWidth">1e-3</P>
      <P Name="PxLowerLimitTransitionRegionWidth_conf">compiletime</P>
      <P Name="PxLowerLimitTransitionRegionWidthUnits">m</P>
      <P Name="PxUpperLimitSpecify">on</P>
      <P Name="PxUpperLimitBound">0.01</P>
      <P Name="PxUpperLimitBound_conf">compiletime</P>
      <P Name="PxUpperLimitBoundUnits">m</P>
      <P Name="PxUpperLimitStiffness">1e4</P>
      <P Name="PxUpperLimitStiffness_conf">compiletime</P>
      <P Name="PxUpperLimitStiffnessUnits">N/m</P>
      <P Name="PxUpperLimitDamping">1e3</P>
      <P Name="PxUpperLimitDamping_conf">compiletime</P>
      <P Name="PxUpperLimitDampingUnits">N/(m/s)</P>
      <P Name="PxUpperLimitTransitionRegionWidth">1e-3</P>
      <P Name="PxUpperLimitTransitionRegionWidth_conf">compiletime</P>
      <P Name="PxUpperLimitTransitionRegionWidthUnits">m</P>
      <P Name="PxTorqueActuationMode">NoTorque</P>
      <P Name="PxMotionActuationMode">ComputedMotion</P>
      <P Name="PxSensePosition">off</P>
      <P Name="PxSenseVelocity">off</P>
      <P Name="PxSenseAcceleration">off</P>
      <P Name="PxSenseTorqueForce">off</P>
      <P Name="PxSenseLowerLimitTorqueForce">off</P>
      <P Name="PxSenseUpperLimitTorqueForce">off</P>
      <P Name="PyPositionTargetSpecify">off</P>
      <P Name="PyPositionTargetPriority">High</P>
      <P Name="PyPositionTargetValue">0</P>
      <P Name="PyPositionTargetValue_conf">compiletime</P>
      <P Name="PyPositionTargetValueUnits">m</P>
      <P Name="PyVelocityTargetSpecify">off</P>
      <P Name="PyVelocityTargetPriority">High</P>
      <P Name="PyVelocityTargetValue">0</P>
      <P Name="PyVelocityTargetValue_conf">compiletime</P>
      <P Name="PyVelocityTargetValueUnits">m/s</P>
      <P Name="PyEquilibriumPosition">0</P>
      <P Name="PyEquilibriumPosition_conf">compiletime</P>
      <P Name="PyEquilibriumPositionUnits">m</P>
      <P Name="PySpringStiffness">0</P>
      <P Name="PySpringStiffness_conf">compiletime</P>
      <P Name="PySpringStiffnessUnits">N/m</P>
      <P Name="PyDampingCoefficient">0.1</P>
      <P Name="PyDampingCoefficient_conf">compiletime</P>
      <P Name="PyDampingCoefficientUnits">N/(m/s)</P>
      <P Name="PyLowerLimitSpecify">on</P>
      <P Name="PyLowerLimitBound">-0.01</P>
      <P Name="PyLowerLimitBound_conf">compiletime</P>
      <P Name="PyLowerLimitBoundUnits">m</P>
      <P Name="PyLowerLimitStiffness">1e4</P>
      <P Name="PyLowerLimitStiffness_conf">compiletime</P>
      <P Name="PyLowerLimitStiffnessUnits">N/m</P>
      <P Name="PyLowerLimitDamping">1e3</P>
      <P Name="PyLowerLimitDamping_conf">compiletime</P>
      <P Name="PyLowerLimitDampingUnits">N/(m/s)</P>
      <P Name="PyLowerLimitTransitionRegionWidth">1e-3</P>
      <P Name="PyLowerLimitTransitionRegionWidth_conf">compiletime</P>
      <P Name="PyLowerLimitTransitionRegionWidthUnits">m</P>
      <P Name="PyUpperLimitSpecify">on</P>
      <P Name="PyUpperLimitBound">0.01</P>
      <P Name="PyUpperLimitBound_conf">compiletime</P>
      <P Name="PyUpperLimitBoundUnits">m</P>
      <P Name="PyUpperLimitStiffness">1e4</P>
      <P Name="PyUpperLimitStiffness_conf">compiletime</P>
      <P Name="PyUpperLimitStiffnessUnits">N/m</P>
      <P Name="PyUpperLimitDamping">1e3</P>
      <P Name="PyUpperLimitDamping_conf">compiletime</P>
      <P Name="PyUpperLimitDampingUnits">N/(m/s)</P>
      <P Name="PyUpperLimitTransitionRegionWidth">1e-3</P>
      <P Name="PyUpperLimitTransitionRegionWidth_conf">compiletime</P>
      <P Name="PyUpperLimitTransitionRegionWidthUnits">m</P>
      <P Name="PyTorqueActuationMode">NoTorque</P>
      <P Name="PyMotionActuationMode">ComputedMotion</P>
      <P Name="PySensePosition">off</P>
      <P Name="PySenseVelocity">off</P>
      <P Name="PySenseAcceleration">off</P>
      <P Name="PySenseTorqueForce">off</P>
      <P Name="PySenseLowerLimitTorqueForce">off</P>
      <P Name="PySenseUpperLimitTorqueForce">off</P>
      <P Name="PzPositionTargetSpecify">off</P>
      <P Name="PzPositionTargetPriority">High</P>
      <P Name="PzPositionTargetValue">0</P>
      <P Name="PzPositionTargetValue_conf">compiletime</P>
      <P Name="PzPositionTargetValueUnits">m</P>
      <P Name="PzVelocityTargetSpecify">off</P>
      <P Name="PzVelocityTargetPriority">High</P>
      <P Name="PzVelocityTargetValue">0</P>
      <P Name="PzVelocityTargetValue_conf">compiletime</P>
      <P Name="PzVelocityTargetValueUnits">m/s</P>
      <P Name="PzEquilibriumPosition">0</P>
      <P Name="PzEquilibriumPosition_conf">compiletime</P>
      <P Name="PzEquilibriumPositionUnits">m</P>
      <P Name="PzSpringStiffness">0</P>
      <P Name="PzSpringStiffness_conf">compiletime</P>
      <P Name="PzSpringStiffnessUnits">N/m</P>
      <P Name="PzDampingCoefficient">0.1</P>
      <P Name="PzDampingCoefficient_conf">compiletime</P>
      <P Name="PzDampingCoefficientUnits">N/(m/s)</P>
      <P Name="PzLowerLimitSpecify">on</P>
      <P Name="PzLowerLimitBound">-0.005</P>
      <P Name="PzLowerLimitBound_conf">compiletime</P>
      <P Name="PzLowerLimitBoundUnits">m</P>
      <P Name="PzLowerLimitStiffness">1</P>
      <P Name="PzLowerLimitStiffness_conf">compiletime</P>
      <P Name="PzLowerLimitStiffnessUnits">N/m</P>
      <P Name="PzLowerLimitDamping">0</P>
      <P Name="PzLowerLimitDamping_conf">compiletime</P>
      <P Name="PzLowerLimitDampingUnits">N/(m/s)</P>
      <P Name="PzLowerLimitTransitionRegionWidth">1e-3</P>
      <P Name="PzLowerLimitTransitionRegionWidth_conf">compiletime</P>
      <P Name="PzLowerLimitTransitionRegionWidthUnits">m</P>
      <P Name="PzUpperLimitSpecify">on</P>
      <P Name="PzUpperLimitBound">0.005</P>
      <P Name="PzUpperLimitBound_conf">compiletime</P>
      <P Name="PzUpperLimitBoundUnits">m</P>
      <P Name="PzUpperLimitStiffness">1</P>
      <P Name="PzUpperLimitStiffness_conf">compiletime</P>
      <P Name="PzUpperLimitStiffnessUnits">N/m</P>
      <P Name="PzUpperLimitDamping">0</P>
      <P Name="PzUpperLimitDamping_conf">compiletime</P>
      <P Name="PzUpperLimitDampingUnits">N/(m/s)</P>
      <P Name="PzUpperLimitTransitionRegionWidth">1e-3</P>
      <P Name="PzUpperLimitTransitionRegionWidth_conf">compiletime</P>
      <P Name="PzUpperLimitTransitionRegionWidthUnits">m</P>
      <P Name="PzTorqueActuationMode">NoTorque</P>
      <P Name="PzMotionActuationMode">ComputedMotion</P>
      <P Name="PzSensePosition">on</P>
      <P Name="PzSenseVelocity">off</P>
      <P Name="PzSenseAcceleration">off</P>
      <P Name="PzSenseTorqueForce">off</P>
      <P Name="PzSenseLowerLimitTorqueForce">off</P>
      <P Name="PzSenseUpperLimitTorqueForce">off</P>
      <P Name="SphPositionTargetSpecify">off</P>
      <P Name="SphPositionTargetPriority">High</P>
      <P Name="SphPositionTargetRotationMethod">None</P>
      <P Name="SphPositionTargetFollAlignAxisA">+X</P>
      <P Name="SphPositionTargetBaseAlignAxisA">+Y</P>
      <P Name="SphPositionTargetFollAlignAxisB">+Y</P>
      <P Name="SphPositionTargetBaseAlignAxisB">+Z</P>
      <P Name="SphPositionTargetRotationStandardAxis">+Z</P>
      <P Name="SphPositionTargetRotationAngle">0.0</P>
      <P Name="SphPositionTargetRotationAngle_conf">compiletime</P>
      <P Name="SphPositionTargetRotationAngleUnits">deg</P>
      <P Name="SphPositionTargetRotationArbitraryAxis">[0 0 1]</P>
      <P Name="SphPositionTargetRotationArbitraryAxis_conf">compiletime</P>
      <P Name="SphPositionTargetRotationSequenceAxes">FollowerAxes</P>
      <P Name="SphPositionTargetRotationSequence">XYX</P>
      <P Name="SphPositionTargetRotationSequenceAngles">[0 0 0]</P>
      <P Name="SphPositionTargetRotationSequenceAngles_conf">compiletime</P>
      <P Name="SphPositionTargetRotationSequenceAnglesUnits">deg</P>
      <P Name="SphPositionTargetRotationMatrix">[1 0 0; 0 1 0; 0 0 1]</P>
      <P Name="SphPositionTargetRotationMatrix_conf">compiletime</P>
      <P Name="SphPositionTargetQuaternion">[1 0 0 0]</P>
      <P Name="SphPositionTargetQuaternion_conf">compiletime</P>
      <P Name="SphVelocityTargetSpecify">off</P>
      <P Name="SphVelocityTargetPriority">High</P>
      <P Name="SphVelocityTargetValue">[0 0 0]</P>
      <P Name="SphVelocityTargetValue_conf">compiletime</P>
      <P Name="SphVelocityTargetValueUnits">deg/s</P>
      <P Name="SphVelocityTargetInFollowerFrame">on</P>
      <P Name="SphEqPosRotationMethod">None</P>
      <P Name="SphEqPosFollAlignAxisA">+X</P>
      <P Name="SphEqPosBaseAlignAxisA">+Y</P>
      <P Name="SphEqPosFollAlignAxisB">+Y</P>
      <P Name="SphEqPosBaseAlignAxisB">+Z</P>
      <P Name="SphEqPosRotationStandardAxis">+Z</P>
      <P Name="SphEqPosRotationAngle">0.0</P>
      <P Name="SphEqPosRotationAngle_conf">compiletime</P>
      <P Name="SphEqPosRotationAngleUnits">deg</P>
      <P Name="SphEqPosRotationArbitraryAxis">[0 0 1]</P>
      <P Name="SphEqPosRotationArbitraryAxis_conf">compiletime</P>
      <P Name="SphEqPosRotationSequenceAxes">FollowerAxes</P>
      <P Name="SphEqPosRotationSequence">XYX</P>
      <P Name="SphEqPosRotationSequenceAngles">[0 0 0]</P>
      <P Name="SphEqPosRotationSequenceAngles_conf">compiletime</P>
      <P Name="SphEqPosRotationSequenceAnglesUnits">deg</P>
      <P Name="SphEqPosRotationMatrix">[1 0 0; 0 1 0; 0 0 1]</P>
      <P Name="SphEqPosRotationMatrix_conf">compiletime</P>
      <P Name="SphEqPosQuaternion">[1 0 0 0]</P>
      <P Name="SphEqPosQuaternion_conf">compiletime</P>
      <P Name="SphSpringStiffness">0</P>
      <P Name="SphSpringStiffness_conf">compiletime</P>
      <P Name="SphSpringStiffnessUnits">N*m/deg</P>
      <P Name="SphDampingCoefficient">0</P>
      <P Name="SphDampingCoefficient_conf">compiletime</P>
      <P Name="SphDampingCoefficientUnits">N*m/(deg/s)</P>
      <P Name="SphLowerLimitSpecify">off</P>
      <P Name="SphLowerLimitBound">15</P>
      <P Name="SphLowerLimitBound_conf">compiletime</P>
      <P Name="SphLowerLimitBoundUnits">deg</P>
      <P Name="SphLowerLimitStiffness">1e4</P>
      <P Name="SphLowerLimitStiffness_conf">compiletime</P>
      <P Name="SphLowerLimitStiffnessUnits">N*m/deg</P>
      <P Name="SphLowerLimitDamping">10</P>
      <P Name="SphLowerLimitDamping_conf">compiletime</P>
      <P Name="SphLowerLimitDampingUnits">N*m/(deg/s)</P>
      <P Name="SphLowerLimitTransitionRegionWidth">0.1</P>
      <P Name="SphLowerLimitTransitionRegionWidth_conf">compiletime</P>
      <P Name="SphLowerLimitTransitionRegionWidthUnits">deg</P>
      <P Name="SphUpperLimitSpecify">off</P>
      <P Name="SphUpperLimitBound">45</P>
      <P Name="SphUpperLimitBound_conf">compiletime</P>
      <P Name="SphUpperLimitBoundUnits">deg</P>
      <P Name="SphUpperLimitStiffness">1e4</P>
      <P Name="SphUpperLimitStiffness_conf">compiletime</P>
      <P Name="SphUpperLimitStiffnessUnits">N*m/deg</P>
      <P Name="SphUpperLimitDamping">10</P>
      <P Name="SphUpperLimitDamping_conf">compiletime</P>
      <P Name="SphUpperLimitDampingUnits">N*m/(deg/s)</P>
      <P Name="SphUpperLimitTransitionRegionWidth">0.1</P>
      <P Name="SphUpperLimitTransitionRegionWidth_conf">compiletime</P>
      <P Name="SphUpperLimitTransitionRegionWidthUnits">deg</P>
      <P Name="SphTorqueActuationMode">NoTorque</P>
      <P Name="SphActuateTorqueX">off</P>
      <P Name="SphActuateTorqueY">off</P>
      <P Name="SphActuateTorqueZ">off</P>
      <P Name="SphActuateTorque">off</P>
      <P Name="SphActuationFrame">BaseFrame</P>
      <P Name="SphSensePosition">off</P>
      <P Name="SphSenseVelocityX">off</P>
      <P Name="SphSenseVelocityY">off</P>
      <P Name="SphSenseVelocityZ">off</P>
      <P Name="SphSenseVelocity">off</P>
      <P Name="SphSenseAccelerationX">off</P>
      <P Name="SphSenseAccelerationY">off</P>
      <P Name="SphSenseAccelerationZ">off</P>
      <P Name="SphSenseAcceleration">off</P>
      <P Name="SphSenseLowerLimitTorqueMag">off</P>
      <P Name="SphSenseUpperLimitTorqueMag">off</P>
      <P Name="SphSensingFrame">BaseFrame</P>
    </InstanceData>
  </Block>
  <Block BlockType="Reference" Name="SixDofJ2" SID="1582">
    <PortCounts lconn="2" rconn="1"/>
    <P Name="Position">[1035, 310, 1075, 350]</P>
    <P Name="ZOrder">100000</P>
    <P Name="BlockMirror">on</P>
    <P Name="LibraryVersion">24.21</P>
    <P Name="SourceBlock">sm_lib/Joints/6-DOF Joint</P>
    <P Name="SourceType">6-DOF Joint</P>
    <InstanceData>
      <P Name="LogSimulationData">off</P>
      <P Name="SimscapeInstrumentationLogging">off</P>
      <P Name="SimscapeInstrumentationVariables" Ref="bdmxdata:SimscapeInstrumentationVariables_1582"/>
      <P Name="JointMode">ProvidedByInput</P>
      <P Name="CompositeWrenchDir">FollowerOnBase</P>
      <P Name="CompositeWrenchFrame">BaseFrame</P>
      <P Name="SenseConstraintForce">off</P>
      <P Name="SenseConstraintTorque">off</P>
      <P Name="SenseTotalForce">off</P>
      <P Name="SenseTotalTorque">off</P>
      <P Name="PxPositionTargetSpecify">off</P>
      <P Name="PxPositionTargetPriority">High</P>
      <P Name="PxPositionTargetValue">0</P>
      <P Name="PxPositionTargetValue_conf">compiletime</P>
      <P Name="PxPositionTargetValueUnits">m</P>
      <P Name="PxVelocityTargetSpecify">off</P>
      <P Name="PxVelocityTargetPriority">High</P>
      <P Name="PxVelocityTargetValue">0</P>
      <P Name="PxVelocityTargetValue_conf">compiletime</P>
      <P Name="PxVelocityTargetValueUnits">m/s</P>
      <P Name="PxEquilibriumPosition">0</P>
      <P Name="PxEquilibriumPosition_conf">compiletime</P>
      <P Name="PxEquilibriumPositionUnits">m</P>
      <P Name="PxSpringStiffness">0</P>
      <P Name="PxSpringStiffness_conf">compiletime</P>
      <P Name="PxSpringStiffnessUnits">N/m</P>
      <P Name="PxDampingCoefficient">0.1</P>
      <P Name="PxDampingCoefficient_conf">compiletime</P>
      <P Name="PxDampingCoefficientUnits">N/(m/s)</P>
      <P Name="PxLowerLimitSpecify">on</P>
      <P Name="PxLowerLimitBound">-0.01</P>
      <P Name="PxLowerLimitBound_conf">compiletime</P>
      <P Name="PxLowerLimitBoundUnits">m</P>
      <P Name="PxLowerLimitStiffness">1e4</P>
      <P Name="PxLowerLimitStiffness_conf">compiletime</P>
      <P Name="PxLowerLimitStiffnessUnits">N/m</P>
      <P Name="PxLowerLimitDamping">1e2</P>
      <P Name="PxLowerLimitDamping_conf">compiletime</P>
      <P Name="PxLowerLimitDampingUnits">N/(m/s)</P>
      <P Name="PxLowerLimitTransitionRegionWidth">1e-3</P>
      <P Name="PxLowerLimitTransitionRegionWidth_conf">compiletime</P>
      <P Name="PxLowerLimitTransitionRegionWidthUnits">m</P>
      <P Name="PxUpperLimitSpecify">on</P>
      <P Name="PxUpperLimitBound">0.01</P>
      <P Name="PxUpperLimitBound_conf">compiletime</P>
      <P Name="PxUpperLimitBoundUnits">m</P>
      <P Name="PxUpperLimitStiffness">1e4</P>
      <P Name="PxUpperLimitStiffness_conf">compiletime</P>
      <P Name="PxUpperLimitStiffnessUnits">N/m</P>
      <P Name="PxUpperLimitDamping">1e2</P>
      <P Name="PxUpperLimitDamping_conf">compiletime</P>
      <P Name="PxUpperLimitDampingUnits">N/(m/s)</P>
      <P Name="PxUpperLimitTransitionRegionWidth">1e-3</P>
      <P Name="PxUpperLimitTransitionRegionWidth_conf">compiletime</P>
      <P Name="PxUpperLimitTransitionRegionWidthUnits">m</P>
      <P Name="PxTorqueActuationMode">NoTorque</P>
      <P Name="PxMotionActuationMode">ComputedMotion</P>
      <P Name="PxSensePosition">off</P>
      <P Name="PxSenseVelocity">off</P>
      <P Name="PxSenseAcceleration">off</P>
      <P Name="PxSenseTorqueForce">off</P>
      <P Name="PxSenseLowerLimitTorqueForce">off</P>
      <P Name="PxSenseUpperLimitTorqueForce">off</P>
      <P Name="PyPositionTargetSpecify">off</P>
      <P Name="PyPositionTargetPriority">High</P>
      <P Name="PyPositionTargetValue">0</P>
      <P Name="PyPositionTargetValue_conf">compiletime</P>
      <P Name="PyPositionTargetValueUnits">m</P>
      <P Name="PyVelocityTargetSpecify">off</P>
      <P Name="PyVelocityTargetPriority">High</P>
      <P Name="PyVelocityTargetValue">0</P>
      <P Name="PyVelocityTargetValue_conf">compiletime</P>
      <P Name="PyVelocityTargetValueUnits">m/s</P>
      <P Name="PyEquilibriumPosition">0</P>
      <P Name="PyEquilibriumPosition_conf">compiletime</P>
      <P Name="PyEquilibriumPositionUnits">m</P>
      <P Name="PySpringStiffness">0</P>
      <P Name="PySpringStiffness_conf">compiletime</P>
      <P Name="PySpringStiffnessUnits">N/m</P>
      <P Name="PyDampingCoefficient">0.1</P>
      <P Name="PyDampingCoefficient_conf">compiletime</P>
      <P Name="PyDampingCoefficientUnits">N/(m/s)</P>
      <P Name="PyLowerLimitSpecify">on</P>
      <P Name="PyLowerLimitBound">-0.01</P>
      <P Name="PyLowerLimitBound_conf">compiletime</P>
      <P Name="PyLowerLimitBoundUnits">m</P>
      <P Name="PyLowerLimitStiffness">1e4</P>
      <P Name="PyLowerLimitStiffness_conf">compiletime</P>
      <P Name="PyLowerLimitStiffnessUnits">N/m</P>
      <P Name="PyLowerLimitDamping">1e3</P>
      <P Name="PyLowerLimitDamping_conf">compiletime</P>
      <P Name="PyLowerLimitDampingUnits">N/(m/s)</P>
      <P Name="PyLowerLimitTransitionRegionWidth">1e-3</P>
      <P Name="PyLowerLimitTransitionRegionWidth_conf">compiletime</P>
      <P Name="PyLowerLimitTransitionRegionWidthUnits">m</P>
      <P Name="PyUpperLimitSpecify">on</P>
      <P Name="PyUpperLimitBound">0.01</P>
      <P Name="PyUpperLimitBound_conf">compiletime</P>
      <P Name="PyUpperLimitBoundUnits">m</P>
      <P Name="PyUpperLimitStiffness">1e4</P>
      <P Name="PyUpperLimitStiffness_conf">compiletime</P>
      <P Name="PyUpperLimitStiffnessUnits">N/m</P>
      <P Name="PyUpperLimitDamping">1e3</P>
      <P Name="PyUpperLimitDamping_conf">compiletime</P>
      <P Name="PyUpperLimitDampingUnits">N/(m/s)</P>
      <P Name="PyUpperLimitTransitionRegionWidth">1e-3</P>
      <P Name="PyUpperLimitTransitionRegionWidth_conf">compiletime</P>
      <P Name="PyUpperLimitTransitionRegionWidthUnits">m</P>
      <P Name="PyTorqueActuationMode">NoTorque</P>
      <P Name="PyMotionActuationMode">ComputedMotion</P>
      <P Name="PySensePosition">off</P>
      <P Name="PySenseVelocity">off</P>
      <P Name="PySenseAcceleration">off</P>
      <P Name="PySenseTorqueForce">off</P>
      <P Name="PySenseLowerLimitTorqueForce">off</P>
      <P Name="PySenseUpperLimitTorqueForce">off</P>
      <P Name="PzPositionTargetSpecify">off</P>
      <P Name="PzPositionTargetPriority">High</P>
      <P Name="PzPositionTargetValue">0</P>
      <P Name="PzPositionTargetValue_conf">compiletime</P>
      <P Name="PzPositionTargetValueUnits">m</P>
      <P Name="PzVelocityTargetSpecify">off</P>
      <P Name="PzVelocityTargetPriority">High</P>
      <P Name="PzVelocityTargetValue">0</P>
      <P Name="PzVelocityTargetValue_conf">compiletime</P>
      <P Name="PzVelocityTargetValueUnits">m/s</P>
      <P Name="PzEquilibriumPosition">0</P>
      <P Name="PzEquilibriumPosition_conf">compiletime</P>
      <P Name="PzEquilibriumPositionUnits">m</P>
      <P Name="PzSpringStiffness">0</P>
      <P Name="PzSpringStiffness_conf">compiletime</P>
      <P Name="PzSpringStiffnessUnits">N/m</P>
      <P Name="PzDampingCoefficient">0.1</P>
      <P Name="PzDampingCoefficient_conf">compiletime</P>
      <P Name="PzDampingCoefficientUnits">N/(m/s)</P>
      <P Name="PzLowerLimitSpecify">on</P>
      <P Name="PzLowerLimitBound">-0.02</P>
      <P Name="PzLowerLimitBound_conf">compiletime</P>
      <P Name="PzLowerLimitBoundUnits">m</P>
      <P Name="PzLowerLimitStiffness">1e4</P>
      <P Name="PzLowerLimitStiffness_conf">compiletime</P>
      <P Name="PzLowerLimitStiffnessUnits">N/m</P>
      <P Name="PzLowerLimitDamping">1e3</P>
      <P Name="PzLowerLimitDamping_conf">compiletime</P>
      <P Name="PzLowerLimitDampingUnits">N/(m/s)</P>
      <P Name="PzLowerLimitTransitionRegionWidth">1e-3</P>
      <P Name="PzLowerLimitTransitionRegionWidth_conf">compiletime</P>
      <P Name="PzLowerLimitTransitionRegionWidthUnits">m</P>
      <P Name="PzUpperLimitSpecify">on</P>
      <P Name="PzUpperLimitBound">0.02</P>
      <P Name="PzUpperLimitBound_conf">compiletime</P>
      <P Name="PzUpperLimitBoundUnits">m</P>
      <P Name="PzUpperLimitStiffness">1e4</P>
      <P Name="PzUpperLimitStiffness_conf">compiletime</P>
      <P Name="PzUpperLimitStiffnessUnits">N/m</P>
      <P Name="PzUpperLimitDamping">1e3</P>
      <P Name="PzUpperLimitDamping_conf">compiletime</P>
      <P Name="PzUpperLimitDampingUnits">N/(m/s)</P>
      <P Name="PzUpperLimitTransitionRegionWidth">1e-3</P>
      <P Name="PzUpperLimitTransitionRegionWidth_conf">compiletime</P>
      <P Name="PzUpperLimitTransitionRegionWidthUnits">m</P>
      <P Name="PzTorqueActuationMode">NoTorque</P>
      <P Name="PzMotionActuationMode">ComputedMotion</P>
      <P Name="PzSensePosition">off</P>
      <P Name="PzSenseVelocity">off</P>
      <P Name="PzSenseAcceleration">off</P>
      <P Name="PzSenseTorqueForce">off</P>
      <P Name="PzSenseLowerLimitTorqueForce">off</P>
      <P Name="PzSenseUpperLimitTorqueForce">off</P>
      <P Name="SphPositionTargetSpecify">off</P>
      <P Name="SphPositionTargetPriority">High</P>
      <P Name="SphPositionTargetRotationMethod">None</P>
      <P Name="SphPositionTargetFollAlignAxisA">+X</P>
      <P Name="SphPositionTargetBaseAlignAxisA">+Y</P>
      <P Name="SphPositionTargetFollAlignAxisB">+Y</P>
      <P Name="SphPositionTargetBaseAlignAxisB">+Z</P>
      <P Name="SphPositionTargetRotationStandardAxis">+Z</P>
      <P Name="SphPositionTargetRotationAngle">0.0</P>
      <P Name="SphPositionTargetRotationAngle_conf">compiletime</P>
      <P Name="SphPositionTargetRotationAngleUnits">deg</P>
      <P Name="SphPositionTargetRotationArbitraryAxis">[0 0 1]</P>
      <P Name="SphPositionTargetRotationArbitraryAxis_conf">compiletime</P>
      <P Name="SphPositionTargetRotationSequenceAxes">FollowerAxes</P>
      <P Name="SphPositionTargetRotationSequence">XYX</P>
      <P Name="SphPositionTargetRotationSequenceAngles">[0 0 0]</P>
      <P Name="SphPositionTargetRotationSequenceAngles_conf">compiletime</P>
      <P Name="SphPositionTargetRotationSequenceAnglesUnits">deg</P>
      <P Name="SphPositionTargetRotationMatrix">[1 0 0; 0 1 0; 0 0 1]</P>
      <P Name="SphPositionTargetRotationMatrix_conf">compiletime</P>
      <P Name="SphPositionTargetQuaternion">[1 0 0 0]</P>
      <P Name="SphPositionTargetQuaternion_conf">compiletime</P>
      <P Name="SphVelocityTargetSpecify">off</P>
      <P Name="SphVelocityTargetPriority">High</P>
      <P Name="SphVelocityTargetValue">[0 0 0]</P>
      <P Name="SphVelocityTargetValue_conf">compiletime</P>
      <P Name="SphVelocityTargetValueUnits">deg/s</P>
      <P Name="SphVelocityTargetInFollowerFrame">on</P>
      <P Name="SphEqPosRotationMethod">None</P>
      <P Name="SphEqPosFollAlignAxisA">+X</P>
      <P Name="SphEqPosBaseAlignAxisA">+Y</P>
      <P Name="SphEqPosFollAlignAxisB">+Y</P>
      <P Name="SphEqPosBaseAlignAxisB">+Z</P>
      <P Name="SphEqPosRotationStandardAxis">+Z</P>
      <P Name="SphEqPosRotationAngle">0.0</P>
      <P Name="SphEqPosRotationAngle_conf">compiletime</P>
      <P Name="SphEqPosRotationAngleUnits">deg</P>
      <P Name="SphEqPosRotationArbitraryAxis">[0 0 1]</P>
      <P Name="SphEqPosRotationArbitraryAxis_conf">compiletime</P>
      <P Name="SphEqPosRotationSequenceAxes">FollowerAxes</P>
      <P Name="SphEqPosRotationSequence">XYX</P>
      <P Name="SphEqPosRotationSequenceAngles">[0 0 0]</P>
      <P Name="SphEqPosRotationSequenceAngles_conf">compiletime</P>
      <P Name="SphEqPosRotationSequenceAnglesUnits">deg</P>
      <P Name="SphEqPosRotationMatrix">[1 0 0; 0 1 0; 0 0 1]</P>
      <P Name="SphEqPosRotationMatrix_conf">compiletime</P>
      <P Name="SphEqPosQuaternion">[1 0 0 0]</P>
      <P Name="SphEqPosQuaternion_conf">compiletime</P>
      <P Name="SphSpringStiffness">0</P>
      <P Name="SphSpringStiffness_conf">compiletime</P>
      <P Name="SphSpringStiffnessUnits">N*m/deg</P>
      <P Name="SphDampingCoefficient">0.1</P>
      <P Name="SphDampingCoefficient_conf">compiletime</P>
      <P Name="SphDampingCoefficientUnits">N*m/(deg/s)</P>
      <P Name="SphLowerLimitSpecify">off</P>
      <P Name="SphLowerLimitBound">15</P>
      <P Name="SphLowerLimitBound_conf">compiletime</P>
      <P Name="SphLowerLimitBoundUnits">deg</P>
      <P Name="SphLowerLimitStiffness">1e4</P>
      <P Name="SphLowerLimitStiffness_conf">compiletime</P>
      <P Name="SphLowerLimitStiffnessUnits">N*m/deg</P>
      <P Name="SphLowerLimitDamping">10</P>
      <P Name="SphLowerLimitDamping_conf">compiletime</P>
      <P Name="SphLowerLimitDampingUnits">N*m/(deg/s)</P>
      <P Name="SphLowerLimitTransitionRegionWidth">0.1</P>
      <P Name="SphLowerLimitTransitionRegionWidth_conf">compiletime</P>
      <P Name="SphLowerLimitTransitionRegionWidthUnits">deg</P>
      <P Name="SphUpperLimitSpecify">off</P>
      <P Name="SphUpperLimitBound">45</P>
      <P Name="SphUpperLimitBound_conf">compiletime</P>
      <P Name="SphUpperLimitBoundUnits">deg</P>
      <P Name="SphUpperLimitStiffness">1e4</P>
      <P Name="SphUpperLimitStiffness_conf">compiletime</P>
      <P Name="SphUpperLimitStiffnessUnits">N*m/deg</P>
      <P Name="SphUpperLimitDamping">10</P>
      <P Name="SphUpperLimitDamping_conf">compiletime</P>
      <P Name="SphUpperLimitDampingUnits">N*m/(deg/s)</P>
      <P Name="SphUpperLimitTransitionRegionWidth">0.1</P>
      <P Name="SphUpperLimitTransitionRegionWidth_conf">compiletime</P>
      <P Name="SphUpperLimitTransitionRegionWidthUnits">deg</P>
      <P Name="SphTorqueActuationMode">NoTorque</P>
      <P Name="SphActuateTorqueX">off</P>
      <P Name="SphActuateTorqueY">off</P>
      <P Name="SphActuateTorqueZ">off</P>
      <P Name="SphActuateTorque">off</P>
      <P Name="SphActuationFrame">BaseFrame</P>
      <P Name="SphSensePosition">off</P>
      <P Name="SphSenseVelocityX">off</P>
      <P Name="SphSenseVelocityY">off</P>
      <P Name="SphSenseVelocityZ">off</P>
      <P Name="SphSenseVelocity">off</P>
      <P Name="SphSenseAccelerationX">off</P>
      <P Name="SphSenseAccelerationY">off</P>
      <P Name="SphSenseAccelerationZ">off</P>
      <P Name="SphSenseAcceleration">off</P>
      <P Name="SphSenseLowerLimitTorqueMag">off</P>
      <P Name="SphSenseUpperLimitTorqueMag">off</P>
      <P Name="SphSensingFrame">BaseFrame</P>
    </InstanceData>
  </Block>
  <Block BlockType="Reference" Name="Spherical Solid" SID="1583">
    <PortCounts rconn="1"/>
    <P Name="Position">[335, 160, 375, 200]</P>
    <P Name="ZOrder">100000</P>
    <P Name="LibraryVersion">24.21</P>
    <P Name="SourceBlock">sm_lib/Body Elements/Spherical Solid</P>
    <P Name="SourceType">Spherical Solid</P>
    <InstanceData>
      <P Name="LogSimulationData">off</P>
      <P Name="SimscapeInstrumentationLogging">off</P>
      <P Name="SimscapeInstrumentationVariables" Ref="bdmxdata:SimscapeInstrumentationVariables_1583"/>
      <P Name="SphereRadius">0.35</P>
      <P Name="SphereRadius_conf">compiletime</P>
      <P Name="SphereRadiusUnits">m</P>
      <P Name="ExportEntireGeometry">off</P>
      <P Name="InertiaType">CalculateFromGeometry</P>
      <P Name="BasedOnType">Density</P>
      <P Name="Density">1000</P>
      <P Name="Density_conf">compiletime</P>
      <P Name="DensityUnits">kg/m^3</P>
      <P Name="Mass">1</P>
      <P Name="Mass_conf">compiletime</P>
      <P Name="MassUnits">kg</P>
      <P Name="CenterOfMass">[0 0 0]</P>
      <P Name="CenterOfMass_conf">compiletime</P>
      <P Name="CenterOfMassUnits">m</P>
      <P Name="MomentsOfInertia">[1 1 1]</P>
      <P Name="MomentsOfInertia_conf">compiletime</P>
      <P Name="MomentsOfInertiaUnits">kg*m^2</P>
      <P Name="ProductsOfInertia">[0 0 0]</P>
      <P Name="ProductsOfInertia_conf">compiletime</P>
      <P Name="ProductsOfInertiaUnits">kg*m^2</P>
      <P Name="GraphicType">FromGeometry</P>
      <P Name="MarkerShape">Sphere</P>
      <P Name="MarkerSize">10</P>
      <P Name="MarkerSize_conf">compiletime</P>
      <P Name="GraphicVisPropType">SimpleVisualProperties</P>
      <P Name="GraphicDiffuseColor">[0.2 1.0 0.2]</P>
      <P Name="GraphicDiffuseColor_conf">compiletime</P>
      <P Name="GraphicOpacity">0.3</P>
      <P Name="GraphicOpacity_conf">compiletime</P>
      <P Name="GraphicSpecularColor">[0.5 0.5 0.5 1.0]</P>
      <P Name="GraphicSpecularColor_conf">compiletime</P>
      <P Name="GraphicAmbientColor">[0.15 0.15 0.15 1.0]</P>
      <P Name="GraphicAmbientColor_conf">compiletime</P>
      <P Name="GraphicEmissiveColor">[0.0 0.0 0.0 1.0]</P>
      <P Name="GraphicEmissiveColor_conf">compiletime</P>
      <P Name="GraphicShininess">75</P>
      <P Name="GraphicShininess_conf">compiletime</P>
      <P Name="DoExposeReferenceFrame">on</P>
      <P Name="SerializedFrames">&lt;Frames/&gt;</P>
    </InstanceData>
  </Block>
  <Block BlockType="Switch" Name="Switch2" SID="1584">
    <P Name="Position">[290, 350, 340, 390]</P>
    <P Name="ZOrder">100000</P>
    <P Name="Criteria">u2 &gt; Threshold</P>
    <P Name="InputSameDT">off</P>
    <P Name="SaturateOnIntegerOverflow">off</P>
  </Block>
  <Block BlockType="Switch" Name="Switch4" SID="1585">
    <P Name="Position">[540, 425, 590, 465]</P>
    <P Name="ZOrder">100000</P>
    <P Name="Criteria">u2 &gt; Threshold</P>
    <P Name="InputSameDT">off</P>
    <P Name="SaturateOnIntegerOverflow">off</P>
  </Block>
  <Block BlockType="Switch" Name="Switch5" SID="1586">
    <P Name="Position">[1075, 220, 1125, 260]</P>
    <P Name="ZOrder">100000</P>
    <P Name="Criteria">u2 &gt; Threshold</P>
    <P Name="InputSameDT">off</P>
    <P Name="SaturateOnIntegerOverflow">off</P>
  </Block>
  <Block BlockType="Switch" Name="Switch7" SID="1587">
    <P Name="Position">[610, 370, 650, 410]</P>
    <P Name="ZOrder">100000</P>
    <P Name="Criteria">u2 &gt; Threshold</P>
    <P Name="InputSameDT">off</P>
    <P Name="SaturateOnIntegerOverflow">off</P>
  </Block>
  <Block BlockType="Reference" Name="Viz" SID="1588">
    <PortCounts rconn="1"/>
    <P Name="Position">[555, 245, 595, 285]</P>
    <P Name="ZOrder">100000</P>
    <P Name="BlockRotation">270</P>
    <P Name="BlockMirror">on</P>
    <P Name="NameLocation">left</P>
    <P Name="ShowName">off</P>
    <P Name="LibraryVersion">24.21</P>
    <P Name="SourceBlock">sm_lib/Body Elements/Graphic</P>
    <P Name="SourceType">Graphic</P>
    <InstanceData>
      <P Name="LogSimulationData">off</P>
      <P Name="SimscapeInstrumentationLogging">off</P>
      <P Name="SimscapeInstrumentationVariables" Ref="bdmxdata:SimscapeInstrumentationVariables_1588"/>
      <P Name="GraphicType">Marker</P>
      <P Name="MarkerShape">Frame</P>
      <P Name="MarkerSize">5</P>
      <P Name="MarkerSize_conf">compiletime</P>
      <P Name="GraphicVisPropType">SimpleVisualProperties</P>
      <P Name="GraphicDiffuseColor">[1 0 0]</P>
      <P Name="GraphicDiffuseColor_conf">compiletime</P>
      <P Name="GraphicOpacity">1.0</P>
      <P Name="GraphicOpacity_conf">compiletime</P>
      <P Name="GraphicSpecularColor">[0.5 0.5 0.5 1.0]</P>
      <P Name="GraphicSpecularColor_conf">compiletime</P>
      <P Name="GraphicAmbientColor">[0.15 0.15 0.15 1.0]</P>
      <P Name="GraphicAmbientColor_conf">compiletime</P>
      <P Name="GraphicEmissiveColor">[0.0 0.0 0.0 1.0]</P>
      <P Name="GraphicEmissiveColor_conf">compiletime</P>
      <P Name="GraphicShininess">75</P>
      <P Name="GraphicShininess_conf">compiletime</P>
    </InstanceData>
  </Block>
  <Block BlockType="SubSystem" Name="hold1" SID="1589">
    <PortCounts in="1" out="1"/>
    <P Name="Position">[1140, 419, 1205, 451]</P>
    <P Name="ZOrder">100000</P>
    <P Name="ContentPreviewEnabled">on</P>
    <Mask>
      <Display RunInitForIconRedraw="off"/>
    </Mask>
    <System Ref="system_1589"/>
  </Block>
  <Block BlockType="SubSystem" Name="hold2" SID="1601">
    <PortCounts in="1" out="1"/>
    <P Name="Position">[820, 374, 895, 406]</P>
    <P Name="ZOrder">100000</P>
    <P Name="ContentPreviewEnabled">on</P>
    <Mask>
      <Display RunInitForIconRedraw="off"/>
    </Mask>
    <System Ref="system_1601"/>
  </Block>
  <Block BlockType="PMIOPort" Name="SenseSamplePosition" SID="1613">
    <P Name="Position">[185, 218, 215, 232]</P>
    <P Name="ZOrder">100000</P>
    <P Name="Side">Left</P>
  </Block>
  <Block BlockType="PMIOPort" Name="Conn2" SID="1614">
    <P Name="Position">[670, 348, 700, 362]</P>
    <P Name="ZOrder">100000</P>
    <P Name="Port">2</P>
    <P Name="Side">Left</P>
  </Block>
  <Block BlockType="PMIOPort" Name="Conn3" SID="1615">
    <P Name="Position">[130, 303, 160, 317]</P>
    <P Name="ZOrder">100000</P>
    <P Name="Port">3</P>
    <P Name="Side">Left</P>
  </Block>
  <Block BlockType="PMIOPort" Name="Conn1" SID="1616">
    <P Name="Position">[1175, 313, 1205, 327]</P>
    <P Name="ZOrder">100000</P>
    <P Name="BlockMirror">on</P>
    <P Name="Port">4</P>
    <P Name="Side">Right</P>
  </Block>
  <Line>
    <P Name="ZOrder">1</P>
    <P Name="Src">1567#out:1</P>
    <P Name="Dst">1584#in:2</P>
  </Line>
  <Line>
    <P Name="ZOrder">2</P>
    <P Name="Src">1563#out:1</P>
    <P Name="Dst">1584#in:1</P>
  </Line>
  <Line>
    <P Name="ZOrder">3</P>
    <P Name="Src">1564#out:1</P>
    <P Name="Dst">1584#in:3</P>
  </Line>
  <Line>
    <P Name="ZOrder">4</P>
    <P Name="Src">1565#out:1</P>
    <P Name="Dst">1585#in:1</P>
  </Line>
  <Line>
    <P Name="ZOrder">5</P>
    <P Name="Src">1566#out:1</P>
    <P Name="Dst">1585#in:3</P>
  </Line>
  <Line LineType="Connection">
    <P Name="ZOrder">6</P>
    <P Name="Src">1574#lconn:1</P>
    <P Name="Points">[0, 10]</P>
    <Branch ConnectType="DEST_SRC">
      <P Name="Dst">1573#rconn:1</P>
    </Branch>
    <Branch ConnectType="DEST_DEST">
      <P Name="Src">1572#lconn:1</P>
      <P Name="Points">[-75, 0]</P>
    </Branch>
  </Line>
  <Line LineType="Connection">
    <P Name="ZOrder">9</P>
    <P Name="Src">1581#rconn:1</P>
    <P Name="Points">[1, 0; 0, -40]</P>
    <Branch ConnectType="DEST_SRC">
      <P Name="Points">[0, -10; -163, 0]</P>
      <Branch ConnectType="DEST_SRC">
        <P Name="Dst">1572#rconn:1</P>
      </Branch>
      <Branch ConnectType="DEST_DEST">
        <P Name="Points">[623, 309; 0, 11]</P>
        <Branch ConnectType="SRC_DEST">
          <P Name="Src">1588#rconn:1</P>
          <P Name="Points">[0, 9; 48, 0]</P>
        </Branch>
        <Branch ConnectType="SRC_SRC">
          <P Name="Points">[17, 0]</P>
          <P Name="Dst">1575#rconn:1</P>
        </Branch>
      </Branch>
    </Branch>
    <Branch ConnectType="DEST_SRC">
      <P Name="Dst">1582#rconn:1</P>
    </Branch>
  </Line>
  <Line>
    <P Name="ZOrder">16</P>
    <P Name="Src">1570#out:1</P>
    <P Name="Dst">1586#in:2</P>
  </Line>
  <Line>
    <P Name="ZOrder">17</P>
    <P Name="Src">1584#out:1</P>
    <P Name="Points">[15, 0; 0, -40]</P>
    <P Name="Dst">1578#in:1</P>
  </Line>
  <Line>
    <P Name="ZOrder">18</P>
    <P Name="Src">1561#out:1</P>
    <P Name="Points">[10, 0]</P>
    <P Name="Dst">1586#in:3</P>
  </Line>
  <Line LineType="Connection">
    <P Name="ZOrder">19</P>
    <P Name="Src">1580#rconn:1</P>
    <P Name="Dst">1582#lconn:2</P>
  </Line>
  <Line LineType="Connection">
    <P Name="ZOrder">20</P>
    <P Name="Src">1578#rconn:1</P>
    <P Name="Dst">1572#lconn:2</P>
  </Line>
  <Line>
    <P Name="ZOrder">21</P>
    <P Name="Src">1569#out:1</P>
    <P Name="Dst">1587#in:2</P>
  </Line>
  <Line>
    <P Name="ZOrder">22</P>
    <P Name="Src">1560#out:1</P>
    <P Name="Points">[15, 0]</P>
    <P Name="Dst">1586#in:1</P>
  </Line>
  <Line>
    <P Name="ZOrder">23</P>
    <P Name="Src">1585#out:1</P>
    <P Name="Dst">1587#in:3</P>
  </Line>
  <Line LineType="Connection">
    <P Name="ZOrder">24</P>
    <P Name="Src">1582#lconn:1</P>
    <P Name="Dst">1616#rconn:1</P>
  </Line>
  <Line>
    <P Name="ZOrder">25</P>
    <P Name="Src">1568#out:1</P>
    <P Name="Dst">1585#in:2</P>
  </Line>
  <Line LineType="Connection">
    <P Name="ZOrder">26</P>
    <P Name="Src">1613#rconn:1</P>
    <P Name="Points">[95, 0]</P>
    <Branch ConnectType="DEST_DEST">
      <P Name="Src">1583#rconn:1</P>
      <P Name="Points">[19, 0; 0, 45; -84, 0]</P>
    </Branch>
    <Branch ConnectType="DEST_SRC">
      <P Name="Dst">1574#rconn:1</P>
    </Branch>
  </Line>
  <Line>
    <P Name="ZOrder">29</P>
    <P Name="Src">1562#out:1</P>
    <P Name="Points">[10, 0]</P>
    <P Name="Dst">1587#in:1</P>
  </Line>
  <Line LineType="Connection">
    <P Name="ZOrder">30</P>
    <P Name="Src">1573#lconn:1</P>
    <P Name="Dst">1615#rconn:1</P>
  </Line>
  <Line LineType="Connection">
    <P Name="ZOrder">31</P>
    <P Name="Src">1579#rconn:1</P>
    <P Name="Dst">1581#lconn:2</P>
  </Line>
  <Line>
    <P Name="ZOrder">32</P>
    <P Name="Src">1587#out:1</P>
    <P Name="Dst">1579#in:1</P>
  </Line>
  <Line LineType="Connection">
    <P Name="ZOrder">33</P>
    <P Name="Src">1614#rconn:1</P>
    <P Name="Dst">1581#lconn:1</P>
  </Line>
  <Line LineType="Connection">
    <P Name="ZOrder">34</P>
    <P Name="Src">1571#lconn:1</P>
    <P Name="Dst">1581#rconn:2</P>
  </Line>
  <Line>
    <P Name="ZOrder">35</P>
    <P Name="Src">1589#out:1</P>
    <P Name="Dst">1577#in:1</P>
  </Line>
  <Line>
    <P Name="ZOrder">36</P>
    <P Name="Src">1601#out:1</P>
    <P Name="Dst">1576#in:1</P>
  </Line>
  <Line>
    <P Name="ZOrder">37</P>
    <P Name="Src">1586#out:1</P>
    <P Name="Points">[19, 0; 0, 100; -24, 0]</P>
    <Branch>
      <P Name="ZOrder">38</P>
      <P Name="Points">[-7, 0; 2, 0]</P>
      <P Name="Dst">1559#in:1</P>
    </Branch>
    <Branch>
      <P Name="ZOrder">39</P>
      <P Name="Dst">1580#in:1</P>
    </Branch>
  </Line>
  <Line>
    <P Name="ZOrder">40</P>
    <P Name="Src">1571#out:1</P>
    <P Name="Dst">1601#in:1</P>
  </Line>
  <Line>
    <P Name="ZOrder">41</P>
    <P Name="Src">1559#out:1</P>
    <P Name="Points">[0, 20; -2, 0]</P>
    <P Name="Dst">1589#in:1</P>
  </Line>
  <Annotation SID="1617">
    <P Name="Name">&lt;!DOCTYPE HTML PUBLIC &quot;-//W3C//DTD HTML 4.0//EN&quot; &quot;http://www.w3.org/TR/REC-html40/strict.dtd&quot;&gt;
&lt;html&gt;&lt;head&gt;&lt;meta name=&quot;qrichtext&quot; content=&quot;1&quot; /&gt;&lt;style type=&quot;text/css&quot;&gt;
p, li { white-space: pre-wrap; }
&lt;/style&gt;&lt;/head&gt;&lt;body align=&quot;left&quot; style=&quot; font-family:&apos;Helvetica&apos;; font-size:10px; font-weight:400; font-style:normal;&quot;&gt;
&lt;p align=&quot;left&quot; style=&quot; margin-top:0px; margin-bottom:0px; margin-left:0px; margin-right:0px; -qt-block-indent:0; text-indent:0px;&quot;&gt;&lt;span style=&quot; font-size:12px; font-weight:600;&quot;&gt;SamplePickAndDrop Logic : &lt;/span&gt;&lt;/p&gt;
&lt;p align=&quot;left&quot; style=&quot;-qt-paragraph-type:empty; margin-top:0px; margin-bottom:0px; margin-left:0px; margin-right:0px; -qt-block-indent:0; text-indent:0px; font-size:12px; font-weight:600;&quot;&gt;&lt;br /&gt;&lt;/p&gt;
&lt;p align=&quot;left&quot; style=&quot; margin-top:0px; margin-bottom:0px; margin-left:0px; margin-right:0px; -qt-block-indent:0; text-indent:0px;&quot;&gt;&lt;span style=&quot; font-size:12px;&quot;&gt;Sample is placed on the surface using the engaged RevJoint &amp;quot;RevJ&amp;quot;. When the SamplePickFlag is 1 , RevJ is disengaged using a switch and SixDofJ1 (which is attached between the tip of the end effector and the sample) is enaged. The tight joint limits of the engaged SixDofJ1 keeps the sample constrained to the end effector. Once the end effector reaches the sample drop location, SampleDropOffFlag is 1 and that signal is used to disengage the SixDofJ1 and engage the SixDofJ2. This causes the sample to be dropped from the end effector and collected to the sample collection location using engaged SixDofJ2&apos;s tight joint limits.&lt;/span&gt;&lt;/p&gt;&lt;/body&gt;&lt;/html&gt;</P>
    <P Name="Position">[316, 509, 1046, 608]</P>
    <P Name="InternalMargins">[0, 0, 0, 0]</P>
    <P Name="FixedHeight">on</P>
    <P Name="FixedWidth">on</P>
    <P Name="Interpreter">rich</P>
    <P Name="ZOrder">-1</P>
  </Annotation>
</System>
