<?xml version="1.0" encoding="utf-8"?>
<System>
  <P Name="Location">[0, 14, 1411, 1003]</P>
  <P Name="ZoomFactor">80</P>
  <Block BlockType="Inport" Name="u" SID="1391">
    <P Name="Position">[20, 43, 50, 57]</P>
    <P Name="ZOrder">100000</P>
    <PortProperties>
      <Port Type="out" Index="1">
        <P Name="PropagatedSignals">sampleDropCmd</P>
      </Port>
    </PortProperties>
  </Block>
  <Block BlockType="Constant" Name="Constant2" SID="1392">
    <P Name="Position">[310, 120, 340, 150]</P>
    <P Name="ZOrder">100000</P>
  </Block>
  <Block BlockType="DataTypeConversion" Name="Data Type Conversion" SID="1393">
    <P Name="Position">[265, 33, 340, 67]</P>
    <P Name="ZOrder">100000</P>
    <P Name="OutDataTypeStr">double</P>
    <P Name="RndMeth">Floor</P>
    <P Name="SaturateOnIntegerOverflow">off</P>
  </Block>
  <Block BlockType="Delay" Name="Delay" SID="1394">
    <PortCounts in="1" out="1"/>
    <P Name="Position">[510, 118, 545, 152]</P>
    <P Name="ZOrder">100000</P>
    <P Name="InputPortMap">u0</P>
  </Block>
  <Block BlockType="SubSystem" Name="DistanceError" SID="1395">
    <PortCounts in="1" out="1"/>
    <P Name="Position">[100, 24, 195, 76]</P>
    <P Name="ZOrder">100000</P>
    <P Name="Commented">on</P>
    <P Name="ErrorFcn">Stateflow.Translate.translate</P>
    <P Name="PermitHierarchicalResolution">ExplicitOnly</P>
    <P Name="TreatAsAtomicUnit">on</P>
    <P Name="SFBlockType">MATLAB Function</P>
    <P Name="ContentPreviewEnabled">on</P>
    <System Ref="system_1395"/>
  </Block>
  <Block BlockType="SubSystem" Name="Enabled&#xA;Subsystem1" SID="1396">
    <PortCounts in="1" out="1" enable="1"/>
    <P Name="Position">[375, 114, 475, 156]</P>
    <P Name="ZOrder">100000</P>
    <P Name="TreatAsAtomicUnit">on</P>
    <P Name="MinAlgLoopOccurrences">on</P>
    <P Name="ContentPreviewEnabled">on</P>
    <System Ref="system_1396"/>
  </Block>
  <Block BlockType="Outport" Name="Out1" SID="1400">
    <P Name="Position">[600, 128, 630, 142]</P>
    <P Name="ZOrder">100000</P>
  </Block>
  <Line>
    <P Name="ZOrder">1</P>
    <P Name="Src">1394#out:1</P>
    <P Name="Dst">1400#in:1</P>
  </Line>
  <Line>
    <P Name="ZOrder">2</P>
    <P Name="Src">1396#out:1</P>
    <P Name="Dst">1394#in:1</P>
  </Line>
  <Line>
    <P Name="ZOrder">3</P>
    <P Name="Src">1393#out:1</P>
    <P Name="Points">[80, 0]</P>
    <P Name="Dst">1396#enable</P>
  </Line>
  <Line>
    <P Name="ZOrder">4</P>
    <P Name="Src">1392#out:1</P>
    <P Name="Dst">1396#in:1</P>
  </Line>
  <Line>
    <P Name="ZOrder">5</P>
    <P Name="Src">1391#out:1</P>
    <P Name="Points">[20, 0; 0, -50; 155, 0; 0, 50]</P>
    <P Name="Dst">1393#in:1</P>
  </Line>
</System>
