<?xml version="1.0" encoding="utf-8"?>
<System>
  <P Name="Location">[-7, 1, 1195, 834]</P>
  <Block BlockType="Mux" Name="Mux1" SID="1443">
    <PortCounts in="3" out="1"/>
    <P Name="Position">[595, 311, 600, 399]</P>
    <P Name="ZOrder">100000</P>
    <P Name="Inputs">3</P>
    <P Name="DisplayOption">bar</P>
    <PortProperties>
      <Port Type="out" Index="1">
        <P Name="Name">endEffPos</P>
      </Port>
    </PortProperties>
  </Block>
  <Block BlockType="Reference" Name="PS-Simulink&#xA;Converter6" SID="1444">
    <PortCounts out="1" lconn="1"/>
    <P Name="Position">[560, 317, 575, 333]</P>
    <P Name="ZOrder">100000</P>
    <P Name="LibraryVersion">7.0</P>
    <P Name="SourceBlock">nesl_utility/PS-Simulink
Converter</P>
    <P Name="SourceType">PS-Simulink
Converter</P>
    <InstanceData>
      <P Name="RTWMemSecFuncInitTerm">Inherit from model</P>
      <P Name="RTWMemSecFuncExecute">Inherit from model</P>
      <P Name="RTWMemSecDataConstants">Inherit from model</P>
      <P Name="RTWMemSecDataInternal">Inherit from model</P>
      <P Name="RTWMemSecDataParameters">Inherit from model</P>
      <P Name="ContentPreviewEnabled">on</P>
      <P Name="PhysicalDomain">network_engine_domain</P>
      <P Name="SubClassName">ps_output</P>
      <P Name="LeftPortType">input</P>
      <P Name="RightPortType">output</P>
      <P Name="PseudoPeriodic">off</P>
      <P Name="Frequencies">[]</P>
      <P Name="VectorFormat">1-D array</P>
      <P Name="Unit">inherit</P>
      <P Name="AffineConversion">off</P>
    </InstanceData>
  </Block>
  <Block BlockType="Reference" Name="PS-Simulink&#xA;Converter7" SID="1445">
    <PortCounts out="1" lconn="1"/>
    <P Name="Position">[560, 342, 575, 358]</P>
    <P Name="ZOrder">100000</P>
    <P Name="LibraryVersion">7.0</P>
    <P Name="SourceBlock">nesl_utility/PS-Simulink
Converter</P>
    <P Name="SourceType">PS-Simulink
Converter</P>
    <InstanceData>
      <P Name="RTWMemSecFuncInitTerm">Inherit from model</P>
      <P Name="RTWMemSecFuncExecute">Inherit from model</P>
      <P Name="RTWMemSecDataConstants">Inherit from model</P>
      <P Name="RTWMemSecDataInternal">Inherit from model</P>
      <P Name="RTWMemSecDataParameters">Inherit from model</P>
      <P Name="ContentPreviewEnabled">on</P>
      <P Name="PhysicalDomain">network_engine_domain</P>
      <P Name="SubClassName">ps_output</P>
      <P Name="LeftPortType">input</P>
      <P Name="RightPortType">output</P>
      <P Name="PseudoPeriodic">off</P>
      <P Name="Frequencies">[]</P>
      <P Name="VectorFormat">1-D array</P>
      <P Name="Unit">inherit</P>
      <P Name="AffineConversion">off</P>
    </InstanceData>
  </Block>
  <Block BlockType="Reference" Name="PS-Simulink&#xA;Converter8" SID="1446">
    <PortCounts out="1" lconn="1"/>
    <P Name="Position">[560, 377, 575, 393]</P>
    <P Name="ZOrder">100000</P>
    <P Name="LibraryVersion">7.0</P>
    <P Name="SourceBlock">nesl_utility/PS-Simulink
Converter</P>
    <P Name="SourceType">PS-Simulink
Converter</P>
    <InstanceData>
      <P Name="RTWMemSecFuncInitTerm">Inherit from model</P>
      <P Name="RTWMemSecFuncExecute">Inherit from model</P>
      <P Name="RTWMemSecDataConstants">Inherit from model</P>
      <P Name="RTWMemSecDataInternal">Inherit from model</P>
      <P Name="RTWMemSecDataParameters">Inherit from model</P>
      <P Name="ContentPreviewEnabled">on</P>
      <P Name="PhysicalDomain">network_engine_domain</P>
      <P Name="SubClassName">ps_output</P>
      <P Name="LeftPortType">input</P>
      <P Name="RightPortType">output</P>
      <P Name="PseudoPeriodic">off</P>
      <P Name="Frequencies">[]</P>
      <P Name="VectorFormat">1-D array</P>
      <P Name="Unit">inherit</P>
      <P Name="AffineConversion">off</P>
    </InstanceData>
  </Block>
  <Block BlockType="Terminator" Name="Terminator" SID="1447">
    <P Name="Position">[675, 345, 695, 365]</P>
    <P Name="ZOrder">100000</P>
  </Block>
  <Block BlockType="Reference" Name="Transform&#xA;Sensor" SID="1448">
    <PortCounts lconn="1" rconn="4"/>
    <P Name="Position">[475, 292, 525, 403]</P>
    <P Name="ZOrder">100000</P>
    <P Name="LibraryVersion">24.21</P>
    <P Name="SourceBlock">sm_lib/Frames and
Transforms/Transform
Sensor</P>
    <P Name="SourceType">Transform
Sensor</P>
    <InstanceData>
      <P Name="LogSimulationData">off</P>
      <P Name="SimscapeInstrumentationLogging">off</P>
      <P Name="SimscapeInstrumentationVariables" Ref="bdmxdata:SimscapeInstrumentationVariables_1448"/>
      <P Name="MeasurementFrame">Base</P>
      <P Name="RotationSequence">XYX</P>
      <P Name="SenseAngle">off</P>
      <P Name="SenseAxis">off</P>
      <P Name="SenseQ">off</P>
      <P Name="SenseR">off</P>
      <P Name="SenseRotationSequence">off</P>
      <P Name="SenseOmegaX">off</P>
      <P Name="SenseOmegaY">off</P>
      <P Name="SenseOmegaZ">off</P>
      <P Name="SenseOmega">off</P>
      <P Name="SenseQDot">off</P>
      <P Name="SenseRDot">off</P>
      <P Name="SenseRotationSequenceDot">off</P>
      <P Name="SenseAlphaX">off</P>
      <P Name="SenseAlphaY">off</P>
      <P Name="SenseAlphaZ">off</P>
      <P Name="SenseAlpha">off</P>
      <P Name="SenseQDDot">off</P>
      <P Name="SenseRDDot">off</P>
      <P Name="SenseX">on</P>
      <P Name="SenseY">on</P>
      <P Name="SenseZ">on</P>
      <P Name="SenseXYZ">off</P>
      <P Name="SenseRad">off</P>
      <P Name="SenseAzim">off</P>
      <P Name="SenseDist">off</P>
      <P Name="SenseInc">off</P>
      <P Name="SenseXDot">off</P>
      <P Name="SenseYDot">off</P>
      <P Name="SenseZDot">off</P>
      <P Name="SenseXYZDot">off</P>
      <P Name="SenseRadDot">off</P>
      <P Name="SenseAzimDot">off</P>
      <P Name="SenseDistDot">off</P>
      <P Name="SenseIncDot">off</P>
      <P Name="SenseXDDot">off</P>
      <P Name="SenseYDDot">off</P>
      <P Name="SenseZDDot">off</P>
      <P Name="SenseXYZDDot">off</P>
      <P Name="SenseRadDDot">off</P>
      <P Name="SenseAzimDDot">off</P>
      <P Name="SenseDistDDot">off</P>
      <P Name="SenseIncDDot">off</P>
    </InstanceData>
  </Block>
  <Block BlockType="PMIOPort" Name="ArmB" SID="1449">
    <P Name="Position">[410, 343, 440, 357]</P>
    <P Name="ZOrder">100000</P>
    <P Name="Side">Left</P>
  </Block>
  <Block BlockType="PMIOPort" Name="EndEff" SID="1450">
    <P Name="Position">[570, 273, 600, 287]</P>
    <P Name="ZOrder">100000</P>
    <P Name="BlockMirror">on</P>
    <P Name="Port">2</P>
    <P Name="Side">Right</P>
  </Block>
  <Line LineType="Connection">
    <P Name="ZOrder">1</P>
    <P Name="Src">1448#rconn:1</P>
    <P Name="Points">[8, 0; 0, -30]</P>
    <P Name="Dst">1450#rconn:1</P>
  </Line>
  <Line>
    <P Name="ZOrder">2</P>
    <P Name="Src">1446#out:1</P>
    <P Name="Dst">1443#in:3</P>
  </Line>
  <Line>
    <P Name="ZOrder">3</P>
    <P Name="Src">1445#out:1</P>
    <P Name="Dst">1443#in:2</P>
  </Line>
  <Line LineType="Connection">
    <P Name="ZOrder">4</P>
    <P Name="Src">1446#lconn:1</P>
    <P Name="Dst">1448#rconn:4</P>
  </Line>
  <Line LineType="Connection">
    <P Name="ZOrder">5</P>
    <P Name="Src">1445#lconn:1</P>
    <P Name="Points">[-2, 0; 0, 10]</P>
    <P Name="Dst">1448#rconn:3</P>
  </Line>
  <Line LineType="Connection">
    <P Name="ZOrder">6</P>
    <P Name="Src">1444#lconn:1</P>
    <P Name="Points">[-2, 0; 0, 10]</P>
    <P Name="Dst">1448#rconn:2</P>
  </Line>
  <Line>
    <P Name="ZOrder">7</P>
    <P Name="Src">1444#out:1</P>
    <P Name="Dst">1443#in:1</P>
  </Line>
  <Line>
    <P Name="Name">endEffPos</P>
    <P Name="ZOrder">8</P>
    <P Name="Labels">[1, 1]</P>
    <P Name="Src">1443#out:1</P>
    <P Name="Dst">1447#in:1</P>
  </Line>
  <Line LineType="Connection">
    <P Name="ZOrder">9</P>
    <P Name="Src">1449#rconn:1</P>
    <P Name="Dst">1448#lconn:1</P>
  </Line>
</System>
