<?xml version="1.0" encoding="utf-8"?>
<System>
  <P Name="Location">[223, 338, 826, 833]</P>
  <P Name="SIDHighWatermark">46</P>
  <Block BlockType="Inport" Name="linVel" SID="564::1">
    <P Name="Position">[20, 101, 40, 119]</P>
    <P Name="ZOrder">-1</P>
  </Block>
  <Block BlockType="Inport" Name="t" SID="564::26">
    <P Name="Position">[20, 136, 40, 154]</P>
    <P Name="ZOrder">17</P>
    <P Name="Port">2</P>
  </Block>
  <Block BlockType="Inport" Name="t1" SID="564::27">
    <P Name="Position">[20, 171, 40, 189]</P>
    <P Name="ZOrder">18</P>
    <P Name="Port">3</P>
  </Block>
  <Block BlockType="Inport" Name="accel" SID="564::24">
    <P Name="Position">[20, 206, 40, 224]</P>
    <P Name="ZOrder">15</P>
    <P Name="Port">4</P>
  </Block>
  <Block BlockType="Inport" Name="deaccelStartTime" SID="564::28">
    <P Name="Position">[20, 246, 40, 264]</P>
    <P Name="ZOrder">19</P>
    <P Name="Port">5</P>
  </Block>
  <Block BlockType="Demux" Name=" Demux " SID="564::45">
    <PortCounts in="1" out="1"/>
    <P Name="Position">[270, 230, 320, 270]</P>
    <P Name="ZOrder">33</P>
    <P Name="Outputs">1</P>
  </Block>
  <Block BlockType="S-Function" Name=" SFunction " SID="564::44">
    <P Name="Tag">Stateflow S-Function 11</P>
    <PortCounts in="5" out="2"/>
    <P Name="Position">[180, 100, 230, 220]</P>
    <P Name="ZOrder">32</P>
    <P Name="FunctionName">sf_sfun</P>
    <P Name="PortCounts">[5 2]</P>
    <P Name="SFunctionDeploymentMode">off</P>
    <P Name="EnableBusSupport">on</P>
    <P Name="SFcnIsStateOwnerBlock">off</P>
    <PortProperties>
      <Port Type="out" Index="2">
        <P Name="Name">lin_Vel_out</P>
      </Port>
    </PortProperties>
  </Block>
  <Block BlockType="Terminator" Name=" Terminator " SID="564::46">
    <P Name="Position">[460, 241, 480, 259]</P>
    <P Name="ZOrder">34</P>
  </Block>
  <Block BlockType="Outport" Name="lin_Vel_out" SID="564::5">
    <P Name="Position">[460, 101, 480, 119]</P>
    <P Name="ZOrder">-5</P>
  </Block>
  <Line>
    <P Name="ZOrder">1</P>
    <P Name="Src">564::1#out:1</P>
    <P Name="Dst">564::44#in:1</P>
  </Line>
  <Line>
    <P Name="ZOrder">2</P>
    <P Name="Src">564::26#out:1</P>
    <P Name="Dst">564::44#in:2</P>
  </Line>
  <Line>
    <P Name="ZOrder">3</P>
    <P Name="Src">564::27#out:1</P>
    <P Name="Dst">564::44#in:3</P>
  </Line>
  <Line>
    <P Name="ZOrder">4</P>
    <P Name="Src">564::24#out:1</P>
    <P Name="Dst">564::44#in:4</P>
  </Line>
  <Line>
    <P Name="ZOrder">5</P>
    <P Name="Src">564::28#out:1</P>
    <P Name="Dst">564::44#in:5</P>
  </Line>
  <Line>
    <P Name="Name">lin_Vel_out</P>
    <P Name="ZOrder">6</P>
    <P Name="Labels">[0, 0]</P>
    <P Name="Src">564::44#out:2</P>
    <P Name="Dst">564::5#in:1</P>
  </Line>
  <Line>
    <P Name="ZOrder">7</P>
    <P Name="Src">564::45#out:1</P>
    <P Name="Dst">564::46#in:1</P>
  </Line>
  <Line>
    <P Name="ZOrder">8</P>
    <P Name="Src">564::44#out:1</P>
    <P Name="Dst">564::45#in:1</P>
  </Line>
</System>
