<?xml version="1.0" encoding="utf-8"?>
<System>
  <P Name="Location">[0, 14, 1411, 1003]</P>
  <P Name="ZoomFactor">157</P>
  <Block BlockType="Inport" Name="Enable" SID="1590">
    <P Name="Position">[155, 123, 185, 137]</P>
    <P Name="ZOrder">100000</P>
  </Block>
  <Block BlockType="Logic" Name="AND" SID="1591">
    <PortCounts in="2" out="1"/>
    <P Name="Position">[323, 199, 358, 231]</P>
    <P Name="ZOrder">100000</P>
    <P Name="IconShape">distinctive</P>
    <P Name="AllPortsSameDT">off</P>
    <P Name="OutDataTypeStr">boolean</P>
  </Block>
  <Block BlockType="Clock" Name="Clock" SID="1592">
    <P Name="Position">[135, 195, 155, 215]</P>
    <P Name="ZOrder">100000</P>
  </Block>
  <Block BlockType="Constant" Name="Constant1" SID="1593">
    <P Name="Position">[355, 135, 385, 165]</P>
    <P Name="ZOrder">100000</P>
  </Block>
  <Block BlockType="Constant" Name="Constant3" SID="1594">
    <P Name="Position">[135, 225, 165, 255]</P>
    <P Name="ZOrder">100000</P>
  </Block>
  <Block BlockType="Reference" Name="Detect Rise&#xA;Positive" SID="1595">
    <PortCounts in="1" out="1"/>
    <P Name="Position">[220, 115, 265, 145]</P>
    <P Name="ZOrder">100000</P>
    <P Name="LibraryVersion">7.6</P>
    <P Name="SourceBlock">simulink/Logic and Bit
Operations/Detect Rise
Positive</P>
    <P Name="SourceType">Detect Rise Positive</P>
    <InstanceData>
      <P Name="RTWMemSecFuncInitTerm">Inherit from model</P>
      <P Name="RTWMemSecFuncExecute">Inherit from model</P>
      <P Name="RTWMemSecDataConstants">Inherit from model</P>
      <P Name="RTWMemSecDataInternal">Inherit from model</P>
      <P Name="RTWMemSecDataParameters">Inherit from model</P>
      <P Name="ContentPreviewEnabled">on</P>
      <P Name="vinit">0</P>
      <P Name="InputProcessing">Elements as channels (sample based)</P>
      <P Name="OutDataTypeStr">boolean</P>
    </InstanceData>
  </Block>
  <Block BlockType="Display" Name="Display" SID="1596">
    <PortCounts in="1"/>
    <P Name="Position">[660, 250, 750, 280]</P>
    <P Name="ZOrder">100000</P>
    <P Name="Decimation">1</P>
  </Block>
  <Block BlockType="RelationalOperator" Name="GreaterThanOrEqual" SID="1597">
    <PortCounts in="2" out="1"/>
    <P Name="Position">[265, 217, 295, 248]</P>
    <P Name="ZOrder">100000</P>
    <P Name="InputSameDT">off</P>
    <P Name="OutDataTypeStr">boolean</P>
    <P Name="RndMeth">Simplest</P>
  </Block>
  <Block BlockType="Memory" Name="Memory" SID="1598">
    <P Name="Position">[370, 235, 400, 265]</P>
    <P Name="ZOrder">100000</P>
  </Block>
  <Block BlockType="Switch" Name="Switch" SID="1599">
    <P Name="Position">[430, 195, 480, 235]</P>
    <P Name="ZOrder">100000</P>
    <P Name="Criteria">u2 &gt; Threshold</P>
    <P Name="InputSameDT">off</P>
    <P Name="SaturateOnIntegerOverflow">off</P>
  </Block>
  <Block BlockType="Outport" Name="plan" SID="1600">
    <P Name="Position">[645, 178, 675, 192]</P>
    <P Name="ZOrder">100000</P>
  </Block>
  <Line>
    <P Name="ZOrder">1</P>
    <P Name="Src">1590#out:1</P>
    <P Name="Dst">1595#in:1</P>
  </Line>
  <Line>
    <P Name="ZOrder">2</P>
    <P Name="Src">1599#out:1</P>
    <P Name="Points">[19, 0; 0, 9]</P>
    <Branch>
      <P Name="ZOrder">3</P>
      <P Name="Points">[91, 0]</P>
      <Branch>
        <P Name="ZOrder">4</P>
        <P Name="Points">[0, -39]</P>
        <P Name="Dst">1600#in:1</P>
      </Branch>
      <Branch>
        <P Name="ZOrder">5</P>
        <P Name="Points">[0, 41]</P>
        <P Name="Dst">1596#in:1</P>
      </Branch>
    </Branch>
    <Branch>
      <P Name="ZOrder">6</P>
      <P Name="Points">[0, 77; -150, 0; 0, -51]</P>
      <P Name="Dst">1598#in:1</P>
    </Branch>
  </Line>
  <Line>
    <P Name="ZOrder">7</P>
    <P Name="Src">1593#out:1</P>
    <P Name="Points">[20, 0; 0, 50]</P>
    <P Name="Dst">1599#in:1</P>
  </Line>
  <Line>
    <P Name="ZOrder">8</P>
    <P Name="Src">1592#out:1</P>
    <P Name="Points">[52, 0; 0, 20]</P>
    <P Name="Dst">1597#in:1</P>
  </Line>
  <Line>
    <P Name="ZOrder">9</P>
    <P Name="Src">1594#out:1</P>
    <P Name="Dst">1597#in:2</P>
  </Line>
  <Line>
    <P Name="ZOrder">10</P>
    <P Name="Src">1597#out:1</P>
    <P Name="Points">[8, 0]</P>
    <P Name="Dst">1591#in:2</P>
  </Line>
  <Line>
    <P Name="ZOrder">11</P>
    <P Name="Src">1591#out:1</P>
    <P Name="Dst">1599#in:2</P>
  </Line>
  <Line>
    <P Name="ZOrder">12</P>
    <P Name="Src">1598#out:1</P>
    <P Name="Points">[10, 0]</P>
    <P Name="Dst">1599#in:3</P>
  </Line>
  <Line>
    <P Name="ZOrder">13</P>
    <P Name="Src">1595#out:1</P>
    <P Name="Points">[34, 0; 0, 80]</P>
    <P Name="Dst">1591#in:1</P>
  </Line>
</System>
