<?xml version="1.0" encoding="utf-8"?>
<System>
  <P Name="Location">[-8, -8, 1928, 1048]</P>
  <Block BlockType="Inport" Name="In1" SID="575">
    <P Name="Position">[110, 103, 140, 117]</P>
    <P Name="ZOrder">-1</P>
  </Block>
  <Block BlockType="EnablePort" Name="Enable" SID="576">
    <PortCounts/>
    <P Name="Position">[235, 25, 255, 45]</P>
    <P Name="ZOrder">2</P>
  </Block>
  <Block BlockType="Outport" Name="Out1" SID="577">
    <P Name="Position">[360, 103, 390, 117]</P>
    <P Name="ZOrder">-3</P>
  </Block>
  <Line>
    <P Name="ZOrder">1</P>
    <P Name="Src">575#out:1</P>
    <P Name="Dst">577#in:1</P>
  </Line>
</System>
