<?xml version="1.0" encoding="utf-8"?>
<System>
  <P Name="Location">[-1, -7, 1537, 817]</P>
  <Block BlockType="Reference" Name="Desired Path Viz" SID="5">
    <PortCounts lconn="1" rconn="1"/>
    <P Name="Position">[280, 55, 320, 95]</P>
    <P Name="ZOrder">100000</P>
    <P Name="BlockRotation">270</P>
    <P Name="BlockMirror">on</P>
    <P Name="NameLocation">right</P>
    <P Name="LibraryVersion">24.21</P>
    <P Name="SourceBlock">sm_lib/Curves and Surfaces/Point Cloud</P>
    <P Name="SourceType">Point Cloud</P>
    <InstanceData>
      <P Name="LogSimulationData">off</P>
      <P Name="SimscapeInstrumentationLogging">off</P>
      <P Name="SimscapeInstrumentationVariables" Ref="bdmxdata:SimscapeInstrumentationVariables_5"/>
      <P Name="CoordinatesMatrix">pointCloud</P>
      <P Name="CoordinatesMatrix_conf">compiletime</P>
      <P Name="CoordinatesMatrixUnits">m</P>
      <P Name="GraphicType">MarkerCloud</P>
      <P Name="GraphicSphereRadius">0.05</P>
      <P Name="GraphicSphereRadius_conf">compiletime</P>
      <P Name="GraphicSphereRadiusUnits">m</P>
      <P Name="GraphicVisPropType">SimpleVisualProperties</P>
      <P Name="GraphicDiffuseColor">[0 0 1]</P>
      <P Name="GraphicDiffuseColor_conf">compiletime</P>
      <P Name="GraphicOpacity">0.5</P>
      <P Name="GraphicOpacity_conf">compiletime</P>
      <P Name="GraphicSpecularColor">[0.5 0.5 0.5 1.0]</P>
      <P Name="GraphicSpecularColor_conf">compiletime</P>
      <P Name="GraphicAmbientColor">[0.15 0.15 0.15 1.0]</P>
      <P Name="GraphicAmbientColor_conf">compiletime</P>
      <P Name="GraphicEmissiveColor">[0.0 0.0 0.0 1.0]</P>
      <P Name="GraphicEmissiveColor_conf">compiletime</P>
      <P Name="GraphicShininess">75</P>
      <P Name="GraphicShininess_conf">compiletime</P>
    </InstanceData>
  </Block>
  <Block BlockType="Reference" Name="Rigid&#xA;Transform6" SID="6">
    <PortCounts lconn="1" rconn="1"/>
    <P Name="Position">[100, 10, 140, 50]</P>
    <P Name="ZOrder">100000</P>
    <P Name="LibraryVersion">24.21</P>
    <P Name="SourceBlock">sm_lib/Frames and
Transforms/Rigid
Transform</P>
    <P Name="SourceType">Rigid
Transform</P>
    <InstanceData>
      <P Name="LogSimulationData">off</P>
      <P Name="SimscapeInstrumentationLogging">off</P>
      <P Name="SimscapeInstrumentationVariables" Ref="bdmxdata:SimscapeInstrumentationVariables_6"/>
      <P Name="RotationMethod">None</P>
      <P Name="FollAlignAxisA">+X</P>
      <P Name="BaseAlignAxisA">+Y</P>
      <P Name="FollAlignAxisB">+Y</P>
      <P Name="BaseAlignAxisB">+Z</P>
      <P Name="RotationStandardAxis">+X</P>
      <P Name="RotationAngle">90</P>
      <P Name="RotationAngle_conf">compiletime</P>
      <P Name="RotationAngleUnits">deg</P>
      <P Name="RotationArbitraryAxis">[0 0 1]</P>
      <P Name="RotationArbitraryAxis_conf">compiletime</P>
      <P Name="RotationSequenceAxes">FollowerAxes</P>
      <P Name="RotationSequence">XYX</P>
      <P Name="RotationSequenceAngles">[0 0 0]</P>
      <P Name="RotationSequenceAngles_conf">compiletime</P>
      <P Name="RotationSequenceAnglesUnits">deg</P>
      <P Name="RotationMatrix">[1 0 0; 0 1 0; 0 0 1]</P>
      <P Name="RotationMatrix_conf">compiletime</P>
      <P Name="Quaternion">[1 0 0 0]</P>
      <P Name="Quaternion_conf">compiletime</P>
      <P Name="TranslationMethod">Cartesian</P>
      <P Name="TranslationCartesianOffset">[0 0 roverPath.Offset_vis_z]</P>
      <P Name="TranslationCartesianOffset_conf">compiletime</P>
      <P Name="TranslationCartesianOffsetUnits">m</P>
      <P Name="TranslationStandardAxis">+Z</P>
      <P Name="TranslationStandardOffset">1.85</P>
      <P Name="TranslationStandardOffset_conf">compiletime</P>
      <P Name="TranslationStandardOffsetUnits">m</P>
      <P Name="TranslationROffset">0</P>
      <P Name="TranslationROffset_conf">compiletime</P>
      <P Name="TranslationROffsetUnits">m</P>
      <P Name="TranslationThetaOffset">0</P>
      <P Name="TranslationThetaOffset_conf">compiletime</P>
      <P Name="TranslationThetaOffsetUnits">deg</P>
      <P Name="TranslationZOffset">0</P>
      <P Name="TranslationZOffset_conf">compiletime</P>
      <P Name="TranslationZOffsetUnits">m</P>
    </InstanceData>
  </Block>
  <Block BlockType="Reference" Name="Spline" SID="7">
    <PortCounts lconn="1" rconn="1"/>
    <P Name="Position">[280, 140, 320, 180]</P>
    <P Name="ZOrder">100000</P>
    <P Name="LibraryVersion">24.21</P>
    <P Name="SourceBlock">sm_lib/Curves and Surfaces/Spline</P>
    <P Name="SourceType">Spline</P>
    <InstanceData>
      <P Name="LogSimulationData">off</P>
      <P Name="SimscapeInstrumentationLogging">off</P>
      <P Name="SimscapeInstrumentationVariables" Ref="bdmxdata:SimscapeInstrumentationVariables_7"/>
      <P Name="DataPoints">pointCloud</P>
      <P Name="DataPointsUnits">m</P>
      <P Name="EndConditionType">Natural</P>
      <P Name="GraphicType">FromGeometry</P>
      <P Name="MarkerShape">Sphere</P>
      <P Name="MarkerSize">10</P>
      <P Name="MarkerSize_conf">compiletime</P>
      <P Name="GraphicVisPropType">SimpleVisualProperties</P>
      <P Name="GraphicDiffuseColor">[0 0.4471 0.7412]</P>
      <P Name="GraphicDiffuseColor_conf">compiletime</P>
      <P Name="GraphicOpacity">0.5</P>
      <P Name="GraphicOpacity_conf">compiletime</P>
      <P Name="GraphicSpecularColor">[0.5 0.5 0.5 1.0]</P>
      <P Name="GraphicSpecularColor_conf">compiletime</P>
      <P Name="GraphicAmbientColor">[0.15 0.15 0.15 1.0]</P>
      <P Name="GraphicAmbientColor_conf">compiletime</P>
      <P Name="GraphicEmissiveColor">[0.0 0.0 0.0 1.0]</P>
      <P Name="GraphicEmissiveColor_conf">compiletime</P>
      <P Name="GraphicShininess">75</P>
      <P Name="GraphicShininess_conf">compiletime</P>
    </InstanceData>
  </Block>
  <Block BlockType="PMIOPort" Name="R" SID="8">
    <P Name="Position">[20, 23, 50, 37]</P>
    <P Name="ZOrder">100000</P>
    <P Name="Side">Left</P>
  </Block>
  <Line LineType="Connection">
    <P Name="ZOrder">1</P>
    <P Name="Points">[181, 31; 119, 0; 0, 9]</P>
    <P Name="Dst">5#lconn:1</P>
    <Branch ConnectType="SRC_DEST">
      <P Name="Src">6#rconn:1</P>
      <P Name="Points">[27, 0; -1, 1]</P>
    </Branch>
    <Branch ConnectType="SRC_DEST">
      <P Name="Src">7#lconn:1</P>
      <P Name="Points">[-84, 0; 0, -129]</P>
    </Branch>
  </Line>
  <Line LineType="Connection">
    <P Name="ZOrder">4</P>
    <P Name="Src">8#rconn:1</P>
    <P Name="Dst">6#lconn:1</P>
  </Line>
</System>
