<?xml version="1.0" encoding="utf-8"?>
<System>
  <P Name="Location">[-1, -7, 1537, 817]</P>
  <Block BlockType="SubSystem" Name="CalcSpeed" SID="587">
    <PortCounts in="1" out="1"/>
    <P Name="Position">[500, 472, 570, 518]</P>
    <P Name="ZOrder">100000</P>
    <P Name="ErrorFcn">Stateflow.Translate.translate</P>
    <P Name="PermitHierarchicalResolution">ExplicitOnly</P>
    <P Name="TreatAsAtomicUnit">on</P>
    <P Name="SFBlockType">MATLAB Function</P>
    <P Name="ContentPreviewEnabled">on</P>
    <PortProperties>
      <Port Type="out" Index="1">
        <P Name="PropagatedSignals">y</P>
      </Port>
    </PortProperties>
    <System Ref="system_587"/>
  </Block>
  <Block BlockType="Goto" Name="Goto" SID="588">
    <P Name="Position">[480, 400, 590, 430]</P>
    <P Name="ZOrder">100000</P>
    <P Name="GotoTag">RoverLinearVel</P>
    <P Name="TagVisibility">global</P>
  </Block>
  <Block BlockType="Goto" Name="Goto1" SID="589">
    <P Name="Position">[480, 155, 585, 185]</P>
    <P Name="ZOrder">100000</P>
    <P Name="GotoTag">RoverAngVel_Z</P>
    <P Name="TagVisibility">global</P>
  </Block>
  <Block BlockType="Goto" Name="Goto2" SID="590">
    <P Name="Position">[505, 105, 610, 135]</P>
    <P Name="ZOrder">100000</P>
    <P Name="GotoTag">RoverOrientation</P>
    <P Name="TagVisibility">global</P>
  </Block>
  <Block BlockType="Goto" Name="Goto3" SID="591">
    <P Name="Position">[480, 265, 585, 295]</P>
    <P Name="ZOrder">100000</P>
    <P Name="GotoTag">RoverTranslation</P>
    <P Name="TagVisibility">global</P>
  </Block>
  <Block BlockType="Mux" Name="Mux" SID="592">
    <PortCounts in="3" out="1"/>
    <P Name="Position">[440, 186, 445, 224]</P>
    <P Name="ZOrder">410</P>
    <P Name="Inputs">3</P>
    <P Name="DisplayOption">bar</P>
  </Block>
  <Block BlockType="Mux" Name="Mux1" SID="593">
    <PortCounts in="2" out="1"/>
    <P Name="Position">[440, 386, 445, 444]</P>
    <P Name="ZOrder">100000</P>
    <P Name="Inputs">2</P>
    <P Name="DisplayOption">bar</P>
  </Block>
  <Block BlockType="Mux" Name="Mux2" SID="594">
    <PortCounts in="3" out="1"/>
    <P Name="Position">[440, 101, 445, 139]</P>
    <P Name="ZOrder">100000</P>
    <P Name="Inputs">3</P>
    <P Name="DisplayOption">bar</P>
  </Block>
  <Block BlockType="Mux" Name="Mux3" SID="595">
    <PortCounts in="3" out="1"/>
    <P Name="Position">[440, 258, 445, 302]</P>
    <P Name="ZOrder">100000</P>
    <P Name="Inputs">3</P>
    <P Name="DisplayOption">bar</P>
  </Block>
  <Block BlockType="Reference" Name="PS-Simulink&#xA;Converter" SID="596">
    <PortCounts out="1" lconn="1"/>
    <P Name="Position">[220, 122, 235, 138]</P>
    <P Name="ZOrder">460</P>
    <P Name="LibraryVersion">7.0</P>
    <P Name="SourceBlock">nesl_utility/PS-Simulink
Converter</P>
    <P Name="SourceType">PS-Simulink
Converter</P>
    <InstanceData>
      <P Name="RTWMemSecFuncInitTerm">Inherit from model</P>
      <P Name="RTWMemSecFuncExecute">Inherit from model</P>
      <P Name="RTWMemSecDataConstants">Inherit from model</P>
      <P Name="RTWMemSecDataInternal">Inherit from model</P>
      <P Name="RTWMemSecDataParameters">Inherit from model</P>
      <P Name="ContentPreviewEnabled">on</P>
      <P Name="PhysicalDomain">network_engine_domain</P>
      <P Name="SubClassName">ps_output</P>
      <P Name="LeftPortType">input</P>
      <P Name="RightPortType">output</P>
      <P Name="PseudoPeriodic">off</P>
      <P Name="Frequencies">[]</P>
      <P Name="VectorFormat">1-D array</P>
      <P Name="Unit">inherit</P>
      <P Name="AffineConversion">off</P>
    </InstanceData>
  </Block>
  <Block BlockType="Reference" Name="PS-Simulink&#xA;Converter1" SID="597">
    <PortCounts out="1" lconn="1"/>
    <P Name="Position">[220, 272, 235, 288]</P>
    <P Name="ZOrder">100000</P>
    <P Name="LibraryVersion">7.0</P>
    <P Name="SourceBlock">nesl_utility/PS-Simulink
Converter</P>
    <P Name="SourceType">PS-Simulink
Converter</P>
    <InstanceData>
      <P Name="RTWMemSecFuncInitTerm">Inherit from model</P>
      <P Name="RTWMemSecFuncExecute">Inherit from model</P>
      <P Name="RTWMemSecDataConstants">Inherit from model</P>
      <P Name="RTWMemSecDataInternal">Inherit from model</P>
      <P Name="RTWMemSecDataParameters">Inherit from model</P>
      <P Name="ContentPreviewEnabled">on</P>
      <P Name="PhysicalDomain">network_engine_domain</P>
      <P Name="SubClassName">ps_output</P>
      <P Name="LeftPortType">input</P>
      <P Name="RightPortType">output</P>
      <P Name="PseudoPeriodic">off</P>
      <P Name="Frequencies">[]</P>
      <P Name="VectorFormat">1-D array</P>
      <P Name="Unit">inherit</P>
      <P Name="AffineConversion">off</P>
    </InstanceData>
    <PortProperties>
      <Port Type="out" Index="1">
        <P Name="Name">RoverPosY</P>
        <P Name="DataLogging">on</P>
      </Port>
    </PortProperties>
  </Block>
  <Block BlockType="Reference" Name="PS-Simulink&#xA;Converter2" SID="598">
    <PortCounts out="1" lconn="1"/>
    <P Name="Position">[230, 372, 245, 388]</P>
    <P Name="ZOrder">100000</P>
    <P Name="LibraryVersion">7.0</P>
    <P Name="SourceBlock">nesl_utility/PS-Simulink
Converter</P>
    <P Name="SourceType">PS-Simulink
Converter</P>
    <InstanceData>
      <P Name="RTWMemSecFuncInitTerm">Inherit from model</P>
      <P Name="RTWMemSecFuncExecute">Inherit from model</P>
      <P Name="RTWMemSecDataConstants">Inherit from model</P>
      <P Name="RTWMemSecDataInternal">Inherit from model</P>
      <P Name="RTWMemSecDataParameters">Inherit from model</P>
      <P Name="ContentPreviewEnabled">on</P>
      <P Name="PhysicalDomain">network_engine_domain</P>
      <P Name="SubClassName">ps_output</P>
      <P Name="LeftPortType">input</P>
      <P Name="RightPortType">output</P>
      <P Name="PseudoPeriodic">off</P>
      <P Name="Frequencies">[]</P>
      <P Name="VectorFormat">1-D array</P>
      <P Name="Unit">inherit</P>
      <P Name="AffineConversion">off</P>
    </InstanceData>
  </Block>
  <Block BlockType="Reference" Name="PS-Simulink&#xA;Converter3" SID="599">
    <PortCounts out="1" lconn="1"/>
    <P Name="Position">[230, 422, 245, 438]</P>
    <P Name="ZOrder">100000</P>
    <P Name="LibraryVersion">7.0</P>
    <P Name="SourceBlock">nesl_utility/PS-Simulink
Converter</P>
    <P Name="SourceType">PS-Simulink
Converter</P>
    <InstanceData>
      <P Name="RTWMemSecFuncInitTerm">Inherit from model</P>
      <P Name="RTWMemSecFuncExecute">Inherit from model</P>
      <P Name="RTWMemSecDataConstants">Inherit from model</P>
      <P Name="RTWMemSecDataInternal">Inherit from model</P>
      <P Name="RTWMemSecDataParameters">Inherit from model</P>
      <P Name="ContentPreviewEnabled">on</P>
      <P Name="PhysicalDomain">network_engine_domain</P>
      <P Name="SubClassName">ps_output</P>
      <P Name="LeftPortType">input</P>
      <P Name="RightPortType">output</P>
      <P Name="PseudoPeriodic">off</P>
      <P Name="Frequencies">[]</P>
      <P Name="VectorFormat">1-D array</P>
      <P Name="Unit">inherit</P>
      <P Name="AffineConversion">off</P>
    </InstanceData>
  </Block>
  <Block BlockType="Reference" Name="PS-Simulink&#xA;Converter4" SID="600">
    <PortCounts out="1" lconn="1"/>
    <P Name="Position">[230, 172, 245, 188]</P>
    <P Name="ZOrder">406</P>
    <P Name="LibraryVersion">7.0</P>
    <P Name="SourceBlock">nesl_utility/PS-Simulink
Converter</P>
    <P Name="SourceType">PS-Simulink
Converter</P>
    <InstanceData>
      <P Name="RTWMemSecFuncInitTerm">Inherit from model</P>
      <P Name="RTWMemSecFuncExecute">Inherit from model</P>
      <P Name="RTWMemSecDataConstants">Inherit from model</P>
      <P Name="RTWMemSecDataInternal">Inherit from model</P>
      <P Name="RTWMemSecDataParameters">Inherit from model</P>
      <P Name="ContentPreviewEnabled">on</P>
      <P Name="PhysicalDomain">network_engine_domain</P>
      <P Name="SubClassName">ps_output</P>
      <P Name="LeftPortType">input</P>
      <P Name="RightPortType">output</P>
      <P Name="PseudoPeriodic">off</P>
      <P Name="Frequencies">[]</P>
      <P Name="VectorFormat">1-D array</P>
      <P Name="Unit">inherit</P>
      <P Name="AffineConversion">off</P>
    </InstanceData>
  </Block>
  <Block BlockType="Reference" Name="PS-Simulink&#xA;Converter5" SID="601">
    <PortCounts out="1" lconn="1"/>
    <P Name="Position">[220, 222, 235, 238]</P>
    <P Name="ZOrder">407</P>
    <P Name="LibraryVersion">7.0</P>
    <P Name="SourceBlock">nesl_utility/PS-Simulink
Converter</P>
    <P Name="SourceType">PS-Simulink
Converter</P>
    <InstanceData>
      <P Name="RTWMemSecFuncInitTerm">Inherit from model</P>
      <P Name="RTWMemSecFuncExecute">Inherit from model</P>
      <P Name="RTWMemSecDataConstants">Inherit from model</P>
      <P Name="RTWMemSecDataInternal">Inherit from model</P>
      <P Name="RTWMemSecDataParameters">Inherit from model</P>
      <P Name="ContentPreviewEnabled">on</P>
      <P Name="PhysicalDomain">network_engine_domain</P>
      <P Name="SubClassName">ps_output</P>
      <P Name="LeftPortType">input</P>
      <P Name="RightPortType">output</P>
      <P Name="PseudoPeriodic">off</P>
      <P Name="Frequencies">[]</P>
      <P Name="VectorFormat">1-D array</P>
      <P Name="Unit">inherit</P>
      <P Name="AffineConversion">off</P>
    </InstanceData>
    <PortProperties>
      <Port Type="out" Index="1">
        <P Name="Name">RoverPosX</P>
        <P Name="DataLogging">on</P>
      </Port>
    </PortProperties>
  </Block>
  <Block BlockType="Reference" Name="PS-Simulink&#xA;Converter7" SID="602">
    <PortCounts out="1" lconn="1"/>
    <P Name="Position">[220, 322, 235, 338]</P>
    <P Name="ZOrder">100000</P>
    <P Name="LibraryVersion">7.0</P>
    <P Name="SourceBlock">nesl_utility/PS-Simulink
Converter</P>
    <P Name="SourceType">PS-Simulink
Converter</P>
    <InstanceData>
      <P Name="RTWMemSecFuncInitTerm">Inherit from model</P>
      <P Name="RTWMemSecFuncExecute">Inherit from model</P>
      <P Name="RTWMemSecDataConstants">Inherit from model</P>
      <P Name="RTWMemSecDataInternal">Inherit from model</P>
      <P Name="RTWMemSecDataParameters">Inherit from model</P>
      <P Name="ContentPreviewEnabled">on</P>
      <P Name="PhysicalDomain">network_engine_domain</P>
      <P Name="SubClassName">ps_output</P>
      <P Name="LeftPortType">input</P>
      <P Name="RightPortType">output</P>
      <P Name="PseudoPeriodic">off</P>
      <P Name="Frequencies">[]</P>
      <P Name="VectorFormat">1-D array</P>
      <P Name="Unit">inherit</P>
      <P Name="AffineConversion">off</P>
    </InstanceData>
  </Block>
  <Block BlockType="Reference" Name="Radians&#xA;to Degrees" SID="603">
    <PortCounts in="1" out="1"/>
    <P Name="Position">[460, 105, 490, 135]</P>
    <P Name="ZOrder">100000</P>
    <P Name="LibraryVersion">14.0</P>
    <P Name="SourceBlock">simulink_extras/Transformations/Radians
to Degrees</P>
    <P Name="SourceType">RadiansToDegrees</P>
    <InstanceData>
      <P Name="RTWMemSecFuncInitTerm">Inherit from model</P>
      <P Name="RTWMemSecFuncExecute">Inherit from model</P>
      <P Name="RTWMemSecDataConstants">Inherit from model</P>
      <P Name="RTWMemSecDataInternal">Inherit from model</P>
      <P Name="RTWMemSecDataParameters">Inherit from model</P>
      <P Name="ContentPreviewEnabled">on</P>
    </InstanceData>
  </Block>
  <Block BlockType="Reference" Name="Transform&#xA;Sensor" SID="604">
    <PortCounts lconn="1" rconn="8"/>
    <P Name="Position">[115, 44, 195, 466]</P>
    <P Name="ZOrder">458</P>
    <P Name="LibraryVersion">24.21</P>
    <P Name="SourceBlock">sm_lib/Frames and
Transforms/Transform
Sensor</P>
    <P Name="SourceType">Transform
Sensor</P>
    <InstanceData>
      <P Name="LogSimulationData">off</P>
      <P Name="SimscapeInstrumentationLogging">off</P>
      <P Name="SimscapeInstrumentationVariables" Ref="bdmxdata:SimscapeInstrumentationVariables_604"/>
      <P Name="MeasurementFrame">Base</P>
      <P Name="RotationSequence">XYX</P>
      <P Name="SenseAngle">off</P>
      <P Name="SenseAxis">off</P>
      <P Name="SenseQ">off</P>
      <P Name="SenseR">on</P>
      <P Name="SenseRotationSequence">off</P>
      <P Name="SenseOmegaX">off</P>
      <P Name="SenseOmegaY">off</P>
      <P Name="SenseOmegaZ">on</P>
      <P Name="SenseOmega">off</P>
      <P Name="SenseQDot">off</P>
      <P Name="SenseRDot">off</P>
      <P Name="SenseRotationSequenceDot">off</P>
      <P Name="SenseAlphaX">off</P>
      <P Name="SenseAlphaY">off</P>
      <P Name="SenseAlphaZ">off</P>
      <P Name="SenseAlpha">off</P>
      <P Name="SenseQDDot">off</P>
      <P Name="SenseRDDot">off</P>
      <P Name="SenseX">on</P>
      <P Name="SenseY">on</P>
      <P Name="SenseZ">on</P>
      <P Name="SenseXYZ">off</P>
      <P Name="SenseRad">off</P>
      <P Name="SenseAzim">off</P>
      <P Name="SenseDist">off</P>
      <P Name="SenseInc">off</P>
      <P Name="SenseXDot">on</P>
      <P Name="SenseYDot">on</P>
      <P Name="SenseZDot">off</P>
      <P Name="SenseXYZDot">off</P>
      <P Name="SenseRadDot">off</P>
      <P Name="SenseAzimDot">off</P>
      <P Name="SenseDistDot">off</P>
      <P Name="SenseIncDot">off</P>
      <P Name="SenseXDDot">off</P>
      <P Name="SenseYDDot">off</P>
      <P Name="SenseZDDot">off</P>
      <P Name="SenseXYZDDot">off</P>
      <P Name="SenseRadDDot">off</P>
      <P Name="SenseAzimDDot">off</P>
      <P Name="SenseDistDDot">off</P>
      <P Name="SenseIncDDot">off</P>
    </InstanceData>
  </Block>
  <Block BlockType="SubSystem" Name="theta_act" SID="605">
    <PortCounts in="1" out="3"/>
    <P Name="Position">[260, 101, 320, 149]</P>
    <P Name="ZOrder">459</P>
    <P Name="ErrorFcn">Stateflow.Translate.translate</P>
    <P Name="PermitHierarchicalResolution">ExplicitOnly</P>
    <P Name="TreatAsAtomicUnit">on</P>
    <P Name="SFBlockType">MATLAB Function</P>
    <P Name="ContentPreviewEnabled">on</P>
    <PortProperties>
      <Port Type="out" Index="1">
        <P Name="PropagatedSignals">z</P>
      </Port>
      <Port Type="out" Index="2">
        <P Name="PropagatedSignals">y</P>
      </Port>
      <Port Type="out" Index="3">
        <P Name="PropagatedSignals">x</P>
      </Port>
    </PortProperties>
    <System Ref="system_605"/>
  </Block>
  <Block BlockType="PMIOPort" Name="F" SID="606">
    <P Name="Position">[240, 73, 270, 87]</P>
    <P Name="ZOrder">100000</P>
    <P Name="BlockMirror">on</P>
    <P Name="Side">Right</P>
  </Block>
  <Block BlockType="PMIOPort" Name="B" SID="607">
    <P Name="Position">[45, 248, 75, 262]</P>
    <P Name="ZOrder">100000</P>
    <P Name="Port">2</P>
    <P Name="Side">Left</P>
  </Block>
  <Block BlockType="Outport" Name="Pose" SID="608">
    <P Name="Position">[490, 198, 520, 212]</P>
    <P Name="ZOrder">100000</P>
  </Block>
  <Block BlockType="Outport" Name="vSpeed" SID="609">
    <P Name="Position">[590, 488, 620, 502]</P>
    <P Name="ZOrder">100000</P>
    <P Name="Port">2</P>
  </Block>
  <Line>
    <P Name="ZOrder">1</P>
    <P Name="Src">605#out:1</P>
    <P Name="Points">[30, 0; 0, 41]</P>
    <Branch>
      <P Name="ZOrder">2</P>
      <P Name="Points">[0, 64]</P>
      <P Name="Dst">592#in:3</P>
    </Branch>
    <Branch>
      <P Name="ZOrder">3</P>
      <P Name="Points">[70, 0]</P>
      <P Name="Dst">594#in:3</P>
    </Branch>
  </Line>
  <Line>
    <P Name="Name">RoverPosY</P>
    <P Name="ZOrder">4</P>
    <P Name="Labels">[1, 1]</P>
    <P Name="Src">597#out:1</P>
    <P Name="Points">[185, 0]</P>
    <Branch>
      <P Name="ZOrder">5</P>
      <P Name="Dst">592#in:2</P>
    </Branch>
    <Branch>
      <P Name="ZOrder">6</P>
      <P Name="Dst">595#in:2</P>
    </Branch>
  </Line>
  <Line LineType="Connection">
    <P Name="ZOrder">7</P>
    <P Name="Src">606#rconn:1</P>
    <P Name="Dst">604#rconn:1</P>
  </Line>
  <Line>
    <P Name="Name">RoverPosX</P>
    <P Name="ZOrder">8</P>
    <P Name="Labels">[2, 1]</P>
    <P Name="Src">601#out:1</P>
    <P Name="Points">[0, 14; 152, 0]</P>
    <Branch>
      <P Name="ZOrder">9</P>
      <P Name="Points">[0, 21]</P>
      <P Name="Dst">595#in:1</P>
    </Branch>
    <Branch>
      <P Name="ZOrder">10</P>
      <P Name="Points">[0, -49]</P>
      <P Name="Dst">592#in:1</P>
    </Branch>
  </Line>
  <Line LineType="Connection">
    <P Name="ZOrder">11</P>
    <P Name="Src">607#rconn:1</P>
    <P Name="Dst">604#lconn:1</P>
  </Line>
  <Line>
    <P Name="ZOrder">12</P>
    <P Name="Src">598#out:1</P>
    <P Name="Points">[117, 0; 0, 20]</P>
    <P Name="Dst">593#in:1</P>
  </Line>
  <Line LineType="Connection">
    <P Name="ZOrder">13</P>
    <P Name="Src">600#lconn:1</P>
    <P Name="Dst">604#rconn:3</P>
  </Line>
  <Line LineType="Connection">
    <P Name="ZOrder">14</P>
    <P Name="Src">604#rconn:2</P>
    <P Name="Dst">596#lconn:1</P>
  </Line>
  <Line LineType="Connection">
    <P Name="ZOrder">15</P>
    <P Name="Src">597#lconn:1</P>
    <P Name="Dst">604#rconn:5</P>
  </Line>
  <Line>
    <P Name="ZOrder">16</P>
    <P Name="Src">593#out:1</P>
    <P Name="Points">[9, 0]</P>
    <Branch>
      <P Name="ZOrder">17</P>
      <P Name="Points">[0, 80]</P>
      <P Name="Dst">587#in:1</P>
    </Branch>
    <Branch>
      <P Name="ZOrder">18</P>
      <P Name="Dst">588#in:1</P>
    </Branch>
  </Line>
  <Line>
    <P Name="ZOrder">19</P>
    <P Name="Src">596#out:1</P>
    <P Name="Points">[5, 0]</P>
    <P Name="Dst">605#in:1</P>
  </Line>
  <Line LineType="Connection">
    <P Name="ZOrder">20</P>
    <P Name="Src">601#lconn:1</P>
    <P Name="Dst">604#rconn:4</P>
  </Line>
  <Line LineType="Connection">
    <P Name="ZOrder">21</P>
    <P Name="Src">598#lconn:1</P>
    <P Name="Dst">604#rconn:7</P>
  </Line>
  <Line>
    <P Name="ZOrder">22</P>
    <P Name="Src">592#out:1</P>
    <P Name="Dst">608#in:1</P>
  </Line>
  <Line LineType="Connection">
    <P Name="ZOrder">23</P>
    <P Name="Src">599#lconn:1</P>
    <P Name="Dst">604#rconn:8</P>
  </Line>
  <Line>
    <P Name="ZOrder">24</P>
    <P Name="Src">599#out:1</P>
    <P Name="Dst">593#in:2</P>
  </Line>
  <Line>
    <P Name="ZOrder">25</P>
    <P Name="Src">600#out:1</P>
    <P Name="Points">[50, 0; 0, -10]</P>
    <P Name="Dst">589#in:1</P>
  </Line>
  <Line>
    <P Name="ZOrder">26</P>
    <P Name="Src">605#out:3</P>
    <P Name="Points">[85, 0; 0, -30]</P>
    <P Name="Dst">594#in:1</P>
  </Line>
  <Line>
    <P Name="ZOrder">27</P>
    <P Name="Src">605#out:2</P>
    <P Name="Points">[60, 0; 0, -5]</P>
    <P Name="Dst">594#in:2</P>
  </Line>
  <Line>
    <P Name="ZOrder">28</P>
    <P Name="Src">594#out:1</P>
    <P Name="Dst">603#in:1</P>
  </Line>
  <Line LineType="Connection">
    <P Name="ZOrder">29</P>
    <P Name="Src">602#lconn:1</P>
    <P Name="Dst">604#rconn:6</P>
  </Line>
  <Line>
    <P Name="ZOrder">30</P>
    <P Name="Src">602#out:1</P>
    <P Name="Points">[127, 0; 0, -35]</P>
    <P Name="Dst">595#in:3</P>
  </Line>
  <Line>
    <P Name="ZOrder">31</P>
    <P Name="Src">595#out:1</P>
    <P Name="Dst">591#in:1</P>
  </Line>
  <Line>
    <P Name="ZOrder">32</P>
    <P Name="Src">587#out:1</P>
    <P Name="Dst">609#in:1</P>
  </Line>
  <Line>
    <P Name="ZOrder">33</P>
    <P Name="Src">603#out:1</P>
    <P Name="Dst">590#in:1</P>
  </Line>
</System>
