<?xml version="1.0" encoding="utf-8"?>
<System>
  <P Name="Location">[-1, -7, 1537, 817]</P>
  <P Name="ZoomFactor">69</P>
  <P Name="ReportName">simulink-default.rpt</P>
  <P Name="SIDHighWatermark">1652</P>
  <Block BlockType="ConnectionLabel" Name="Connection Label" SID="639">
    <PortCounts lconn="1"/>
    <P Name="Position">[570, 145, 590, 165]</P>
    <P Name="ZOrder">100000</P>
    <P Name="Label">RovRef</P>
  </Block>
  <Block BlockType="ConnectionLabel" Name="Connection Label1" SID="640">
    <PortCounts lconn="1"/>
    <P Name="Position">[295, 105, 315, 125]</P>
    <P Name="ZOrder">100000</P>
    <P Name="BlockRotation">270</P>
    <P Name="BlockMirror">on</P>
    <P Name="NameLocation">left</P>
    <P Name="Label">RovRef</P>
  </Block>
  <Block BlockType="ConnectionLabel" Name="Connection Label10" SID="1631">
    <PortCounts lconn="1"/>
    <P Name="Position">[255, 350, 275, 370]</P>
    <P Name="ZOrder">100000</P>
    <P Name="BlockMirror">on</P>
    <P Name="NameLocation">top</P>
    <P Name="Label">RovRef</P>
  </Block>
  <Block BlockType="ConnectionLabel" Name="Connection Label11" SID="1632">
    <PortCounts lconn="1"/>
    <P Name="Position">[250, 305, 270, 325]</P>
    <P Name="ZOrder">100000</P>
    <P Name="BlockMirror">on</P>
    <P Name="Label">RovSixDofB</P>
  </Block>
  <Block BlockType="ConnectionLabel" Name="Connection Label12" SID="641">
    <PortCounts lconn="1"/>
    <P Name="Position">[570, 65, 590, 85]</P>
    <P Name="ZOrder">100000</P>
    <P Name="Label">ArmB</P>
  </Block>
  <Block BlockType="ConnectionLabel" Name="Connection Label14" SID="1633">
    <PortCounts lconn="1"/>
    <P Name="Position">[255, 260, 275, 280]</P>
    <P Name="ZOrder">100000</P>
    <P Name="BlockMirror">on</P>
    <P Name="NameLocation">top</P>
    <P Name="Label">ArmB</P>
  </Block>
  <Block BlockType="ConnectionLabel" Name="Connection Label2" SID="1069">
    <PortCounts lconn="1"/>
    <P Name="Position">[255, 155, 275, 175]</P>
    <P Name="ZOrder">100000</P>
    <P Name="BlockMirror">on</P>
    <P Name="NameLocation">top</P>
    <P Name="Label">RovSixDofB</P>
  </Block>
  <Block BlockType="ConnectionLabel" Name="Connection Label3" SID="1070">
    <PortCounts lconn="1"/>
    <P Name="Position">[165, 105, 185, 125]</P>
    <P Name="ZOrder">100000</P>
    <P Name="BlockRotation">270</P>
    <P Name="BlockMirror">on</P>
    <P Name="NameLocation">left</P>
    <P Name="Label">RovSixDofB</P>
  </Block>
  <Block BlockType="ConnectionLabel" Name="Connection Label8" SID="1634">
    <PortCounts lconn="1"/>
    <P Name="Position">[570, 305, 590, 325]</P>
    <P Name="ZOrder">100000</P>
    <P Name="Label">SampleDrop</P>
  </Block>
  <Block BlockType="ConnectionLabel" Name="Connection Label9" SID="642">
    <PortCounts lconn="1"/>
    <P Name="Position">[570, 105, 590, 125]</P>
    <P Name="ZOrder">100000</P>
    <P Name="Label">SampleDrop</P>
  </Block>
  <Block BlockType="SubSystem" Name="DesRoverPathViz" SID="4">
    <PortCounts lconn="1"/>
    <P Name="Position">[84, 140, 126, 185]</P>
    <P Name="ZOrder">100000</P>
    <P Name="BlockRotation">270</P>
    <P Name="BlockMirror">on</P>
    <P Name="ContentPreviewEnabled">on</P>
    <Mask>
      <Display RunInitForIconRedraw="off"/>
    </Mask>
    <System Ref="system_4"/>
  </Block>
  <Block BlockType="SubSystem" Name="Manipulator Outputs" SID="924">
    <PortCounts/>
    <P Name="Position">[101, 259, 159, 294]</P>
    <P Name="ZOrder">100000</P>
    <P Name="ContentPreviewEnabled">on</P>
    <Mask>
      <Display RunInitForIconRedraw="off"/>
    </Mask>
    <System Ref="system_924"/>
  </Block>
  <Block BlockType="SubSystem" Name="Manipulator Plant Model And Control" SID="1352">
    <PortCounts lconn="3" rconn="1"/>
    <P Name="Position">[335, 248, 520, 382]</P>
    <P Name="ZOrder">100000</P>
    <P Name="LibrarySourceProduct" Ref="bdmxdata:LibrarySourceProduct_1352"/>
    <P Name="ContentPreviewEnabled">on</P>
    <System Ref="system_1352"/>
  </Block>
  <Block BlockType="Reference" Name="Mechanism&#xA;Configuration" SID="1">
    <PortCounts rconn="1"/>
    <P Name="Position">[15, 115, 55, 155]</P>
    <P Name="ZOrder">42</P>
    <P Name="LibraryVersion">24.21</P>
    <P Name="SourceBlock">sm_lib/Utilities/Mechanism
Configuration</P>
    <P Name="SourceType">Mechanism
Configuration</P>
    <InstanceData>
      <P Name="LogSimulationData">off</P>
      <P Name="SimscapeInstrumentationLogging">off</P>
      <P Name="SimscapeInstrumentationVariables" Ref="bdmxdata:SimscapeInstrumentationVariables_1"/>
      <P Name="UniformGravity">Constant</P>
      <P Name="GravityVector">[0 0 -3.72076]</P>
      <P Name="GravityVector_conf">compiletime</P>
      <P Name="GravityVectorUnits">m/s^2</P>
      <P Name="LinearizationDelta">0.001</P>
      <P Name="JointModeTransitionNonlinearIterations">2</P>
    </InstanceData>
  </Block>
  <Block BlockType="SubSystem" Name="Rover Outputs" SID="977">
    <PortCounts/>
    <P Name="Position">[16, 259, 69, 294]</P>
    <P Name="ZOrder">100000</P>
    <P Name="ContentPreviewEnabled">on</P>
    <Mask>
      <Display RunInitForIconRedraw="off"/>
    </Mask>
    <System Ref="system_977"/>
  </Block>
  <Block BlockType="Reference" Name="Rover Six Dof" SID="9">
    <PortCounts lconn="1" rconn="1"/>
    <P Name="Position">[210, 63, 250, 107]</P>
    <P Name="ZOrder">100000</P>
    <P Name="LibraryVersion">24.21</P>
    <P Name="SourceBlock">sm_lib/Joints/6-DOF Joint</P>
    <P Name="SourceType">6-DOF Joint</P>
    <InstanceData>
      <P Name="LogSimulationData">off</P>
      <P Name="SimscapeInstrumentationLogging">off</P>
      <P Name="SimscapeInstrumentationVariables" Ref="bdmxdata:SimscapeInstrumentationVariables_9"/>
      <P Name="JointMode">Normal</P>
      <P Name="CompositeWrenchDir">FollowerOnBase</P>
      <P Name="CompositeWrenchFrame">BaseFrame</P>
      <P Name="SenseConstraintForce">off</P>
      <P Name="SenseConstraintTorque">off</P>
      <P Name="SenseTotalForce">off</P>
      <P Name="SenseTotalTorque">off</P>
      <P Name="PxPositionTargetSpecify">on</P>
      <P Name="PxPositionTargetPriority">High</P>
      <P Name="PxPositionTargetValue">roverPath.x(1)</P>
      <P Name="PxPositionTargetValue_conf">compiletime</P>
      <P Name="PxPositionTargetValueUnits">m</P>
      <P Name="PxVelocityTargetSpecify">off</P>
      <P Name="PxVelocityTargetPriority">High</P>
      <P Name="PxVelocityTargetValue">0</P>
      <P Name="PxVelocityTargetValue_conf">compiletime</P>
      <P Name="PxVelocityTargetValueUnits">m/s</P>
      <P Name="PxEquilibriumPosition">0</P>
      <P Name="PxEquilibriumPosition_conf">compiletime</P>
      <P Name="PxEquilibriumPositionUnits">m</P>
      <P Name="PxSpringStiffness">0</P>
      <P Name="PxSpringStiffness_conf">compiletime</P>
      <P Name="PxSpringStiffnessUnits">N/m</P>
      <P Name="PxDampingCoefficient">0</P>
      <P Name="PxDampingCoefficient_conf">compiletime</P>
      <P Name="PxDampingCoefficientUnits">N/(m/s)</P>
      <P Name="PxLowerLimitSpecify">off</P>
      <P Name="PxLowerLimitBound">-1</P>
      <P Name="PxLowerLimitBound_conf">compiletime</P>
      <P Name="PxLowerLimitBoundUnits">m</P>
      <P Name="PxLowerLimitStiffness">1e6</P>
      <P Name="PxLowerLimitStiffness_conf">compiletime</P>
      <P Name="PxLowerLimitStiffnessUnits">N/m</P>
      <P Name="PxLowerLimitDamping">1e3</P>
      <P Name="PxLowerLimitDamping_conf">compiletime</P>
      <P Name="PxLowerLimitDampingUnits">N/(m/s)</P>
      <P Name="PxLowerLimitTransitionRegionWidth">1e-4</P>
      <P Name="PxLowerLimitTransitionRegionWidth_conf">compiletime</P>
      <P Name="PxLowerLimitTransitionRegionWidthUnits">m</P>
      <P Name="PxUpperLimitSpecify">off</P>
      <P Name="PxUpperLimitBound">1</P>
      <P Name="PxUpperLimitBound_conf">compiletime</P>
      <P Name="PxUpperLimitBoundUnits">m</P>
      <P Name="PxUpperLimitStiffness">1e6</P>
      <P Name="PxUpperLimitStiffness_conf">compiletime</P>
      <P Name="PxUpperLimitStiffnessUnits">N/m</P>
      <P Name="PxUpperLimitDamping">1e3</P>
      <P Name="PxUpperLimitDamping_conf">compiletime</P>
      <P Name="PxUpperLimitDampingUnits">N/(m/s)</P>
      <P Name="PxUpperLimitTransitionRegionWidth">1e-4</P>
      <P Name="PxUpperLimitTransitionRegionWidth_conf">compiletime</P>
      <P Name="PxUpperLimitTransitionRegionWidthUnits">m</P>
      <P Name="PxTorqueActuationMode">NoTorque</P>
      <P Name="PxMotionActuationMode">ComputedMotion</P>
      <P Name="PxSensePosition">off</P>
      <P Name="PxSenseVelocity">off</P>
      <P Name="PxSenseAcceleration">off</P>
      <P Name="PxSenseTorqueForce">off</P>
      <P Name="PxSenseLowerLimitTorqueForce">off</P>
      <P Name="PxSenseUpperLimitTorqueForce">off</P>
      <P Name="PyPositionTargetSpecify">on</P>
      <P Name="PyPositionTargetPriority">High</P>
      <P Name="PyPositionTargetValue">roverPath.y(1)</P>
      <P Name="PyPositionTargetValue_conf">compiletime</P>
      <P Name="PyPositionTargetValueUnits">m</P>
      <P Name="PyVelocityTargetSpecify">off</P>
      <P Name="PyVelocityTargetPriority">High</P>
      <P Name="PyVelocityTargetValue">-2</P>
      <P Name="PyVelocityTargetValue_conf">compiletime</P>
      <P Name="PyVelocityTargetValueUnits">m/s</P>
      <P Name="PyEquilibriumPosition">0</P>
      <P Name="PyEquilibriumPosition_conf">compiletime</P>
      <P Name="PyEquilibriumPositionUnits">m</P>
      <P Name="PySpringStiffness">0</P>
      <P Name="PySpringStiffness_conf">compiletime</P>
      <P Name="PySpringStiffnessUnits">N/m</P>
      <P Name="PyDampingCoefficient">0</P>
      <P Name="PyDampingCoefficient_conf">compiletime</P>
      <P Name="PyDampingCoefficientUnits">N/(m/s)</P>
      <P Name="PyLowerLimitSpecify">off</P>
      <P Name="PyLowerLimitBound">-1</P>
      <P Name="PyLowerLimitBound_conf">compiletime</P>
      <P Name="PyLowerLimitBoundUnits">m</P>
      <P Name="PyLowerLimitStiffness">1e6</P>
      <P Name="PyLowerLimitStiffness_conf">compiletime</P>
      <P Name="PyLowerLimitStiffnessUnits">N/m</P>
      <P Name="PyLowerLimitDamping">1e3</P>
      <P Name="PyLowerLimitDamping_conf">compiletime</P>
      <P Name="PyLowerLimitDampingUnits">N/(m/s)</P>
      <P Name="PyLowerLimitTransitionRegionWidth">1e-4</P>
      <P Name="PyLowerLimitTransitionRegionWidth_conf">compiletime</P>
      <P Name="PyLowerLimitTransitionRegionWidthUnits">m</P>
      <P Name="PyUpperLimitSpecify">off</P>
      <P Name="PyUpperLimitBound">1</P>
      <P Name="PyUpperLimitBound_conf">compiletime</P>
      <P Name="PyUpperLimitBoundUnits">m</P>
      <P Name="PyUpperLimitStiffness">1e6</P>
      <P Name="PyUpperLimitStiffness_conf">compiletime</P>
      <P Name="PyUpperLimitStiffnessUnits">N/m</P>
      <P Name="PyUpperLimitDamping">1e3</P>
      <P Name="PyUpperLimitDamping_conf">compiletime</P>
      <P Name="PyUpperLimitDampingUnits">N/(m/s)</P>
      <P Name="PyUpperLimitTransitionRegionWidth">1e-4</P>
      <P Name="PyUpperLimitTransitionRegionWidth_conf">compiletime</P>
      <P Name="PyUpperLimitTransitionRegionWidthUnits">m</P>
      <P Name="PyTorqueActuationMode">NoTorque</P>
      <P Name="PyMotionActuationMode">ComputedMotion</P>
      <P Name="PySensePosition">off</P>
      <P Name="PySenseVelocity">off</P>
      <P Name="PySenseAcceleration">off</P>
      <P Name="PySenseTorqueForce">off</P>
      <P Name="PySenseLowerLimitTorqueForce">off</P>
      <P Name="PySenseUpperLimitTorqueForce">off</P>
      <P Name="PzPositionTargetSpecify">on</P>
      <P Name="PzPositionTargetPriority">High</P>
      <P Name="PzPositionTargetValue">roverPath.t0.pzOffset</P>
      <P Name="PzPositionTargetValue_conf">compiletime</P>
      <P Name="PzPositionTargetValueUnits">m</P>
      <P Name="PzVelocityTargetSpecify">off</P>
      <P Name="PzVelocityTargetPriority">High</P>
      <P Name="PzVelocityTargetValue">0</P>
      <P Name="PzVelocityTargetValue_conf">compiletime</P>
      <P Name="PzVelocityTargetValueUnits">m/s</P>
      <P Name="PzEquilibriumPosition">0</P>
      <P Name="PzEquilibriumPosition_conf">compiletime</P>
      <P Name="PzEquilibriumPositionUnits">m</P>
      <P Name="PzSpringStiffness">0</P>
      <P Name="PzSpringStiffness_conf">compiletime</P>
      <P Name="PzSpringStiffnessUnits">N/m</P>
      <P Name="PzDampingCoefficient">0</P>
      <P Name="PzDampingCoefficient_conf">compiletime</P>
      <P Name="PzDampingCoefficientUnits">N/(m/s)</P>
      <P Name="PzLowerLimitSpecify">off</P>
      <P Name="PzLowerLimitBound">-1</P>
      <P Name="PzLowerLimitBound_conf">compiletime</P>
      <P Name="PzLowerLimitBoundUnits">m</P>
      <P Name="PzLowerLimitStiffness">1e6</P>
      <P Name="PzLowerLimitStiffness_conf">compiletime</P>
      <P Name="PzLowerLimitStiffnessUnits">N/m</P>
      <P Name="PzLowerLimitDamping">1e3</P>
      <P Name="PzLowerLimitDamping_conf">compiletime</P>
      <P Name="PzLowerLimitDampingUnits">N/(m/s)</P>
      <P Name="PzLowerLimitTransitionRegionWidth">1e-4</P>
      <P Name="PzLowerLimitTransitionRegionWidth_conf">compiletime</P>
      <P Name="PzLowerLimitTransitionRegionWidthUnits">m</P>
      <P Name="PzUpperLimitSpecify">off</P>
      <P Name="PzUpperLimitBound">1</P>
      <P Name="PzUpperLimitBound_conf">compiletime</P>
      <P Name="PzUpperLimitBoundUnits">m</P>
      <P Name="PzUpperLimitStiffness">1e6</P>
      <P Name="PzUpperLimitStiffness_conf">compiletime</P>
      <P Name="PzUpperLimitStiffnessUnits">N/m</P>
      <P Name="PzUpperLimitDamping">1e3</P>
      <P Name="PzUpperLimitDamping_conf">compiletime</P>
      <P Name="PzUpperLimitDampingUnits">N/(m/s)</P>
      <P Name="PzUpperLimitTransitionRegionWidth">1e-4</P>
      <P Name="PzUpperLimitTransitionRegionWidth_conf">compiletime</P>
      <P Name="PzUpperLimitTransitionRegionWidthUnits">m</P>
      <P Name="PzTorqueActuationMode">NoTorque</P>
      <P Name="PzMotionActuationMode">ComputedMotion</P>
      <P Name="PzSensePosition">off</P>
      <P Name="PzSenseVelocity">off</P>
      <P Name="PzSenseAcceleration">off</P>
      <P Name="PzSenseTorqueForce">off</P>
      <P Name="PzSenseLowerLimitTorqueForce">off</P>
      <P Name="PzSenseUpperLimitTorqueForce">off</P>
      <P Name="SphPositionTargetSpecify">on</P>
      <P Name="SphPositionTargetPriority">High</P>
      <P Name="SphPositionTargetRotationMethod">RotationSequence</P>
      <P Name="SphPositionTargetFollAlignAxisA">+X</P>
      <P Name="SphPositionTargetBaseAlignAxisA">+Y</P>
      <P Name="SphPositionTargetFollAlignAxisB">+Y</P>
      <P Name="SphPositionTargetBaseAlignAxisB">+Z</P>
      <P Name="SphPositionTargetRotationStandardAxis">+X</P>
      <P Name="SphPositionTargetRotationAngle">5</P>
      <P Name="SphPositionTargetRotationAngle_conf">compiletime</P>
      <P Name="SphPositionTargetRotationAngleUnits">deg</P>
      <P Name="SphPositionTargetRotationArbitraryAxis">[0 0 1]</P>
      <P Name="SphPositionTargetRotationArbitraryAxis_conf">compiletime</P>
      <P Name="SphPositionTargetRotationSequenceAxes">FollowerAxes</P>
      <P Name="SphPositionTargetRotationSequence">ZYX</P>
      <P Name="SphPositionTargetRotationSequenceAngles">[roverPath.t0.yaw, roverPath.t0.pitch, roverPath.t0.roll]</P>
      <P Name="SphPositionTargetRotationSequenceAngles_conf">compiletime</P>
      <P Name="SphPositionTargetRotationSequenceAnglesUnits">rad</P>
      <P Name="SphPositionTargetRotationMatrix">[1 0 0; 0 1 0; 0 0 1]</P>
      <P Name="SphPositionTargetRotationMatrix_conf">compiletime</P>
      <P Name="SphPositionTargetQuaternion">[1 0 0 0]</P>
      <P Name="SphPositionTargetQuaternion_conf">compiletime</P>
      <P Name="SphVelocityTargetSpecify">off</P>
      <P Name="SphVelocityTargetPriority">High</P>
      <P Name="SphVelocityTargetValue">[0 0 45]</P>
      <P Name="SphVelocityTargetValue_conf">compiletime</P>
      <P Name="SphVelocityTargetValueUnits">deg/s</P>
      <P Name="SphVelocityTargetInFollowerFrame">on</P>
      <P Name="SphEqPosRotationMethod">None</P>
      <P Name="SphEqPosFollAlignAxisA">+X</P>
      <P Name="SphEqPosBaseAlignAxisA">+Y</P>
      <P Name="SphEqPosFollAlignAxisB">+Y</P>
      <P Name="SphEqPosBaseAlignAxisB">+Z</P>
      <P Name="SphEqPosRotationStandardAxis">+Z</P>
      <P Name="SphEqPosRotationAngle">0.0</P>
      <P Name="SphEqPosRotationAngle_conf">compiletime</P>
      <P Name="SphEqPosRotationAngleUnits">deg</P>
      <P Name="SphEqPosRotationArbitraryAxis">[0 0 1]</P>
      <P Name="SphEqPosRotationArbitraryAxis_conf">compiletime</P>
      <P Name="SphEqPosRotationSequenceAxes">FollowerAxes</P>
      <P Name="SphEqPosRotationSequence">XYX</P>
      <P Name="SphEqPosRotationSequenceAngles">[0 0 0]</P>
      <P Name="SphEqPosRotationSequenceAngles_conf">compiletime</P>
      <P Name="SphEqPosRotationSequenceAnglesUnits">deg</P>
      <P Name="SphEqPosRotationMatrix">[1 0 0; 0 1 0; 0 0 1]</P>
      <P Name="SphEqPosRotationMatrix_conf">compiletime</P>
      <P Name="SphEqPosQuaternion">[1 0 0 0]</P>
      <P Name="SphEqPosQuaternion_conf">compiletime</P>
      <P Name="SphSpringStiffness">0</P>
      <P Name="SphSpringStiffness_conf">compiletime</P>
      <P Name="SphSpringStiffnessUnits">m*N/deg</P>
      <P Name="SphDampingCoefficient">0</P>
      <P Name="SphDampingCoefficient_conf">compiletime</P>
      <P Name="SphDampingCoefficientUnits">m*s*N/deg</P>
      <P Name="SphLowerLimitSpecify">off</P>
      <P Name="SphLowerLimitBound">15</P>
      <P Name="SphLowerLimitBound_conf">compiletime</P>
      <P Name="SphLowerLimitBoundUnits">deg</P>
      <P Name="SphLowerLimitStiffness">1e4</P>
      <P Name="SphLowerLimitStiffness_conf">compiletime</P>
      <P Name="SphLowerLimitStiffnessUnits">N*m/deg</P>
      <P Name="SphLowerLimitDamping">10</P>
      <P Name="SphLowerLimitDamping_conf">compiletime</P>
      <P Name="SphLowerLimitDampingUnits">N*m/(deg/s)</P>
      <P Name="SphLowerLimitTransitionRegionWidth">0.1</P>
      <P Name="SphLowerLimitTransitionRegionWidth_conf">compiletime</P>
      <P Name="SphLowerLimitTransitionRegionWidthUnits">deg</P>
      <P Name="SphUpperLimitSpecify">off</P>
      <P Name="SphUpperLimitBound">45</P>
      <P Name="SphUpperLimitBound_conf">compiletime</P>
      <P Name="SphUpperLimitBoundUnits">deg</P>
      <P Name="SphUpperLimitStiffness">1e4</P>
      <P Name="SphUpperLimitStiffness_conf">compiletime</P>
      <P Name="SphUpperLimitStiffnessUnits">N*m/deg</P>
      <P Name="SphUpperLimitDamping">10</P>
      <P Name="SphUpperLimitDamping_conf">compiletime</P>
      <P Name="SphUpperLimitDampingUnits">N*m/(deg/s)</P>
      <P Name="SphUpperLimitTransitionRegionWidth">0.1</P>
      <P Name="SphUpperLimitTransitionRegionWidth_conf">compiletime</P>
      <P Name="SphUpperLimitTransitionRegionWidthUnits">deg</P>
      <P Name="SphTorqueActuationMode">NoTorque</P>
      <P Name="SphActuateTorqueX">off</P>
      <P Name="SphActuateTorqueY">off</P>
      <P Name="SphActuateTorqueZ">off</P>
      <P Name="SphActuateTorque">off</P>
      <P Name="SphActuationFrame">BaseFrame</P>
      <P Name="SphSensePosition">off</P>
      <P Name="SphSenseVelocityX">off</P>
      <P Name="SphSenseVelocityY">off</P>
      <P Name="SphSenseVelocityZ">off</P>
      <P Name="SphSenseVelocity">off</P>
      <P Name="SphSenseAccelerationX">off</P>
      <P Name="SphSenseAccelerationY">off</P>
      <P Name="SphSenseAccelerationZ">off</P>
      <P Name="SphSenseAcceleration">off</P>
      <P Name="SphSenseLowerLimitTorqueMag">off</P>
      <P Name="SphSenseUpperLimitTorqueMag">off</P>
      <P Name="SphSensingFrame">FollowerFrame</P>
    </InstanceData>
  </Block>
  <Block BlockType="SubSystem" Name="RoverMotionControl&amp;Planning" SID="10">
    <PortCounts lconn="2" rconn="3"/>
    <P Name="Position">[340, 56, 510, 174]</P>
    <P Name="ZOrder">100000</P>
    <P Name="LibrarySourceProduct" Ref="bdmxdata:LibrarySourceProduct_10"/>
    <P Name="ContentPreviewEnabled">on</P>
    <System Ref="system_10"/>
  </Block>
  <Block BlockType="Reference" Name="Solver&#xA;Configuration" SID="2">
    <PortCounts rconn="1"/>
    <P Name="Position">[15, 69, 55, 101]</P>
    <P Name="ZOrder">40</P>
    <P Name="LibraryVersion">7.0</P>
    <P Name="SourceBlock">nesl_utility/Solver
Configuration</P>
    <P Name="SourceType">Solver
Configuration</P>
    <InstanceData>
      <P Name="RTWMemSecFuncInitTerm">Inherit from model</P>
      <P Name="RTWMemSecFuncExecute">Inherit from model</P>
      <P Name="RTWMemSecDataConstants">Inherit from model</P>
      <P Name="RTWMemSecDataInternal">Inherit from model</P>
      <P Name="RTWMemSecDataParameters">Inherit from model</P>
      <P Name="ContentPreviewEnabled">off</P>
      <P Name="PhysicalDomain">network_engine_domain</P>
      <P Name="SubClassName">solver</P>
      <P Name="LeftPortType">input</P>
      <P Name="RightPortType">generic</P>
      <P Name="Tones">[]</P>
      <P Name="Harmonics">[]</P>
      <P Name="SimulateNoise">off</P>
      <P Name="Profile">off</P>
      <P Name="UseLocalSampling">off</P>
      <P Name="EnableSwitchedLinearOptims">on</P>
      <P Name="FrequencyDomain">off</P>
      <P Name="UseCCode">off</P>
      <P Name="RelTol">0.001</P>
      <P Name="AbsTol">1e-06</P>
      <P Name="MinStep">1e-09</P>
      <P Name="ToWorkspace">off</P>
      <P Name="RevertToSquareIcSolve">off</P>
      <P Name="NumHomotopyIterations">100</P>
      <P Name="PhasorMode">off</P>
      <P Name="PhasorModeNumHarmonics">1</P>
      <P Name="ConsistencySolver">NEWTON_FTOL</P>
      <P Name="IndexReductionMethod">DerivativeReplacement</P>
      <P Name="DoDC">off</P>
      <P Name="ResidualTolerance">1e-09</P>
      <P Name="ConsistencyTolSource">GLOBAL</P>
      <P Name="ConsistencyAbsTol">0.001</P>
      <P Name="ConsistencyRelTol">0.001</P>
      <P Name="ConsistencyTolFactor">0.001</P>
      <P Name="UseLocalSolver">off</P>
      <P Name="LocalSolverChoice">NE_BACKWARD_EULER_ADVANCER</P>
      <P Name="ResolveIndetEquations">on</P>
      <P Name="FunctionEvalNumThread">1</P>
      <P Name="LocalSolverSampleTime">0.001</P>
      <P Name="DoFixedCost">off</P>
      <P Name="MaxNonlinIter">3</P>
      <P Name="MaxModeIter">2</P>
      <P Name="ComputeImpulses">off</P>
      <P Name="ImpulseIterations">2</P>
      <P Name="LinearAlgebra">auto</P>
      <P Name="LinearAlgebraNumThread">0</P>
      <P Name="EquationFormulation">NE_TIME_EF</P>
      <P Name="DelaysMemoryBudget">1024</P>
      <P Name="AutomaticFiltering">on</P>
      <P Name="FilteringTimeConstant">0.001</P>
      <P Name="PartitionStorageMethod">AS_NEEDED</P>
      <P Name="PartitionMemoryBudget">1024</P>
      <P Name="PartitionMethod">FAST</P>
      <P Name="MultibodyUseLocalSolver">off</P>
      <P Name="MultibodyLocalSolverChoice">ODE1</P>
      <P Name="MultibodyLocalSolverSampleTime">0.001</P>
    </InstanceData>
  </Block>
  <Block BlockType="Reference" Name="World Frame" SID="3">
    <PortCounts rconn="1"/>
    <P Name="Position">[15, 15, 55, 55]</P>
    <P Name="ZOrder">41</P>
    <P Name="LibraryVersion">24.21</P>
    <P Name="SourceBlock">sm_lib/Frames and
Transforms/World Frame</P>
    <P Name="SourceType">World Frame</P>
    <InstanceData>
      <P Name="LogSimulationData">off</P>
      <P Name="SimscapeInstrumentationLogging">off</P>
      <P Name="SimscapeInstrumentationVariables" Ref="bdmxdata:SimscapeInstrumentationVariables_3"/>
    </InstanceData>
  </Block>
  <Line LineType="Connection">
    <P Name="ZOrder">5</P>
    <P Name="Points">[74, 85; -4, 0]</P>
    <P Name="Dst">2#rconn:1</P>
    <Branch ConnectType="SRC_DEST">
      <P Name="Points">[105, 85; -31, 0]</P>
      <Branch ConnectType="SRC_DEST">
        <P Name="Points">[175, 85; -70, 0]</P>
        <Branch ConnectType="SRC_DEST">
          <P Name="Src">1070#lconn:1</P>
          <P Name="Points">[0, -5]</P>
        </Branch>
        <Branch ConnectType="SRC_DEST">
          <P Name="Src">9#lconn:1</P>
          <P Name="Points">[-20, 0]</P>
        </Branch>
      </Branch>
      <Branch ConnectType="SRC_DEST">
        <P Name="Src">4#lconn:1</P>
        <P Name="Points">[0, -40]</P>
      </Branch>
    </Branch>
    <Branch ConnectType="SRC_DEST">
      <P Name="Src">3#rconn:1</P>
      <P Name="Points">[4, 0; 0, 50]</P>
    </Branch>
    <Branch ConnectType="SRC_SRC">
      <P Name="Points">[0, 50]</P>
      <P Name="Dst">1#rconn:1</P>
    </Branch>
  </Line>
  <Line LineType="Connection">
    <P Name="ZOrder">12</P>
    <P Name="Src">10#lconn:1</P>
    <P Name="Points">[-20, 0]</P>
    <Branch ConnectType="DEST_DEST">
      <P Name="Src">640#lconn:1</P>
      <P Name="Points">[0, -5]</P>
    </Branch>
    <Branch ConnectType="DEST_SRC">
      <P Name="Dst">9#rconn:1</P>
    </Branch>
  </Line>
  <Line LineType="Connection">
    <P Name="ZOrder">14</P>
    <P Name="Src">10#rconn:3</P>
    <P Name="Dst">639#lconn:1</P>
  </Line>
  <Line LineType="Connection">
    <P Name="ZOrder">20</P>
    <P Name="Src">641#lconn:1</P>
    <P Name="Dst">10#rconn:1</P>
  </Line>
  <Line LineType="Connection">
    <P Name="ZOrder">21</P>
    <P Name="Src">642#lconn:1</P>
    <P Name="Dst">10#rconn:2</P>
  </Line>
  <Line LineType="Connection">
    <P Name="ZOrder">27</P>
    <P Name="Src">1069#lconn:1</P>
    <P Name="Points">[32, 0; 0, -20]</P>
    <P Name="Dst">10#lconn:2</P>
  </Line>
  <Line LineType="Connection">
    <P Name="ZOrder">36</P>
    <P Name="Src">1633#lconn:1</P>
    <P Name="Dst">1352#lconn:1</P>
  </Line>
  <Line LineType="Connection">
    <P Name="ZOrder">37</P>
    <P Name="Src">1632#lconn:1</P>
    <P Name="Dst">1352#lconn:2</P>
  </Line>
  <Line LineType="Connection">
    <P Name="ZOrder">38</P>
    <P Name="Src">1631#lconn:1</P>
    <P Name="Dst">1352#lconn:3</P>
  </Line>
  <Line LineType="Connection">
    <P Name="ZOrder">40</P>
    <P Name="Src">1634#lconn:1</P>
    <P Name="Dst">1352#rconn:1</P>
  </Line>
  <Annotation SID="1068">
    <P Name="Position">[-5, 244, 185, 316]</P>
    <P Name="InternalMargins">[0, 0, 0, 0]</P>
    <P Name="FixedHeight">on</P>
    <P Name="FixedWidth">on</P>
    <P Name="ForegroundColor">[0.901961, 0.901961, 1.000000]</P>
    <P Name="BackgroundColor">[0.901961, 0.901961, 1.000000]</P>
    <P Name="DropShadow">on</P>
    <P Name="AnnotationType">area_annotation</P>
    <P Name="ZOrder">29</P>
    <P Name="FontSize">12</P>
  </Annotation>
</System>
