<?xml version="1.0" encoding="utf-8"?>
<System>
  <P Name="Location">[-8, -8, 1928, 1048]</P>
  <P Name="ZoomFactor">168</P>
  <Block BlockType="Inport" Name="In1" SID="1059">
    <P Name="Position">[-5, 143, 25, 157]</P>
    <P Name="ZOrder">100000</P>
  </Block>
  <Block BlockType="Selector" Name="Select" SID="1060">
    <PortCounts in="1" out="1"/>
    <P Name="Position">[90, 21, 120, 39]</P>
    <P Name="ZOrder">100000</P>
    <P Name="InputPortWidth">4</P>
    <P Name="IndexOptions">Index vector (dialog)</P>
    <P Name="Indices">1</P>
    <P Name="OutputSizes">1</P>
  </Block>
  <Block BlockType="Selector" Name="Select2" SID="1061">
    <PortCounts in="1" out="1"/>
    <P Name="Position">[90, 96, 120, 114]</P>
    <P Name="ZOrder">100000</P>
    <P Name="InputPortWidth">4</P>
    <P Name="IndexOptions">Index vector (dialog)</P>
    <P Name="Indices">2</P>
    <P Name="OutputSizes">1</P>
  </Block>
  <Block BlockType="Selector" Name="Select4" SID="1062">
    <PortCounts in="1" out="1"/>
    <P Name="Position">[90, 171, 120, 189]</P>
    <P Name="ZOrder">100000</P>
    <P Name="InputPortWidth">4</P>
    <P Name="IndexOptions">Index vector (dialog)</P>
    <P Name="Indices">3</P>
    <P Name="OutputSizes">1</P>
  </Block>
  <Block BlockType="Selector" Name="Select6" SID="1063">
    <PortCounts in="1" out="1"/>
    <P Name="Position">[90, 256, 120, 274]</P>
    <P Name="ZOrder">100000</P>
    <P Name="InputPortWidth">4</P>
    <P Name="IndexOptions">Index vector (dialog)</P>
    <P Name="Indices">4</P>
    <P Name="OutputSizes">1</P>
  </Block>
  <Block BlockType="Outport" Name="Out1" SID="1064">
    <P Name="Position">[165, 23, 195, 37]</P>
    <P Name="ZOrder">100000</P>
  </Block>
  <Block BlockType="Outport" Name="Out2" SID="1065">
    <P Name="Position">[165, 98, 195, 112]</P>
    <P Name="ZOrder">100000</P>
    <P Name="Port">2</P>
  </Block>
  <Block BlockType="Outport" Name="Out3" SID="1066">
    <P Name="Position">[165, 173, 195, 187]</P>
    <P Name="ZOrder">100000</P>
    <P Name="Port">3</P>
  </Block>
  <Block BlockType="Outport" Name="Out5" SID="1067">
    <P Name="Position">[165, 258, 195, 272]</P>
    <P Name="ZOrder">100000</P>
    <P Name="Port">4</P>
  </Block>
  <Line>
    <P Name="ZOrder">1</P>
    <P Name="Src">1063#out:1</P>
    <P Name="Dst">1067#in:1</P>
  </Line>
  <Line>
    <P Name="ZOrder">2</P>
    <P Name="Src">1062#out:1</P>
    <P Name="Dst">1066#in:1</P>
  </Line>
  <Line>
    <P Name="ZOrder">3</P>
    <P Name="Src">1061#out:1</P>
    <P Name="Dst">1065#in:1</P>
  </Line>
  <Line>
    <P Name="ZOrder">4</P>
    <P Name="Src">1060#out:1</P>
    <P Name="Dst">1064#in:1</P>
  </Line>
  <Line>
    <P Name="ZOrder">5</P>
    <P Name="Src">1059#out:1</P>
    <P Name="Points">[44, 0]</P>
    <Branch>
      <P Name="ZOrder">6</P>
      <P Name="Points">[0, 30]</P>
      <Branch>
        <P Name="ZOrder">7</P>
        <P Name="Points">[0, 85]</P>
        <P Name="Dst">1063#in:1</P>
      </Branch>
      <Branch>
        <P Name="ZOrder">8</P>
        <P Name="Dst">1062#in:1</P>
      </Branch>
    </Branch>
    <Branch>
      <P Name="ZOrder">9</P>
      <P Name="Points">[0, -45]</P>
      <Branch>
        <P Name="ZOrder">10</P>
        <P Name="Dst">1061#in:1</P>
      </Branch>
      <Branch>
        <P Name="ZOrder">11</P>
        <P Name="Points">[0, -75]</P>
        <P Name="Dst">1060#in:1</P>
      </Branch>
    </Branch>
  </Line>
</System>
