<?xml version="1.0" encoding="utf-8"?>
<System>
  <P Name="Location">[-1, -7, 1537, 817]</P>
  <Block BlockType="Reference" Name="Cylindrical Solid" SID="1525">
    <PortCounts lconn="1" rconn="1"/>
    <P Name="Position">[180, 20, 220, 60]</P>
    <P Name="ZOrder">100000</P>
    <P Name="LibraryVersion">24.21</P>
    <P Name="SourceBlock">sm_lib/Body Elements/Cylindrical Solid</P>
    <P Name="SourceType">Cylindrical Solid</P>
    <InstanceData>
      <P Name="LogSimulationData">off</P>
      <P Name="SimscapeInstrumentationLogging">off</P>
      <P Name="SimscapeInstrumentationVariables" Ref="bdmxdata:SimscapeInstrumentationVariables_1525"/>
      <P Name="CylinderRadius">4</P>
      <P Name="CylinderRadius_conf">compiletime</P>
      <P Name="CylinderRadiusUnits">cm</P>
      <P Name="CylinderLength">8</P>
      <P Name="CylinderLength_conf">compiletime</P>
      <P Name="CylinderLengthUnits">cm</P>
      <P Name="ExportEntireGeometry">off</P>
      <P Name="InertiaType">CalculateFromGeometry</P>
      <P Name="BasedOnType">Density</P>
      <P Name="Density">1000</P>
      <P Name="Density_conf">compiletime</P>
      <P Name="DensityUnits">kg/m^3</P>
      <P Name="Mass">1</P>
      <P Name="Mass_conf">compiletime</P>
      <P Name="MassUnits">kg</P>
      <P Name="CenterOfMass">[0 0 0]</P>
      <P Name="CenterOfMass_conf">compiletime</P>
      <P Name="CenterOfMassUnits">m</P>
      <P Name="MomentsOfInertia">[1 1 1]</P>
      <P Name="MomentsOfInertia_conf">compiletime</P>
      <P Name="MomentsOfInertiaUnits">kg*m^2</P>
      <P Name="ProductsOfInertia">[0 0 0]</P>
      <P Name="ProductsOfInertia_conf">compiletime</P>
      <P Name="ProductsOfInertiaUnits">kg*m^2</P>
      <P Name="GraphicType">FromGeometry</P>
      <P Name="MarkerShape">Sphere</P>
      <P Name="MarkerSize">10</P>
      <P Name="MarkerSize_conf">compiletime</P>
      <P Name="GraphicVisPropType">SimpleVisualProperties</P>
      <P Name="GraphicDiffuseColor">[0.8 0.8 0.0]</P>
      <P Name="GraphicDiffuseColor_conf">compiletime</P>
      <P Name="GraphicOpacity">1.0</P>
      <P Name="GraphicOpacity_conf">compiletime</P>
      <P Name="GraphicSpecularColor">[0.5 0.5 0.5 1.0]</P>
      <P Name="GraphicSpecularColor_conf">compiletime</P>
      <P Name="GraphicAmbientColor">[0.15 0.15 0.15 1.0]</P>
      <P Name="GraphicAmbientColor_conf">compiletime</P>
      <P Name="GraphicEmissiveColor">[0.0 0.0 0.0 1.0]</P>
      <P Name="GraphicEmissiveColor_conf">compiletime</P>
      <P Name="GraphicShininess">75</P>
      <P Name="GraphicShininess_conf">compiletime</P>
      <P Name="DoExposeReferenceFrame">off</P>
      <P Name="SerializedFrames">&lt;Frames&gt;&lt;Frame&gt;&lt;Id&gt;Frame1&lt;/Id&gt;&lt;Value&gt;&lt;Name&gt;F1&lt;/Name&gt;&lt;Origin&gt;&lt;Source&gt;GeometricFeature&lt;/Source&gt;&lt;FeatureName&gt;top surface&lt;/FeatureName&gt;&lt;/Origin&gt;&lt;PrimaryAxis&gt;&lt;DefinedDirection&gt;+Z&lt;/DefinedDirection&gt;&lt;Source&gt;ReferenceFrame&lt;/Source&gt;&lt;SourceDirection&gt;-Z&lt;/SourceDirection&gt;&lt;FeatureName&gt;&lt;/FeatureName&gt;&lt;/PrimaryAxis&gt;&lt;SecondaryAxis&gt;&lt;DefinedDirection&gt;+X&lt;/DefinedDirection&gt;&lt;Source&gt;ReferenceFrame&lt;/Source&gt;&lt;SourceDirection&gt;+X&lt;/SourceDirection&gt;&lt;FeatureName&gt;&lt;/FeatureName&gt;&lt;/SecondaryAxis&gt;&lt;/Value&gt;&lt;/Frame&gt;&lt;Frame&gt;&lt;Id&gt;Frame2&lt;/Id&gt;&lt;Value&gt;&lt;Name&gt;F2&lt;/Name&gt;&lt;Origin&gt;&lt;Source&gt;GeometricFeature&lt;/Source&gt;&lt;FeatureName&gt;bottom surface&lt;/FeatureName&gt;&lt;/Origin&gt;&lt;PrimaryAxis&gt;&lt;DefinedDirection&gt;+Z&lt;/DefinedDirection&gt;&lt;Source&gt;ReferenceFrame&lt;/Source&gt;&lt;SourceDirection&gt;-Z&lt;/SourceDirection&gt;&lt;FeatureName&gt;&lt;/FeatureName&gt;&lt;/PrimaryAxis&gt;&lt;SecondaryAxis&gt;&lt;DefinedDirection&gt;+X&lt;/DefinedDirection&gt;&lt;Source&gt;ReferenceFrame&lt;/Source&gt;&lt;SourceDirection&gt;+X&lt;/SourceDirection&gt;&lt;FeatureName&gt;&lt;/FeatureName&gt;&lt;/SecondaryAxis&gt;&lt;/Value&gt;&lt;/Frame&gt;&lt;/Frames&gt;</P>
    </InstanceData>
  </Block>
  <Block BlockType="Reference" Name="Cylindrical Solid1" SID="1526">
    <PortCounts lconn="1" rconn="1"/>
    <P Name="Position">[520, 20, 560, 60]</P>
    <P Name="ZOrder">100000</P>
    <P Name="LibraryVersion">24.21</P>
    <P Name="SourceBlock">sm_lib/Body Elements/Cylindrical Solid</P>
    <P Name="SourceType">Cylindrical Solid</P>
    <InstanceData>
      <P Name="LogSimulationData">off</P>
      <P Name="SimscapeInstrumentationLogging">off</P>
      <P Name="SimscapeInstrumentationVariables" Ref="bdmxdata:SimscapeInstrumentationVariables_1526"/>
      <P Name="CylinderRadius">4</P>
      <P Name="CylinderRadius_conf">compiletime</P>
      <P Name="CylinderRadiusUnits">cm</P>
      <P Name="CylinderLength">4</P>
      <P Name="CylinderLength_conf">compiletime</P>
      <P Name="CylinderLengthUnits">cm</P>
      <P Name="ExportEntireGeometry">off</P>
      <P Name="InertiaType">CalculateFromGeometry</P>
      <P Name="BasedOnType">Density</P>
      <P Name="Density">1000</P>
      <P Name="Density_conf">compiletime</P>
      <P Name="DensityUnits">kg/m^3</P>
      <P Name="Mass">1</P>
      <P Name="Mass_conf">compiletime</P>
      <P Name="MassUnits">kg</P>
      <P Name="CenterOfMass">[0 0 0]</P>
      <P Name="CenterOfMass_conf">compiletime</P>
      <P Name="CenterOfMassUnits">m</P>
      <P Name="MomentsOfInertia">[1 1 1]</P>
      <P Name="MomentsOfInertia_conf">compiletime</P>
      <P Name="MomentsOfInertiaUnits">kg*m^2</P>
      <P Name="ProductsOfInertia">[0 0 0]</P>
      <P Name="ProductsOfInertia_conf">compiletime</P>
      <P Name="ProductsOfInertiaUnits">kg*m^2</P>
      <P Name="GraphicType">FromGeometry</P>
      <P Name="MarkerShape">Sphere</P>
      <P Name="MarkerSize">10</P>
      <P Name="MarkerSize_conf">compiletime</P>
      <P Name="GraphicVisPropType">SimpleVisualProperties</P>
      <P Name="GraphicDiffuseColor">[0.8 0.8 0.0]</P>
      <P Name="GraphicDiffuseColor_conf">compiletime</P>
      <P Name="GraphicOpacity">1.0</P>
      <P Name="GraphicOpacity_conf">compiletime</P>
      <P Name="GraphicSpecularColor">[0.5 0.5 0.5 1.0]</P>
      <P Name="GraphicSpecularColor_conf">compiletime</P>
      <P Name="GraphicAmbientColor">[0.15 0.15 0.15 1.0]</P>
      <P Name="GraphicAmbientColor_conf">compiletime</P>
      <P Name="GraphicEmissiveColor">[0.0 0.0 0.0 1.0]</P>
      <P Name="GraphicEmissiveColor_conf">compiletime</P>
      <P Name="GraphicShininess">75</P>
      <P Name="GraphicShininess_conf">compiletime</P>
      <P Name="DoExposeReferenceFrame">off</P>
      <P Name="SerializedFrames">&lt;Frames&gt;&lt;Frame&gt;&lt;Id&gt;Frame1&lt;/Id&gt;&lt;Value&gt;&lt;Name&gt;F1&lt;/Name&gt;&lt;Origin&gt;&lt;Source&gt;GeometricFeature&lt;/Source&gt;&lt;FeatureName&gt;top surface&lt;/FeatureName&gt;&lt;/Origin&gt;&lt;PrimaryAxis&gt;&lt;DefinedDirection&gt;+Z&lt;/DefinedDirection&gt;&lt;Source&gt;ReferenceFrame&lt;/Source&gt;&lt;SourceDirection&gt;-Z&lt;/SourceDirection&gt;&lt;FeatureName&gt;&lt;/FeatureName&gt;&lt;/PrimaryAxis&gt;&lt;SecondaryAxis&gt;&lt;DefinedDirection&gt;+X&lt;/DefinedDirection&gt;&lt;Source&gt;ReferenceFrame&lt;/Source&gt;&lt;SourceDirection&gt;+X&lt;/SourceDirection&gt;&lt;FeatureName&gt;&lt;/FeatureName&gt;&lt;/SecondaryAxis&gt;&lt;/Value&gt;&lt;/Frame&gt;&lt;Frame&gt;&lt;Id&gt;Frame2&lt;/Id&gt;&lt;Value&gt;&lt;Name&gt;F2&lt;/Name&gt;&lt;Origin&gt;&lt;Source&gt;GeometricFeature&lt;/Source&gt;&lt;FeatureName&gt;bottom surface&lt;/FeatureName&gt;&lt;/Origin&gt;&lt;PrimaryAxis&gt;&lt;DefinedDirection&gt;+Z&lt;/DefinedDirection&gt;&lt;Source&gt;ReferenceFrame&lt;/Source&gt;&lt;SourceDirection&gt;+Z&lt;/SourceDirection&gt;&lt;FeatureName&gt;&lt;/FeatureName&gt;&lt;/PrimaryAxis&gt;&lt;SecondaryAxis&gt;&lt;DefinedDirection&gt;+X&lt;/DefinedDirection&gt;&lt;Source&gt;ReferenceFrame&lt;/Source&gt;&lt;SourceDirection&gt;+X&lt;/SourceDirection&gt;&lt;FeatureName&gt;&lt;/FeatureName&gt;&lt;/SecondaryAxis&gt;&lt;/Value&gt;&lt;/Frame&gt;&lt;/Frames&gt;</P>
    </InstanceData>
  </Block>
  <Block BlockType="Reference" Name="Cylindrical Solid2" SID="1527">
    <PortCounts lconn="1" rconn="1"/>
    <P Name="Position">[260, 20, 300, 60]</P>
    <P Name="ZOrder">100000</P>
    <P Name="LibraryVersion">24.21</P>
    <P Name="SourceBlock">sm_lib/Body Elements/Cylindrical Solid</P>
    <P Name="SourceType">Cylindrical Solid</P>
    <InstanceData>
      <P Name="LogSimulationData">off</P>
      <P Name="SimscapeInstrumentationLogging">off</P>
      <P Name="SimscapeInstrumentationVariables" Ref="bdmxdata:SimscapeInstrumentationVariables_1527"/>
      <P Name="CylinderRadius">5</P>
      <P Name="CylinderRadius_conf">compiletime</P>
      <P Name="CylinderRadiusUnits">cm</P>
      <P Name="CylinderLength">2</P>
      <P Name="CylinderLength_conf">compiletime</P>
      <P Name="CylinderLengthUnits">cm</P>
      <P Name="ExportEntireGeometry">off</P>
      <P Name="InertiaType">CalculateFromGeometry</P>
      <P Name="BasedOnType">Density</P>
      <P Name="Density">1000</P>
      <P Name="Density_conf">compiletime</P>
      <P Name="DensityUnits">kg/m^3</P>
      <P Name="Mass">1</P>
      <P Name="Mass_conf">compiletime</P>
      <P Name="MassUnits">kg</P>
      <P Name="CenterOfMass">[0 0 0]</P>
      <P Name="CenterOfMass_conf">compiletime</P>
      <P Name="CenterOfMassUnits">m</P>
      <P Name="MomentsOfInertia">[1 1 1]</P>
      <P Name="MomentsOfInertia_conf">compiletime</P>
      <P Name="MomentsOfInertiaUnits">kg*m^2</P>
      <P Name="ProductsOfInertia">[0 0 0]</P>
      <P Name="ProductsOfInertia_conf">compiletime</P>
      <P Name="ProductsOfInertiaUnits">kg*m^2</P>
      <P Name="GraphicType">FromGeometry</P>
      <P Name="MarkerShape">Sphere</P>
      <P Name="MarkerSize">10</P>
      <P Name="MarkerSize_conf">compiletime</P>
      <P Name="GraphicVisPropType">SimpleVisualProperties</P>
      <P Name="GraphicDiffuseColor">[0.0 0.0 0.0]</P>
      <P Name="GraphicDiffuseColor_conf">compiletime</P>
      <P Name="GraphicOpacity">1.0</P>
      <P Name="GraphicOpacity_conf">compiletime</P>
      <P Name="GraphicSpecularColor">[0.5 0.5 0.5 1.0]</P>
      <P Name="GraphicSpecularColor_conf">compiletime</P>
      <P Name="GraphicAmbientColor">[0.15 0.15 0.15 1.0]</P>
      <P Name="GraphicAmbientColor_conf">compiletime</P>
      <P Name="GraphicEmissiveColor">[0.0 0.0 0.0 1.0]</P>
      <P Name="GraphicEmissiveColor_conf">compiletime</P>
      <P Name="GraphicShininess">75</P>
      <P Name="GraphicShininess_conf">compiletime</P>
      <P Name="DoExposeReferenceFrame">off</P>
      <P Name="SerializedFrames">&lt;Frames&gt;&lt;Frame&gt;&lt;Id&gt;Frame1&lt;/Id&gt;&lt;Value&gt;&lt;Name&gt;F1&lt;/Name&gt;&lt;Origin&gt;&lt;Source&gt;GeometricFeature&lt;/Source&gt;&lt;FeatureName&gt;top surface&lt;/FeatureName&gt;&lt;/Origin&gt;&lt;PrimaryAxis&gt;&lt;DefinedDirection&gt;+Z&lt;/DefinedDirection&gt;&lt;Source&gt;ReferenceFrame&lt;/Source&gt;&lt;SourceDirection&gt;-Z&lt;/SourceDirection&gt;&lt;FeatureName&gt;&lt;/FeatureName&gt;&lt;/PrimaryAxis&gt;&lt;SecondaryAxis&gt;&lt;DefinedDirection&gt;+X&lt;/DefinedDirection&gt;&lt;Source&gt;ReferenceFrame&lt;/Source&gt;&lt;SourceDirection&gt;+X&lt;/SourceDirection&gt;&lt;FeatureName&gt;&lt;/FeatureName&gt;&lt;/SecondaryAxis&gt;&lt;/Value&gt;&lt;/Frame&gt;&lt;Frame&gt;&lt;Id&gt;Frame2&lt;/Id&gt;&lt;Value&gt;&lt;Name&gt;F2&lt;/Name&gt;&lt;Origin&gt;&lt;Source&gt;GeometricFeature&lt;/Source&gt;&lt;FeatureName&gt;bottom surface&lt;/FeatureName&gt;&lt;/Origin&gt;&lt;PrimaryAxis&gt;&lt;DefinedDirection&gt;+Z&lt;/DefinedDirection&gt;&lt;Source&gt;ReferenceFrame&lt;/Source&gt;&lt;SourceDirection&gt;-Z&lt;/SourceDirection&gt;&lt;FeatureName&gt;&lt;/FeatureName&gt;&lt;/PrimaryAxis&gt;&lt;SecondaryAxis&gt;&lt;DefinedDirection&gt;+X&lt;/DefinedDirection&gt;&lt;Source&gt;ReferenceFrame&lt;/Source&gt;&lt;SourceDirection&gt;+X&lt;/SourceDirection&gt;&lt;FeatureName&gt;&lt;/FeatureName&gt;&lt;/SecondaryAxis&gt;&lt;/Value&gt;&lt;/Frame&gt;&lt;/Frames&gt;</P>
    </InstanceData>
  </Block>
  <Block BlockType="Reference" Name="Cylindrical Solid3" SID="1528">
    <PortCounts lconn="1" rconn="1"/>
    <P Name="Position">[445, 20, 485, 60]</P>
    <P Name="ZOrder">100000</P>
    <P Name="LibraryVersion">24.21</P>
    <P Name="SourceBlock">sm_lib/Body Elements/Cylindrical Solid</P>
    <P Name="SourceType">Cylindrical Solid</P>
    <InstanceData>
      <P Name="LogSimulationData">off</P>
      <P Name="SimscapeInstrumentationLogging">off</P>
      <P Name="SimscapeInstrumentationVariables" Ref="bdmxdata:SimscapeInstrumentationVariables_1528"/>
      <P Name="CylinderRadius">5</P>
      <P Name="CylinderRadius_conf">compiletime</P>
      <P Name="CylinderRadiusUnits">cm</P>
      <P Name="CylinderLength">2</P>
      <P Name="CylinderLength_conf">compiletime</P>
      <P Name="CylinderLengthUnits">cm</P>
      <P Name="ExportEntireGeometry">off</P>
      <P Name="InertiaType">CalculateFromGeometry</P>
      <P Name="BasedOnType">Density</P>
      <P Name="Density">1000</P>
      <P Name="Density_conf">compiletime</P>
      <P Name="DensityUnits">kg/m^3</P>
      <P Name="Mass">1</P>
      <P Name="Mass_conf">compiletime</P>
      <P Name="MassUnits">kg</P>
      <P Name="CenterOfMass">[0 0 0]</P>
      <P Name="CenterOfMass_conf">compiletime</P>
      <P Name="CenterOfMassUnits">m</P>
      <P Name="MomentsOfInertia">[1 1 1]</P>
      <P Name="MomentsOfInertia_conf">compiletime</P>
      <P Name="MomentsOfInertiaUnits">kg*m^2</P>
      <P Name="ProductsOfInertia">[0 0 0]</P>
      <P Name="ProductsOfInertia_conf">compiletime</P>
      <P Name="ProductsOfInertiaUnits">kg*m^2</P>
      <P Name="GraphicType">FromGeometry</P>
      <P Name="MarkerShape">Sphere</P>
      <P Name="MarkerSize">10</P>
      <P Name="MarkerSize_conf">compiletime</P>
      <P Name="GraphicVisPropType">SimpleVisualProperties</P>
      <P Name="GraphicDiffuseColor">[0.0 0.0 0.0]</P>
      <P Name="GraphicDiffuseColor_conf">compiletime</P>
      <P Name="GraphicOpacity">1.0</P>
      <P Name="GraphicOpacity_conf">compiletime</P>
      <P Name="GraphicSpecularColor">[0.5 0.5 0.5 1.0]</P>
      <P Name="GraphicSpecularColor_conf">compiletime</P>
      <P Name="GraphicAmbientColor">[0.15 0.15 0.15 1.0]</P>
      <P Name="GraphicAmbientColor_conf">compiletime</P>
      <P Name="GraphicEmissiveColor">[0.0 0.0 0.0 1.0]</P>
      <P Name="GraphicEmissiveColor_conf">compiletime</P>
      <P Name="GraphicShininess">75</P>
      <P Name="GraphicShininess_conf">compiletime</P>
      <P Name="DoExposeReferenceFrame">off</P>
      <P Name="SerializedFrames">&lt;Frames&gt;&lt;Frame&gt;&lt;Id&gt;Frame1&lt;/Id&gt;&lt;Value&gt;&lt;Name&gt;F1&lt;/Name&gt;&lt;Origin&gt;&lt;Source&gt;GeometricFeature&lt;/Source&gt;&lt;FeatureName&gt;top surface&lt;/FeatureName&gt;&lt;/Origin&gt;&lt;PrimaryAxis&gt;&lt;DefinedDirection&gt;+Z&lt;/DefinedDirection&gt;&lt;Source&gt;ReferenceFrame&lt;/Source&gt;&lt;SourceDirection&gt;-Z&lt;/SourceDirection&gt;&lt;FeatureName&gt;&lt;/FeatureName&gt;&lt;/PrimaryAxis&gt;&lt;SecondaryAxis&gt;&lt;DefinedDirection&gt;+X&lt;/DefinedDirection&gt;&lt;Source&gt;ReferenceFrame&lt;/Source&gt;&lt;SourceDirection&gt;+X&lt;/SourceDirection&gt;&lt;FeatureName&gt;&lt;/FeatureName&gt;&lt;/SecondaryAxis&gt;&lt;/Value&gt;&lt;/Frame&gt;&lt;Frame&gt;&lt;Id&gt;Frame2&lt;/Id&gt;&lt;Value&gt;&lt;Name&gt;F2&lt;/Name&gt;&lt;Origin&gt;&lt;Source&gt;GeometricFeature&lt;/Source&gt;&lt;FeatureName&gt;bottom surface&lt;/FeatureName&gt;&lt;/Origin&gt;&lt;PrimaryAxis&gt;&lt;DefinedDirection&gt;+Z&lt;/DefinedDirection&gt;&lt;Source&gt;ReferenceFrame&lt;/Source&gt;&lt;SourceDirection&gt;-Z&lt;/SourceDirection&gt;&lt;FeatureName&gt;&lt;/FeatureName&gt;&lt;/PrimaryAxis&gt;&lt;SecondaryAxis&gt;&lt;DefinedDirection&gt;+X&lt;/DefinedDirection&gt;&lt;Source&gt;ReferenceFrame&lt;/Source&gt;&lt;SourceDirection&gt;+X&lt;/SourceDirection&gt;&lt;FeatureName&gt;&lt;/FeatureName&gt;&lt;/SecondaryAxis&gt;&lt;/Value&gt;&lt;/Frame&gt;&lt;/Frames&gt;</P>
    </InstanceData>
  </Block>
  <Block BlockType="Reference" Name="Cylindrical Solid5" SID="1529">
    <PortCounts lconn="1"/>
    <P Name="Position">[320, 100, 360, 140]</P>
    <P Name="ZOrder">100000</P>
    <P Name="BlockRotation">270</P>
    <P Name="BlockMirror">on</P>
    <P Name="NameLocation">left</P>
    <P Name="LibraryVersion">24.21</P>
    <P Name="SourceBlock">sm_lib/Body Elements/Cylindrical Solid</P>
    <P Name="SourceType">Cylindrical Solid</P>
    <InstanceData>
      <P Name="LogSimulationData">off</P>
      <P Name="SimscapeInstrumentationLogging">off</P>
      <P Name="SimscapeInstrumentationVariables" Ref="bdmxdata:SimscapeInstrumentationVariables_1529"/>
      <P Name="CylinderRadius">4</P>
      <P Name="CylinderRadius_conf">compiletime</P>
      <P Name="CylinderRadiusUnits">cm</P>
      <P Name="CylinderLength">10</P>
      <P Name="CylinderLength_conf">compiletime</P>
      <P Name="CylinderLengthUnits">cm</P>
      <P Name="ExportEntireGeometry">off</P>
      <P Name="InertiaType">CalculateFromGeometry</P>
      <P Name="BasedOnType">Density</P>
      <P Name="Density">1000</P>
      <P Name="Density_conf">compiletime</P>
      <P Name="DensityUnits">kg/m^3</P>
      <P Name="Mass">1</P>
      <P Name="Mass_conf">compiletime</P>
      <P Name="MassUnits">kg</P>
      <P Name="CenterOfMass">[0 0 0]</P>
      <P Name="CenterOfMass_conf">compiletime</P>
      <P Name="CenterOfMassUnits">m</P>
      <P Name="MomentsOfInertia">[1 1 1]</P>
      <P Name="MomentsOfInertia_conf">compiletime</P>
      <P Name="MomentsOfInertiaUnits">kg*m^2</P>
      <P Name="ProductsOfInertia">[0 0 0]</P>
      <P Name="ProductsOfInertia_conf">compiletime</P>
      <P Name="ProductsOfInertiaUnits">kg*m^2</P>
      <P Name="GraphicType">FromGeometry</P>
      <P Name="MarkerShape">Sphere</P>
      <P Name="MarkerSize">10</P>
      <P Name="MarkerSize_conf">compiletime</P>
      <P Name="GraphicVisPropType">SimpleVisualProperties</P>
      <P Name="GraphicDiffuseColor">[0.6 0.2 0.0]</P>
      <P Name="GraphicDiffuseColor_conf">compiletime</P>
      <P Name="GraphicOpacity">1.0</P>
      <P Name="GraphicOpacity_conf">compiletime</P>
      <P Name="GraphicSpecularColor">[0.5 0.5 0.5 1.0]</P>
      <P Name="GraphicSpecularColor_conf">compiletime</P>
      <P Name="GraphicAmbientColor">[0.15 0.15 0.15 1.0]</P>
      <P Name="GraphicAmbientColor_conf">compiletime</P>
      <P Name="GraphicEmissiveColor">[0.0 0.0 0.0 1.0]</P>
      <P Name="GraphicEmissiveColor_conf">compiletime</P>
      <P Name="GraphicShininess">75</P>
      <P Name="GraphicShininess_conf">compiletime</P>
      <P Name="DoExposeReferenceFrame">off</P>
      <P Name="SerializedFrames">&lt;Frames&gt;&lt;Frame&gt;&lt;Id&gt;Frame1&lt;/Id&gt;&lt;Value&gt;&lt;Name&gt;F1&lt;/Name&gt;&lt;Origin&gt;&lt;Source&gt;GeometricFeature&lt;/Source&gt;&lt;FeatureName&gt;top surface&lt;/FeatureName&gt;&lt;/Origin&gt;&lt;PrimaryAxis&gt;&lt;DefinedDirection&gt;+Z&lt;/DefinedDirection&gt;&lt;Source&gt;ReferenceFrame&lt;/Source&gt;&lt;SourceDirection&gt;+Z&lt;/SourceDirection&gt;&lt;FeatureName&gt;&lt;/FeatureName&gt;&lt;/PrimaryAxis&gt;&lt;SecondaryAxis&gt;&lt;DefinedDirection&gt;+X&lt;/DefinedDirection&gt;&lt;Source&gt;ReferenceFrame&lt;/Source&gt;&lt;SourceDirection&gt;+X&lt;/SourceDirection&gt;&lt;FeatureName&gt;&lt;/FeatureName&gt;&lt;/SecondaryAxis&gt;&lt;/Value&gt;&lt;/Frame&gt;&lt;/Frames&gt;</P>
    </InstanceData>
  </Block>
  <Block BlockType="Reference" Name="Rigid&#xA;Transform" SID="1530">
    <PortCounts lconn="1" rconn="1"/>
    <P Name="Position">[330, 20, 370, 60]</P>
    <P Name="ZOrder">100000</P>
    <P Name="LibraryVersion">24.21</P>
    <P Name="SourceBlock">sm_lib/Frames and
Transforms/Rigid
Transform</P>
    <P Name="SourceType">Rigid
Transform</P>
    <InstanceData>
      <P Name="LogSimulationData">off</P>
      <P Name="SimscapeInstrumentationLogging">off</P>
      <P Name="SimscapeInstrumentationVariables" Ref="bdmxdata:SimscapeInstrumentationVariables_1530"/>
      <P Name="RotationMethod">StandardAxis</P>
      <P Name="FollAlignAxisA">+X</P>
      <P Name="BaseAlignAxisA">+Y</P>
      <P Name="FollAlignAxisB">+Y</P>
      <P Name="BaseAlignAxisB">+Z</P>
      <P Name="RotationStandardAxis">+X</P>
      <P Name="RotationAngle">90</P>
      <P Name="RotationAngle_conf">compiletime</P>
      <P Name="RotationAngleUnits">deg</P>
      <P Name="RotationArbitraryAxis">[0 0 1]</P>
      <P Name="RotationArbitraryAxis_conf">compiletime</P>
      <P Name="RotationSequenceAxes">FollowerAxes</P>
      <P Name="RotationSequence">XYX</P>
      <P Name="RotationSequenceAngles">[0 0 0]</P>
      <P Name="RotationSequenceAngles_conf">compiletime</P>
      <P Name="RotationSequenceAnglesUnits">deg</P>
      <P Name="RotationMatrix">[1 0 0; 0 1 0; 0 0 1]</P>
      <P Name="RotationMatrix_conf">compiletime</P>
      <P Name="Quaternion">[1 0 0 0]</P>
      <P Name="Quaternion_conf">compiletime</P>
      <P Name="TranslationMethod">Cartesian</P>
      <P Name="TranslationCartesianOffset">[0 -5 4]</P>
      <P Name="TranslationCartesianOffset_conf">compiletime</P>
      <P Name="TranslationCartesianOffsetUnits">cm</P>
      <P Name="TranslationStandardAxis">+Z</P>
      <P Name="TranslationStandardOffset">5</P>
      <P Name="TranslationStandardOffset_conf">compiletime</P>
      <P Name="TranslationStandardOffsetUnits">cm</P>
      <P Name="TranslationROffset">0</P>
      <P Name="TranslationROffset_conf">compiletime</P>
      <P Name="TranslationROffsetUnits">m</P>
      <P Name="TranslationThetaOffset">0</P>
      <P Name="TranslationThetaOffset_conf">compiletime</P>
      <P Name="TranslationThetaOffsetUnits">deg</P>
      <P Name="TranslationZOffset">0</P>
      <P Name="TranslationZOffset_conf">compiletime</P>
      <P Name="TranslationZOffsetUnits">m</P>
    </InstanceData>
  </Block>
  <Block BlockType="Reference" Name="Rigid&#xA;Transform2" SID="1531">
    <PortCounts lconn="1" rconn="1"/>
    <P Name="Position">[595, 20, 635, 60]</P>
    <P Name="ZOrder">100000</P>
    <P Name="LibraryVersion">24.21</P>
    <P Name="SourceBlock">sm_lib/Frames and
Transforms/Rigid
Transform</P>
    <P Name="SourceType">Rigid
Transform</P>
    <InstanceData>
      <P Name="LogSimulationData">off</P>
      <P Name="SimscapeInstrumentationLogging">off</P>
      <P Name="SimscapeInstrumentationVariables" Ref="bdmxdata:SimscapeInstrumentationVariables_1531"/>
      <P Name="RotationMethod">StandardAxis</P>
      <P Name="FollAlignAxisA">+X</P>
      <P Name="BaseAlignAxisA">+Y</P>
      <P Name="FollAlignAxisB">+Y</P>
      <P Name="BaseAlignAxisB">+Z</P>
      <P Name="RotationStandardAxis">+Z</P>
      <P Name="RotationAngle">180</P>
      <P Name="RotationAngle_conf">compiletime</P>
      <P Name="RotationAngleUnits">deg</P>
      <P Name="RotationArbitraryAxis">[0 0 1]</P>
      <P Name="RotationArbitraryAxis_conf">compiletime</P>
      <P Name="RotationSequenceAxes">FollowerAxes</P>
      <P Name="RotationSequence">XYX</P>
      <P Name="RotationSequenceAngles">[0 0 0]</P>
      <P Name="RotationSequenceAngles_conf">compiletime</P>
      <P Name="RotationSequenceAnglesUnits">deg</P>
      <P Name="RotationMatrix">[1 0 0; 0 1 0; 0 0 1]</P>
      <P Name="RotationMatrix_conf">compiletime</P>
      <P Name="Quaternion">[1 0 0 0]</P>
      <P Name="Quaternion_conf">compiletime</P>
      <P Name="TranslationMethod">None</P>
      <P Name="TranslationCartesianOffset">[0 0 0]</P>
      <P Name="TranslationCartesianOffset_conf">compiletime</P>
      <P Name="TranslationCartesianOffsetUnits">m</P>
      <P Name="TranslationStandardAxis">+Z</P>
      <P Name="TranslationStandardOffset">0</P>
      <P Name="TranslationStandardOffset_conf">compiletime</P>
      <P Name="TranslationStandardOffsetUnits">m</P>
      <P Name="TranslationROffset">0</P>
      <P Name="TranslationROffset_conf">compiletime</P>
      <P Name="TranslationROffsetUnits">m</P>
      <P Name="TranslationThetaOffset">0</P>
      <P Name="TranslationThetaOffset_conf">compiletime</P>
      <P Name="TranslationThetaOffsetUnits">deg</P>
      <P Name="TranslationZOffset">0</P>
      <P Name="TranslationZOffset_conf">compiletime</P>
      <P Name="TranslationZOffsetUnits">m</P>
    </InstanceData>
  </Block>
  <Block BlockType="PMIOPort" Name="Conn1" SID="1532">
    <P Name="Position">[685, 23, 715, 37]</P>
    <P Name="ZOrder">100000</P>
    <P Name="BlockMirror">on</P>
    <P Name="Side">Right</P>
  </Block>
  <Block BlockType="PMIOPort" Name="Conn2" SID="1533">
    <P Name="Position">[20, 33, 50, 47]</P>
    <P Name="ZOrder">100000</P>
    <P Name="Port">2</P>
    <P Name="Side">Left</P>
  </Block>
  <Line LineType="Connection">
    <P Name="ZOrder">1</P>
    <P Name="Src">1526#rconn:1</P>
    <P Name="Dst">1531#lconn:1</P>
  </Line>
  <Line LineType="Connection">
    <P Name="ZOrder">2</P>
    <P Name="Src">1527#lconn:1</P>
    <P Name="Dst">1525#rconn:1</P>
  </Line>
  <Line LineType="Connection">
    <P Name="ZOrder">3</P>
    <P Name="Src">1530#lconn:1</P>
    <P Name="Dst">1527#rconn:1</P>
  </Line>
  <Line LineType="Connection">
    <P Name="ZOrder">4</P>
    <P Name="Src">1526#lconn:1</P>
    <P Name="Dst">1528#rconn:1</P>
  </Line>
  <Line LineType="Connection">
    <P Name="ZOrder">5</P>
    <P Name="Src">1531#rconn:1</P>
    <P Name="Points">[10, 0; 0, -10]</P>
    <P Name="Dst">1532#rconn:1</P>
  </Line>
  <Line LineType="Connection">
    <P Name="ZOrder">6</P>
    <P Name="Src">1528#lconn:1</P>
    <P Name="Points">[-36, 0]</P>
    <Branch ConnectType="DEST_DEST">
      <P Name="Src">1529#lconn:1</P>
      <P Name="Points">[0, 7; 54, 0; 0, -52]</P>
    </Branch>
    <Branch ConnectType="DEST_SRC">
      <P Name="Dst">1530#rconn:1</P>
    </Branch>
  </Line>
  <Line LineType="Connection">
    <P Name="ZOrder">9</P>
    <P Name="Src">1533#rconn:1</P>
    <P Name="Dst">1525#lconn:1</P>
  </Line>
</System>
