<?xml version="1.0" encoding="utf-8"?>
<System>
  <P Name="Location">[-1, -7, 1537, 817]</P>
  <Block BlockType="Reference" Name="MobilityPrimaryArmR" SID="265">
    <PortCounts rconn="1"/>
    <P Name="Position">[225, 207, 290, 243]</P>
    <P Name="ZOrder">125</P>
    <P Name="BlockMirror">on</P>
    <P Name="LibraryVersion">24.21</P>
    <P Name="SourceBlock">sm_lib/Body Elements/File Solid</P>
    <P Name="SourceType">File Solid</P>
    <InstanceData>
      <P Name="LogSimulationData">off</P>
      <P Name="SimscapeInstrumentationLogging">off</P>
      <P Name="SimscapeInstrumentationVariables" Ref="bdmxdata:SimscapeInstrumentationVariables_265"/>
      <P Name="ExtGeomFileName">sm_mars_RoverData\mobility_primary_arm_right.stl</P>
      <P Name="UnitType">Custom</P>
      <P Name="ExtGeomFileUnits">cm</P>
      <P Name="StepReaderType">HEX</P>
      <P Name="ExportConvexHullGeometry">off</P>
      <P Name="InertiaType">CalculateFromGeometry</P>
      <P Name="BasedOnType">Density</P>
      <P Name="Density">1000</P>
      <P Name="Density_conf">compiletime</P>
      <P Name="DensityUnits">kg/m^3</P>
      <P Name="Mass">0</P>
      <P Name="Mass_conf">compiletime</P>
      <P Name="MassUnits">kg</P>
      <P Name="CenterOfMass">[0 0 0]</P>
      <P Name="CenterOfMass_conf">compiletime</P>
      <P Name="CenterOfMassUnits">m</P>
      <P Name="MomentsOfInertia">[1 1 1]*0</P>
      <P Name="MomentsOfInertia_conf">compiletime</P>
      <P Name="MomentsOfInertiaUnits">kg*m^2</P>
      <P Name="ProductsOfInertia">[0 0 0]</P>
      <P Name="ProductsOfInertia_conf">compiletime</P>
      <P Name="ProductsOfInertiaUnits">kg*m^2</P>
      <P Name="GraphicType">FromGeometry</P>
      <P Name="MarkerShape">Sphere</P>
      <P Name="MarkerSize">10</P>
      <P Name="MarkerSize_conf">compiletime</P>
      <P Name="GraphicVisPropType">AdvancedVisualProperties</P>
      <P Name="GraphicDiffuseColor">[0.2 0.2 0.3]</P>
      <P Name="GraphicDiffuseColor_conf">compiletime</P>
      <P Name="GraphicOpacity">1.0</P>
      <P Name="GraphicOpacity_conf">compiletime</P>
      <P Name="GraphicSpecularColor">[1 1 1 1.0]</P>
      <P Name="GraphicSpecularColor_conf">compiletime</P>
      <P Name="GraphicAmbientColor">[0.15 0.15 0.15 1.0]</P>
      <P Name="GraphicAmbientColor_conf">compiletime</P>
      <P Name="GraphicEmissiveColor">[0.0 0.0 0.0 1.0]</P>
      <P Name="GraphicEmissiveColor_conf">compiletime</P>
      <P Name="GraphicShininess">90</P>
      <P Name="GraphicShininess_conf">compiletime</P>
      <P Name="DoExposeReferenceFrame">on</P>
      <P Name="SerializedFrames">&lt;Frames/&gt;</P>
    </InstanceData>
  </Block>
  <Block BlockType="Reference" Name="Reference&#xA;Frame" SID="266">
    <PortCounts rconn="1"/>
    <P Name="Position">[125, 205, 165, 245]</P>
    <P Name="ZOrder">100000</P>
    <P Name="LibraryVersion">24.21</P>
    <P Name="SourceBlock">sm_lib/Frames and
Transforms/Reference
Frame</P>
    <P Name="SourceType">Reference
Frame</P>
    <InstanceData>
      <P Name="LogSimulationData">off</P>
      <P Name="SimscapeInstrumentationLogging">off</P>
      <P Name="SimscapeInstrumentationVariables" Ref="bdmxdata:SimscapeInstrumentationVariables_266"/>
    </InstanceData>
  </Block>
  <Block BlockType="Reference" Name="Rigid&#xA;Transform1" SID="267">
    <PortCounts lconn="1" rconn="1"/>
    <P Name="Position">[115, 310, 155, 350]</P>
    <P Name="ZOrder">100000</P>
    <P Name="BlockMirror">on</P>
    <P Name="NameLocation">top</P>
    <P Name="LibraryVersion">24.21</P>
    <P Name="SourceBlock">sm_lib/Frames and
Transforms/Rigid
Transform</P>
    <P Name="SourceType">Rigid
Transform</P>
    <InstanceData>
      <P Name="LogSimulationData">off</P>
      <P Name="SimscapeInstrumentationLogging">off</P>
      <P Name="SimscapeInstrumentationVariables" Ref="bdmxdata:SimscapeInstrumentationVariables_267"/>
      <P Name="RotationMethod">RotationMatrix</P>
      <P Name="FollAlignAxisA">+X</P>
      <P Name="BaseAlignAxisA">+Y</P>
      <P Name="FollAlignAxisB">+Y</P>
      <P Name="BaseAlignAxisB">+Z</P>
      <P Name="RotationStandardAxis">+Z</P>
      <P Name="RotationAngle">0.0</P>
      <P Name="RotationAngle_conf">compiletime</P>
      <P Name="RotationAngleUnits">deg</P>
      <P Name="RotationArbitraryAxis">[0 0 1]</P>
      <P Name="RotationArbitraryAxis_conf">compiletime</P>
      <P Name="RotationSequenceAxes">FollowerAxes</P>
      <P Name="RotationSequence">XYX</P>
      <P Name="RotationSequenceAngles">[0 0 0]</P>
      <P Name="RotationSequenceAngles_conf">compiletime</P>
      <P Name="RotationSequenceAnglesUnits">deg</P>
      <P Name="RotationMatrix">MPR.CRJ_R</P>
      <P Name="RotationMatrix_conf">compiletime</P>
      <P Name="Quaternion">[1 0 0 0]</P>
      <P Name="Quaternion_conf">compiletime</P>
      <P Name="TranslationMethod">Cartesian</P>
      <P Name="TranslationCartesianOffset">MPR.CRJ_T</P>
      <P Name="TranslationCartesianOffset_conf">compiletime</P>
      <P Name="TranslationCartesianOffsetUnits">m</P>
      <P Name="TranslationStandardAxis">+Z</P>
      <P Name="TranslationStandardOffset">0</P>
      <P Name="TranslationStandardOffset_conf">compiletime</P>
      <P Name="TranslationStandardOffsetUnits">m</P>
      <P Name="TranslationROffset">0</P>
      <P Name="TranslationROffset_conf">compiletime</P>
      <P Name="TranslationROffsetUnits">m</P>
      <P Name="TranslationThetaOffset">0</P>
      <P Name="TranslationThetaOffset_conf">compiletime</P>
      <P Name="TranslationThetaOffsetUnits">deg</P>
      <P Name="TranslationZOffset">0</P>
      <P Name="TranslationZOffset_conf">compiletime</P>
      <P Name="TranslationZOffsetUnits">m</P>
    </InstanceData>
  </Block>
  <Block BlockType="Reference" Name="Rigid&#xA;Transform2" SID="268">
    <PortCounts lconn="1" rconn="1"/>
    <P Name="Position">[350, 405, 390, 445]</P>
    <P Name="ZOrder">76</P>
    <P Name="LibraryVersion">24.21</P>
    <P Name="SourceBlock">sm_lib/Frames and
Transforms/Rigid
Transform</P>
    <P Name="SourceType">Rigid
Transform</P>
    <InstanceData>
      <P Name="LogSimulationData">off</P>
      <P Name="SimscapeInstrumentationLogging">off</P>
      <P Name="SimscapeInstrumentationVariables" Ref="bdmxdata:SimscapeInstrumentationVariables_268"/>
      <P Name="RotationMethod">None</P>
      <P Name="FollAlignAxisA">+X</P>
      <P Name="BaseAlignAxisA">+Y</P>
      <P Name="FollAlignAxisB">+Y</P>
      <P Name="BaseAlignAxisB">+Z</P>
      <P Name="RotationStandardAxis">+Z</P>
      <P Name="RotationAngle">0.0</P>
      <P Name="RotationAngle_conf">compiletime</P>
      <P Name="RotationAngleUnits">deg</P>
      <P Name="RotationArbitraryAxis">[0 0 1]</P>
      <P Name="RotationArbitraryAxis_conf">compiletime</P>
      <P Name="RotationSequenceAxes">FollowerAxes</P>
      <P Name="RotationSequence">XYX</P>
      <P Name="RotationSequenceAngles">[0 0 0]</P>
      <P Name="RotationSequenceAngles_conf">compiletime</P>
      <P Name="RotationSequenceAnglesUnits">deg</P>
      <P Name="RotationMatrix">[1 0 0; 0 1 0; 0 0 1]</P>
      <P Name="RotationMatrix_conf">compiletime</P>
      <P Name="Quaternion">[1 0 0 0]</P>
      <P Name="Quaternion_conf">compiletime</P>
      <P Name="TranslationMethod">Cartesian</P>
      <P Name="TranslationCartesianOffset">[0 -0.040000183052059 0]</P>
      <P Name="TranslationCartesianOffset_conf">compiletime</P>
      <P Name="TranslationCartesianOffsetUnits">cm</P>
      <P Name="TranslationStandardAxis">+Z</P>
      <P Name="TranslationStandardOffset">0</P>
      <P Name="TranslationStandardOffset_conf">compiletime</P>
      <P Name="TranslationStandardOffsetUnits">cm</P>
      <P Name="TranslationROffset">0</P>
      <P Name="TranslationROffset_conf">compiletime</P>
      <P Name="TranslationROffsetUnits">m</P>
      <P Name="TranslationThetaOffset">0</P>
      <P Name="TranslationThetaOffset_conf">compiletime</P>
      <P Name="TranslationThetaOffsetUnits">deg</P>
      <P Name="TranslationZOffset">0</P>
      <P Name="TranslationZOffset_conf">compiletime</P>
      <P Name="TranslationZOffsetUnits">m</P>
    </InstanceData>
  </Block>
  <Block BlockType="Reference" Name="Rigid&#xA;Transform3" SID="269">
    <PortCounts lconn="1" rconn="1"/>
    <P Name="Position">[225, 310, 265, 350]</P>
    <P Name="ZOrder">100000</P>
    <P Name="LibraryVersion">24.21</P>
    <P Name="SourceBlock">sm_lib/Frames and
Transforms/Rigid
Transform</P>
    <P Name="SourceType">Rigid
Transform</P>
    <InstanceData>
      <P Name="LogSimulationData">off</P>
      <P Name="SimscapeInstrumentationLogging">off</P>
      <P Name="SimscapeInstrumentationVariables" Ref="bdmxdata:SimscapeInstrumentationVariables_269"/>
      <P Name="RotationMethod">RotationMatrix</P>
      <P Name="FollAlignAxisA">+X</P>
      <P Name="BaseAlignAxisA">+Y</P>
      <P Name="FollAlignAxisB">+Y</P>
      <P Name="BaseAlignAxisB">+Z</P>
      <P Name="RotationStandardAxis">+Z</P>
      <P Name="RotationAngle">0.0</P>
      <P Name="RotationAngle_conf">compiletime</P>
      <P Name="RotationAngleUnits">deg</P>
      <P Name="RotationArbitraryAxis">[0 0 1]</P>
      <P Name="RotationArbitraryAxis_conf">compiletime</P>
      <P Name="RotationSequenceAxes">FollowerAxes</P>
      <P Name="RotationSequence">XYX</P>
      <P Name="RotationSequenceAngles">[0 0 0]</P>
      <P Name="RotationSequenceAngles_conf">compiletime</P>
      <P Name="RotationSequenceAnglesUnits">deg</P>
      <P Name="RotationMatrix">MPR.SRJ_R</P>
      <P Name="RotationMatrix_conf">compiletime</P>
      <P Name="Quaternion">[1 0 0 0]</P>
      <P Name="Quaternion_conf">compiletime</P>
      <P Name="TranslationMethod">Cartesian</P>
      <P Name="TranslationCartesianOffset">MPR.SRJ_T</P>
      <P Name="TranslationCartesianOffset_conf">compiletime</P>
      <P Name="TranslationCartesianOffsetUnits">m</P>
      <P Name="TranslationStandardAxis">+Z</P>
      <P Name="TranslationStandardOffset">0</P>
      <P Name="TranslationStandardOffset_conf">compiletime</P>
      <P Name="TranslationStandardOffsetUnits">m</P>
      <P Name="TranslationROffset">0</P>
      <P Name="TranslationROffset_conf">compiletime</P>
      <P Name="TranslationROffsetUnits">m</P>
      <P Name="TranslationThetaOffset">0</P>
      <P Name="TranslationThetaOffset_conf">compiletime</P>
      <P Name="TranslationThetaOffsetUnits">deg</P>
      <P Name="TranslationZOffset">0</P>
      <P Name="TranslationZOffset_conf">compiletime</P>
      <P Name="TranslationZOffsetUnits">m</P>
    </InstanceData>
  </Block>
  <Block BlockType="Reference" Name="Rigid&#xA;Transform4" SID="270">
    <PortCounts lconn="1" rconn="1"/>
    <P Name="Position">[75, 470, 115, 510]</P>
    <P Name="ZOrder">100000</P>
    <P Name="LibraryVersion">24.21</P>
    <P Name="SourceBlock">sm_lib/Frames and
Transforms/Rigid
Transform</P>
    <P Name="SourceType">Rigid
Transform</P>
    <InstanceData>
      <P Name="LogSimulationData">off</P>
      <P Name="SimscapeInstrumentationLogging">off</P>
      <P Name="SimscapeInstrumentationVariables" Ref="bdmxdata:SimscapeInstrumentationVariables_270"/>
      <P Name="RotationMethod">StandardAxis</P>
      <P Name="FollAlignAxisA">+X</P>
      <P Name="BaseAlignAxisA">+Y</P>
      <P Name="FollAlignAxisB">+Y</P>
      <P Name="BaseAlignAxisB">+Z</P>
      <P Name="RotationStandardAxis">+Z</P>
      <P Name="RotationAngle">-90</P>
      <P Name="RotationAngle_conf">compiletime</P>
      <P Name="RotationAngleUnits">deg</P>
      <P Name="RotationArbitraryAxis">[0 0 1]</P>
      <P Name="RotationArbitraryAxis_conf">compiletime</P>
      <P Name="RotationSequenceAxes">FollowerAxes</P>
      <P Name="RotationSequence">XYX</P>
      <P Name="RotationSequenceAngles">[0 0 0]</P>
      <P Name="RotationSequenceAngles_conf">compiletime</P>
      <P Name="RotationSequenceAnglesUnits">deg</P>
      <P Name="RotationMatrix">[1 0 0; 0 1 0; 0 0 1]</P>
      <P Name="RotationMatrix_conf">compiletime</P>
      <P Name="Quaternion">[1 0 0 0]</P>
      <P Name="Quaternion_conf">compiletime</P>
      <P Name="TranslationMethod">None</P>
      <P Name="TranslationCartesianOffset">[0 0 0]</P>
      <P Name="TranslationCartesianOffset_conf">compiletime</P>
      <P Name="TranslationCartesianOffsetUnits">m</P>
      <P Name="TranslationStandardAxis">+Z</P>
      <P Name="TranslationStandardOffset">0</P>
      <P Name="TranslationStandardOffset_conf">compiletime</P>
      <P Name="TranslationStandardOffsetUnits">m</P>
      <P Name="TranslationROffset">0</P>
      <P Name="TranslationROffset_conf">compiletime</P>
      <P Name="TranslationROffsetUnits">m</P>
      <P Name="TranslationThetaOffset">0</P>
      <P Name="TranslationThetaOffset_conf">compiletime</P>
      <P Name="TranslationThetaOffsetUnits">deg</P>
      <P Name="TranslationZOffset">0</P>
      <P Name="TranslationZOffset_conf">compiletime</P>
      <P Name="TranslationZOffsetUnits">m</P>
    </InstanceData>
  </Block>
  <Block BlockType="Reference" Name="Rigid&#xA;Transform5" SID="271">
    <PortCounts lconn="1" rconn="1"/>
    <P Name="Position">[215, 370, 255, 410]</P>
    <P Name="ZOrder">100000</P>
    <P Name="LibraryVersion">24.21</P>
    <P Name="SourceBlock">sm_lib/Frames and
Transforms/Rigid
Transform</P>
    <P Name="SourceType">Rigid
Transform</P>
    <InstanceData>
      <P Name="LogSimulationData">off</P>
      <P Name="SimscapeInstrumentationLogging">off</P>
      <P Name="SimscapeInstrumentationVariables" Ref="bdmxdata:SimscapeInstrumentationVariables_271"/>
      <P Name="RotationMethod">RotationMatrix</P>
      <P Name="FollAlignAxisA">+X</P>
      <P Name="BaseAlignAxisA">+Y</P>
      <P Name="FollAlignAxisB">+Y</P>
      <P Name="BaseAlignAxisB">+Z</P>
      <P Name="RotationStandardAxis">+Z</P>
      <P Name="RotationAngle">0.0</P>
      <P Name="RotationAngle_conf">compiletime</P>
      <P Name="RotationAngleUnits">deg</P>
      <P Name="RotationArbitraryAxis">[0 0 1]</P>
      <P Name="RotationArbitraryAxis_conf">compiletime</P>
      <P Name="RotationSequenceAxes">FollowerAxes</P>
      <P Name="RotationSequence">XYX</P>
      <P Name="RotationSequenceAngles">[0 0 0]</P>
      <P Name="RotationSequenceAngles_conf">compiletime</P>
      <P Name="RotationSequenceAnglesUnits">deg</P>
      <P Name="RotationMatrix">MPR.DL_R</P>
      <P Name="RotationMatrix_conf">compiletime</P>
      <P Name="Quaternion">[1 0 0 0]</P>
      <P Name="Quaternion_conf">compiletime</P>
      <P Name="TranslationMethod">Cartesian</P>
      <P Name="TranslationCartesianOffset">MPR.DL_T</P>
      <P Name="TranslationCartesianOffset_conf">compiletime</P>
      <P Name="TranslationCartesianOffsetUnits">m</P>
      <P Name="TranslationStandardAxis">+Z</P>
      <P Name="TranslationStandardOffset">0</P>
      <P Name="TranslationStandardOffset_conf">compiletime</P>
      <P Name="TranslationStandardOffsetUnits">m</P>
      <P Name="TranslationROffset">0</P>
      <P Name="TranslationROffset_conf">compiletime</P>
      <P Name="TranslationROffsetUnits">m</P>
      <P Name="TranslationThetaOffset">0</P>
      <P Name="TranslationThetaOffset_conf">compiletime</P>
      <P Name="TranslationThetaOffsetUnits">deg</P>
      <P Name="TranslationZOffset">0</P>
      <P Name="TranslationZOffset_conf">compiletime</P>
      <P Name="TranslationZOffsetUnits">m</P>
    </InstanceData>
  </Block>
  <Block BlockType="Reference" Name="Rigid&#xA;Transform6" SID="272">
    <PortCounts lconn="1" rconn="1"/>
    <P Name="Position">[105, 370, 145, 410]</P>
    <P Name="ZOrder">100000</P>
    <P Name="BlockMirror">on</P>
    <P Name="NameLocation">top</P>
    <P Name="LibraryVersion">24.21</P>
    <P Name="SourceBlock">sm_lib/Frames and
Transforms/Rigid
Transform</P>
    <P Name="SourceType">Rigid
Transform</P>
    <InstanceData>
      <P Name="LogSimulationData">off</P>
      <P Name="SimscapeInstrumentationLogging">off</P>
      <P Name="SimscapeInstrumentationVariables" Ref="bdmxdata:SimscapeInstrumentationVariables_272"/>
      <P Name="RotationMethod">RotationMatrix</P>
      <P Name="FollAlignAxisA">+X</P>
      <P Name="BaseAlignAxisA">+Y</P>
      <P Name="FollAlignAxisB">+Y</P>
      <P Name="BaseAlignAxisB">+Z</P>
      <P Name="RotationStandardAxis">+Z</P>
      <P Name="RotationAngle">0.0</P>
      <P Name="RotationAngle_conf">compiletime</P>
      <P Name="RotationAngleUnits">deg</P>
      <P Name="RotationArbitraryAxis">[0 0 1]</P>
      <P Name="RotationArbitraryAxis_conf">compiletime</P>
      <P Name="RotationSequenceAxes">FollowerAxes</P>
      <P Name="RotationSequence">XYX</P>
      <P Name="RotationSequenceAngles">[0 0 0]</P>
      <P Name="RotationSequenceAngles_conf">compiletime</P>
      <P Name="RotationSequenceAnglesUnits">deg</P>
      <P Name="RotationMatrix">MPR.RFB_R</P>
      <P Name="RotationMatrix_conf">compiletime</P>
      <P Name="Quaternion">[1 0 0 0]</P>
      <P Name="Quaternion_conf">compiletime</P>
      <P Name="TranslationMethod">Cartesian</P>
      <P Name="TranslationCartesianOffset">MPR.RFB_T</P>
      <P Name="TranslationCartesianOffset_conf">compiletime</P>
      <P Name="TranslationCartesianOffsetUnits">m</P>
      <P Name="TranslationStandardAxis">+Z</P>
      <P Name="TranslationStandardOffset">0</P>
      <P Name="TranslationStandardOffset_conf">compiletime</P>
      <P Name="TranslationStandardOffsetUnits">m</P>
      <P Name="TranslationROffset">0</P>
      <P Name="TranslationROffset_conf">compiletime</P>
      <P Name="TranslationROffsetUnits">m</P>
      <P Name="TranslationThetaOffset">0</P>
      <P Name="TranslationThetaOffset_conf">compiletime</P>
      <P Name="TranslationThetaOffsetUnits">deg</P>
      <P Name="TranslationZOffset">0</P>
      <P Name="TranslationZOffset_conf">compiletime</P>
      <P Name="TranslationZOffsetUnits">m</P>
    </InstanceData>
  </Block>
  <Block BlockType="PMIOPort" Name="CLJ" SID="273">
    <P Name="Position">[10, 323, 40, 337]</P>
    <P Name="ZOrder">120</P>
    <P Name="Side">Left</P>
  </Block>
  <Block BlockType="PMIOPort" Name="DL" SID="274">
    <P Name="Position">[510, 418, 540, 432]</P>
    <P Name="ZOrder">119</P>
    <P Name="BlockMirror">on</P>
    <P Name="Port">2</P>
    <P Name="Side">Left</P>
  </Block>
  <Block BlockType="PMIOPort" Name="RFB" SID="275">
    <P Name="Position">[200, 483, 230, 497]</P>
    <P Name="ZOrder">124</P>
    <P Name="BlockMirror">on</P>
    <P Name="Port">3</P>
    <P Name="Side">Right</P>
  </Block>
  <Block BlockType="PMIOPort" Name="SRJ" SID="276">
    <P Name="Position">[390, 323, 420, 337]</P>
    <P Name="ZOrder">123</P>
    <P Name="BlockMirror">on</P>
    <P Name="Port">4</P>
    <P Name="Side">Right</P>
  </Block>
  <Line LineType="Connection">
    <P Name="ZOrder">1</P>
    <P Name="Src">272#rconn:1</P>
    <P Name="Points">[-30, 0]</P>
    <P Name="Dst">270#lconn:1</P>
  </Line>
  <Line LineType="Connection">
    <P Name="ZOrder">2</P>
    <P Name="Src">273#rconn:1</P>
    <P Name="Dst">267#rconn:1</P>
  </Line>
  <Line LineType="Connection">
    <P Name="ZOrder">3</P>
    <P Name="Src">271#rconn:1</P>
    <P Name="Points">[33, 0; 0, 35]</P>
    <P Name="Dst">268#lconn:1</P>
  </Line>
  <Line LineType="Connection">
    <P Name="ZOrder">4</P>
    <P Name="Src">268#rconn:1</P>
    <P Name="Dst">274#rconn:1</P>
  </Line>
  <Line LineType="Connection">
    <P Name="ZOrder">5</P>
    <P Name="Src">276#rconn:1</P>
    <P Name="Dst">269#rconn:1</P>
  </Line>
  <Line LineType="Connection">
    <P Name="ZOrder">6</P>
    <P Name="Src">265#rconn:1</P>
    <P Name="Points">[-26, 0]</P>
    <Branch ConnectType="DEST_DEST">
      <P Name="Points">[184, 330; 0, -105]</P>
      <Branch ConnectType="SRC_DEST">
        <P Name="Src">269#lconn:1</P>
        <P Name="Points">[-26, 0]</P>
      </Branch>
      <Branch ConnectType="SRC_DEST">
        <P Name="Src">267#lconn:1</P>
        <P Name="Points">[14, 0]</P>
      </Branch>
      <Branch ConnectType="SRC_DEST">
        <P Name="Points">[184, 390; 0, -60]</P>
        <Branch ConnectType="SRC_DEST">
          <P Name="Src">272#lconn:1</P>
          <P Name="Points">[24, 0]</P>
        </Branch>
        <Branch ConnectType="SRC_DEST">
          <P Name="Src">271#lconn:1</P>
          <P Name="Points">[-16, 0]</P>
        </Branch>
      </Branch>
    </Branch>
    <Branch ConnectType="DEST_SRC">
      <P Name="Dst">266#rconn:1</P>
    </Branch>
  </Line>
  <Line LineType="Connection">
    <P Name="ZOrder">14</P>
    <P Name="Src">275#rconn:1</P>
    <P Name="Dst">270#rconn:1</P>
  </Line>
</System>
