<?xml version="1.0" encoding="utf-8"?>
<System>
  <P Name="Location">[-1, -7, 1537, 817]</P>
  <Block BlockType="Reference" Name="ReferenceFrame" SID="171">
    <PortCounts rconn="1"/>
    <P Name="Position">[30, 30, 70, 70]</P>
    <P Name="ZOrder">2</P>
    <P Name="LibraryVersion">24.21</P>
    <P Name="SourceBlock">sm_lib/Frames and
Transforms/Reference
Frame</P>
    <P Name="SourceType">Reference
Frame</P>
    <InstanceData>
      <P Name="LogSimulationData">off</P>
      <P Name="SimscapeInstrumentationLogging">off</P>
      <P Name="SimscapeInstrumentationVariables" Ref="bdmxdata:SimscapeInstrumentationVariables_171"/>
    </InstanceData>
  </Block>
  <Block BlockType="Reference" Name="Solid" SID="172">
    <PortCounts rconn="1"/>
    <P Name="Position">[30, 130, 70, 170]</P>
    <P Name="ZOrder">7</P>
    <P Name="LibraryVersion">24.21</P>
    <P Name="SourceBlock">sm_lib/Body Elements/File Solid</P>
    <P Name="SourceType">File Solid</P>
    <InstanceData>
      <P Name="LogSimulationData">off</P>
      <P Name="SimscapeInstrumentationLogging">off</P>
      <P Name="SimscapeInstrumentationVariables" Ref="bdmxdata:SimscapeInstrumentationVariables_172"/>
      <P Name="ExtGeomFileName">sm_mars_RoverData\rsm_base_link.STL</P>
      <P Name="UnitType">Custom</P>
      <P Name="ExtGeomFileUnits">cm</P>
      <P Name="StepReaderType">HEX</P>
      <P Name="ExportConvexHullGeometry">off</P>
      <P Name="InertiaType">CalculateFromGeometry</P>
      <P Name="BasedOnType">Density</P>
      <P Name="Density">2000</P>
      <P Name="Density_conf">compiletime</P>
      <P Name="DensityUnits">kg/m^3</P>
      <P Name="Mass">cameraData.Solid(5).mass</P>
      <P Name="Mass_conf">compiletime</P>
      <P Name="MassUnits">kg</P>
      <P Name="CenterOfMass">cameraData.Solid(5).CoM</P>
      <P Name="CenterOfMass_conf">compiletime</P>
      <P Name="CenterOfMassUnits">m</P>
      <P Name="MomentsOfInertia">cameraData.Solid(5).MoI</P>
      <P Name="MomentsOfInertia_conf">compiletime</P>
      <P Name="MomentsOfInertiaUnits">kg*m^2</P>
      <P Name="ProductsOfInertia">cameraData.Solid(5).PoI</P>
      <P Name="ProductsOfInertia_conf">compiletime</P>
      <P Name="ProductsOfInertiaUnits">kg*m^2</P>
      <P Name="GraphicType">FromGeometry</P>
      <P Name="MarkerShape">Sphere</P>
      <P Name="MarkerSize">10</P>
      <P Name="MarkerSize_conf">compiletime</P>
      <P Name="GraphicVisPropType">SimpleVisualProperties</P>
      <P Name="GraphicDiffuseColor">[0.2 0.2 0.2]</P>
      <P Name="GraphicDiffuseColor_conf">compiletime</P>
      <P Name="GraphicOpacity">1</P>
      <P Name="GraphicOpacity_conf">compiletime</P>
      <P Name="GraphicSpecularColor">[0.5 0.5 0.5 1.0]</P>
      <P Name="GraphicSpecularColor_conf">compiletime</P>
      <P Name="GraphicAmbientColor">[0.15 0.15 0.15 1.0]</P>
      <P Name="GraphicAmbientColor_conf">compiletime</P>
      <P Name="GraphicEmissiveColor">[0.0 0.0 0.0 1.0]</P>
      <P Name="GraphicEmissiveColor_conf">compiletime</P>
      <P Name="GraphicShininess">75</P>
      <P Name="GraphicShininess_conf">compiletime</P>
      <P Name="DoExposeReferenceFrame">on</P>
      <P Name="SerializedFrames">&lt;Frames/&gt;</P>
    </InstanceData>
  </Block>
  <Block BlockType="Reference" Name="Transform" SID="173">
    <PortCounts lconn="1" rconn="1"/>
    <P Name="Position">[210, 100, 250, 140]</P>
    <P Name="ZOrder">8</P>
    <P Name="LibraryVersion">24.21</P>
    <P Name="SourceBlock">sm_lib/Frames and
Transforms/Rigid
Transform</P>
    <P Name="SourceType">Rigid
Transform</P>
    <InstanceData>
      <P Name="LogSimulationData">off</P>
      <P Name="SimscapeInstrumentationLogging">off</P>
      <P Name="SimscapeInstrumentationVariables" Ref="bdmxdata:SimscapeInstrumentationVariables_173"/>
      <P Name="RotationMethod">ArbitraryAxis</P>
      <P Name="FollAlignAxisA">+X</P>
      <P Name="BaseAlignAxisA">+Y</P>
      <P Name="FollAlignAxisB">+Y</P>
      <P Name="BaseAlignAxisB">+Z</P>
      <P Name="RotationStandardAxis">+Z</P>
      <P Name="RotationAngle">cameraData.RigidTransform(4).angle</P>
      <P Name="RotationAngle_conf">compiletime</P>
      <P Name="RotationAngleUnits">rad</P>
      <P Name="RotationArbitraryAxis">cameraData.RigidTransform(4).axis</P>
      <P Name="RotationArbitraryAxis_conf">compiletime</P>
      <P Name="RotationSequenceAxes">FollowerAxes</P>
      <P Name="RotationSequence">XYX</P>
      <P Name="RotationSequenceAngles">[0 0 0]</P>
      <P Name="RotationSequenceAngles_conf">compiletime</P>
      <P Name="RotationSequenceAnglesUnits">deg</P>
      <P Name="RotationMatrix">[1 0 0; 0 1 0; 0 0 1]</P>
      <P Name="RotationMatrix_conf">compiletime</P>
      <P Name="Quaternion">[1 0 0 0]</P>
      <P Name="Quaternion_conf">compiletime</P>
      <P Name="TranslationMethod">Cartesian</P>
      <P Name="TranslationCartesianOffset">cameraData.RigidTransform(4).translation</P>
      <P Name="TranslationCartesianOffset_conf">compiletime</P>
      <P Name="TranslationCartesianOffsetUnits">mm</P>
      <P Name="TranslationStandardAxis">+Z</P>
      <P Name="TranslationStandardOffset">0</P>
      <P Name="TranslationStandardOffset_conf">compiletime</P>
      <P Name="TranslationStandardOffsetUnits">mm</P>
      <P Name="TranslationROffset">0</P>
      <P Name="TranslationROffset_conf">compiletime</P>
      <P Name="TranslationROffsetUnits">m</P>
      <P Name="TranslationThetaOffset">0</P>
      <P Name="TranslationThetaOffset_conf">compiletime</P>
      <P Name="TranslationThetaOffsetUnits">deg</P>
      <P Name="TranslationZOffset">0</P>
      <P Name="TranslationZOffset_conf">compiletime</P>
      <P Name="TranslationZOffsetUnits">m</P>
    </InstanceData>
  </Block>
  <Block BlockType="PMIOPort" Name="F1" SID="174">
    <P Name="Position">[130, 40, 150, 60]</P>
    <P Name="ZOrder">9</P>
    <P Name="BlockMirror">on</P>
    <P Name="Side">Left</P>
  </Block>
  <Block BlockType="PMIOPort" Name="F" SID="175">
    <P Name="Position">[310, 110, 330, 130]</P>
    <P Name="ZOrder">10</P>
    <P Name="BlockMirror">on</P>
    <P Name="Port">2</P>
    <P Name="Side">Left</P>
  </Block>
  <Line LineType="Connection">
    <P Name="ZOrder">1</P>
    <P Name="Points">[115, 50; 0, 70; 80, 0]</P>
    <P Name="Dst">173#lconn:1</P>
    <Branch ConnectType="SRC_SRC">
      <P Name="Dst">174#rconn:1</P>
    </Branch>
    <Branch ConnectType="SRC_DEST">
      <P Name="Points">[95, 50; 20, 0]</P>
      <Branch ConnectType="SRC_DEST">
        <P Name="Src">171#rconn:1</P>
        <P Name="Points">[10, 0]</P>
      </Branch>
      <Branch ConnectType="SRC_SRC">
        <P Name="Points">[0, 100]</P>
        <P Name="Dst">172#rconn:1</P>
      </Branch>
    </Branch>
  </Line>
  <Line LineType="Connection">
    <P Name="ZOrder">6</P>
    <P Name="Src">173#rconn:1</P>
    <P Name="Dst">175#rconn:1</P>
  </Line>
</System>
