<?xml version="1.0" encoding="utf-8"?>
<System>
  <P Name="Location">[-1, -7, 1537, 817]</P>
  <Block BlockType="Reference" Name="Cylindrical Solid1" SID="194">
    <PortCounts lconn="1" rconn="1"/>
    <P Name="Position">[110, 135, 150, 175]</P>
    <P Name="ZOrder">44</P>
    <P Name="LibraryVersion">24.21</P>
    <P Name="SourceBlock">sm_lib/Body Elements/Cylindrical Solid</P>
    <P Name="SourceType">Cylindrical Solid</P>
    <InstanceData>
      <P Name="LogSimulationData">off</P>
      <P Name="SimscapeInstrumentationLogging">off</P>
      <P Name="SimscapeInstrumentationVariables" Ref="bdmxdata:SimscapeInstrumentationVariables_194"/>
      <P Name="CylinderRadius">0.9/10</P>
      <P Name="CylinderRadius_conf">compiletime</P>
      <P Name="CylinderRadiusUnits">m</P>
      <P Name="CylinderLength">0.5/10</P>
      <P Name="CylinderLength_conf">compiletime</P>
      <P Name="CylinderLengthUnits">m</P>
      <P Name="ExportEntireGeometry">off</P>
      <P Name="InertiaType">CalculateFromGeometry</P>
      <P Name="BasedOnType">Density</P>
      <P Name="Density">2000</P>
      <P Name="Density_conf">compiletime</P>
      <P Name="DensityUnits">kg/m^3</P>
      <P Name="Mass">1</P>
      <P Name="Mass_conf">compiletime</P>
      <P Name="MassUnits">kg</P>
      <P Name="CenterOfMass">[0 0 0]</P>
      <P Name="CenterOfMass_conf">compiletime</P>
      <P Name="CenterOfMassUnits">m</P>
      <P Name="MomentsOfInertia">[1 1 1]</P>
      <P Name="MomentsOfInertia_conf">compiletime</P>
      <P Name="MomentsOfInertiaUnits">kg*m^2</P>
      <P Name="ProductsOfInertia">[0 0 0]</P>
      <P Name="ProductsOfInertia_conf">compiletime</P>
      <P Name="ProductsOfInertiaUnits">kg*m^2</P>
      <P Name="GraphicType">FromGeometry</P>
      <P Name="MarkerShape">Sphere</P>
      <P Name="MarkerSize">10</P>
      <P Name="MarkerSize_conf">compiletime</P>
      <P Name="GraphicVisPropType">SimpleVisualProperties</P>
      <P Name="GraphicDiffuseColor">[0.2 0.2 0.2]</P>
      <P Name="GraphicDiffuseColor_conf">compiletime</P>
      <P Name="GraphicOpacity">1.0</P>
      <P Name="GraphicOpacity_conf">compiletime</P>
      <P Name="GraphicSpecularColor">[0.5 0.5 0.5 1.0]</P>
      <P Name="GraphicSpecularColor_conf">compiletime</P>
      <P Name="GraphicAmbientColor">[0.15 0.15 0.15 1.0]</P>
      <P Name="GraphicAmbientColor_conf">compiletime</P>
      <P Name="GraphicEmissiveColor">[0.0 0.0 0.0 1.0]</P>
      <P Name="GraphicEmissiveColor_conf">compiletime</P>
      <P Name="GraphicShininess">75</P>
      <P Name="GraphicShininess_conf">compiletime</P>
      <P Name="DoExposeReferenceFrame">off</P>
      <P Name="SerializedFrames">&lt;Frames&gt;&lt;Frame&gt;&lt;Id&gt;Frame1&lt;/Id&gt;&lt;Value&gt;&lt;Name&gt;F1&lt;/Name&gt;&lt;Origin&gt;&lt;Source&gt;GeometricFeature&lt;/Source&gt;&lt;FeatureName&gt;bottom surface&lt;/FeatureName&gt;&lt;/Origin&gt;&lt;PrimaryAxis&gt;&lt;DefinedDirection&gt;+Z&lt;/DefinedDirection&gt;&lt;Source&gt;ReferenceFrame&lt;/Source&gt;&lt;SourceDirection&gt;+Z&lt;/SourceDirection&gt;&lt;FeatureName&gt;&lt;/FeatureName&gt;&lt;/PrimaryAxis&gt;&lt;SecondaryAxis&gt;&lt;DefinedDirection&gt;+X&lt;/DefinedDirection&gt;&lt;Source&gt;ReferenceFrame&lt;/Source&gt;&lt;SourceDirection&gt;+X&lt;/SourceDirection&gt;&lt;FeatureName&gt;&lt;/FeatureName&gt;&lt;/SecondaryAxis&gt;&lt;/Value&gt;&lt;/Frame&gt;&lt;Frame&gt;&lt;Id&gt;Frame2&lt;/Id&gt;&lt;Value&gt;&lt;Name&gt;F2&lt;/Name&gt;&lt;Origin&gt;&lt;Source&gt;GeometricFeature&lt;/Source&gt;&lt;FeatureName&gt;top surface&lt;/FeatureName&gt;&lt;/Origin&gt;&lt;PrimaryAxis&gt;&lt;DefinedDirection&gt;+Z&lt;/DefinedDirection&gt;&lt;Source&gt;ReferenceFrame&lt;/Source&gt;&lt;SourceDirection&gt;+Z&lt;/SourceDirection&gt;&lt;FeatureName&gt;&lt;/FeatureName&gt;&lt;/PrimaryAxis&gt;&lt;SecondaryAxis&gt;&lt;DefinedDirection&gt;+X&lt;/DefinedDirection&gt;&lt;Source&gt;ReferenceFrame&lt;/Source&gt;&lt;SourceDirection&gt;+X&lt;/SourceDirection&gt;&lt;FeatureName&gt;&lt;/FeatureName&gt;&lt;/SecondaryAxis&gt;&lt;/Value&gt;&lt;/Frame&gt;&lt;/Frames&gt;</P>
    </InstanceData>
  </Block>
  <Block BlockType="PMIOPort" Name="F1" SID="195">
    <P Name="Position">[180, 145, 200, 165]</P>
    <P Name="ZOrder">10</P>
    <P Name="BlockMirror">on</P>
    <P Name="Side">Left</P>
  </Block>
  <Block BlockType="PMIOPort" Name="F" SID="196">
    <P Name="Position">[60, 145, 80, 165]</P>
    <P Name="ZOrder">11</P>
    <P Name="Port">2</P>
    <P Name="Side">Left</P>
  </Block>
  <Line LineType="Connection">
    <P Name="ZOrder">1</P>
    <P Name="Src">196#rconn:1</P>
    <P Name="Dst">194#lconn:1</P>
  </Line>
  <Line LineType="Connection">
    <P Name="ZOrder">2</P>
    <P Name="Src">195#rconn:1</P>
    <P Name="Dst">194#rconn:1</P>
  </Line>
</System>
