<?xml version="1.0" encoding="utf-8"?>
<System>
  <P Name="Location">[-9, 9, 1193, 842]</P>
  <Block BlockType="Inport" Name="In1" SID="999">
    <P Name="Position">[0, 13, 30, 27]</P>
    <P Name="ZOrder">100000</P>
  </Block>
  <Block BlockType="Inport" Name="In2" SID="1000">
    <P Name="Position">[0, 73, 30, 87]</P>
    <P Name="ZOrder">100000</P>
    <P Name="Port">2</P>
  </Block>
  <Block BlockType="Mux" Name="Mux" SID="1001">
    <PortCounts in="2" out="1"/>
    <P Name="Position">[230, 36, 235, 74]</P>
    <P Name="ZOrder">100000</P>
    <P Name="Inputs">2</P>
    <P Name="DisplayOption">bar</P>
  </Block>
  <Block BlockType="Mux" Name="Mux1" SID="1002">
    <PortCounts in="2" out="1"/>
    <P Name="Position">[230, 111, 235, 149]</P>
    <P Name="ZOrder">100000</P>
    <P Name="Inputs">2</P>
    <P Name="DisplayOption">bar</P>
  </Block>
  <Block BlockType="Mux" Name="Mux2" SID="1003">
    <PortCounts in="2" out="1"/>
    <P Name="Position">[230, 186, 235, 224]</P>
    <P Name="ZOrder">100000</P>
    <P Name="Inputs">2</P>
    <P Name="DisplayOption">bar</P>
  </Block>
  <Block BlockType="Mux" Name="Mux3" SID="1004">
    <PortCounts in="2" out="1"/>
    <P Name="Position">[230, 271, 235, 309]</P>
    <P Name="ZOrder">100000</P>
    <P Name="Inputs">2</P>
    <P Name="DisplayOption">bar</P>
  </Block>
  <Block BlockType="Mux" Name="Mux4" SID="1005">
    <PortCounts in="2" out="1"/>
    <P Name="Position">[230, 346, 235, 384]</P>
    <P Name="ZOrder">100000</P>
    <P Name="Inputs">2</P>
    <P Name="DisplayOption">bar</P>
  </Block>
  <Block BlockType="Mux" Name="Mux5" SID="1006">
    <PortCounts in="2" out="1"/>
    <P Name="Position">[230, 426, 235, 464]</P>
    <P Name="ZOrder">100000</P>
    <P Name="Inputs">2</P>
    <P Name="DisplayOption">bar</P>
  </Block>
  <Block BlockType="Selector" Name="Select" SID="1007">
    <PortCounts in="1" out="1"/>
    <P Name="Position">[90, 21, 120, 39]</P>
    <P Name="ZOrder">100000</P>
    <P Name="InputPortWidth">6</P>
    <P Name="IndexOptions">Index vector (dialog)</P>
    <P Name="Indices">1</P>
    <P Name="OutputSizes">1</P>
    <PortProperties>
      <Port Type="out" Index="1">
        <P Name="Name">DesSpeed</P>
      </Port>
    </PortProperties>
  </Block>
  <Block BlockType="Selector" Name="Select1" SID="1008">
    <PortCounts in="1" out="1"/>
    <P Name="Position">[90, 56, 120, 74]</P>
    <P Name="ZOrder">100000</P>
    <P Name="InputPortWidth">6</P>
    <P Name="IndexOptions">Index vector (dialog)</P>
    <P Name="Indices">1</P>
    <P Name="OutputSizes">1</P>
    <PortProperties>
      <Port Type="out" Index="1">
        <P Name="Name">ActSpeed</P>
      </Port>
    </PortProperties>
  </Block>
  <Block BlockType="Selector" Name="Select10" SID="1009">
    <PortCounts in="1" out="1"/>
    <P Name="Position">[90, 411, 120, 429]</P>
    <P Name="ZOrder">100000</P>
    <P Name="InputPortWidth">6</P>
    <P Name="IndexOptions">Index vector (dialog)</P>
    <P Name="Indices">6</P>
    <P Name="OutputSizes">1</P>
    <PortProperties>
      <Port Type="out" Index="1">
        <P Name="Name">DesSpeed</P>
      </Port>
    </PortProperties>
  </Block>
  <Block BlockType="Selector" Name="Select11" SID="1010">
    <PortCounts in="1" out="1"/>
    <P Name="Position">[90, 446, 120, 464]</P>
    <P Name="ZOrder">100000</P>
    <P Name="InputPortWidth">6</P>
    <P Name="IndexOptions">Index vector (dialog)</P>
    <P Name="Indices">6</P>
    <P Name="OutputSizes">1</P>
    <PortProperties>
      <Port Type="out" Index="1">
        <P Name="Name">ActSpeed</P>
      </Port>
    </PortProperties>
  </Block>
  <Block BlockType="Selector" Name="Select2" SID="1011">
    <PortCounts in="1" out="1"/>
    <P Name="Position">[90, 96, 120, 114]</P>
    <P Name="ZOrder">100000</P>
    <P Name="InputPortWidth">6</P>
    <P Name="IndexOptions">Index vector (dialog)</P>
    <P Name="Indices">2</P>
    <P Name="OutputSizes">1</P>
    <PortProperties>
      <Port Type="out" Index="1">
        <P Name="Name">DesSpeed</P>
      </Port>
    </PortProperties>
  </Block>
  <Block BlockType="Selector" Name="Select3" SID="1012">
    <PortCounts in="1" out="1"/>
    <P Name="Position">[90, 131, 120, 149]</P>
    <P Name="ZOrder">100000</P>
    <P Name="InputPortWidth">6</P>
    <P Name="IndexOptions">Index vector (dialog)</P>
    <P Name="Indices">2</P>
    <P Name="OutputSizes">1</P>
    <PortProperties>
      <Port Type="out" Index="1">
        <P Name="Name">ActSpeed</P>
      </Port>
    </PortProperties>
  </Block>
  <Block BlockType="Selector" Name="Select4" SID="1013">
    <PortCounts in="1" out="1"/>
    <P Name="Position">[90, 171, 120, 189]</P>
    <P Name="ZOrder">100000</P>
    <P Name="InputPortWidth">6</P>
    <P Name="IndexOptions">Index vector (dialog)</P>
    <P Name="Indices">3</P>
    <P Name="OutputSizes">1</P>
    <PortProperties>
      <Port Type="out" Index="1">
        <P Name="Name">DesSpeed</P>
      </Port>
    </PortProperties>
  </Block>
  <Block BlockType="Selector" Name="Select5" SID="1014">
    <PortCounts in="1" out="1"/>
    <P Name="Position">[90, 206, 120, 224]</P>
    <P Name="ZOrder">100000</P>
    <P Name="InputPortWidth">6</P>
    <P Name="IndexOptions">Index vector (dialog)</P>
    <P Name="Indices">3</P>
    <P Name="OutputSizes">1</P>
    <PortProperties>
      <Port Type="out" Index="1">
        <P Name="Name">ActSpeed</P>
      </Port>
    </PortProperties>
  </Block>
  <Block BlockType="Selector" Name="Select6" SID="1015">
    <PortCounts in="1" out="1"/>
    <P Name="Position">[90, 256, 120, 274]</P>
    <P Name="ZOrder">100000</P>
    <P Name="InputPortWidth">6</P>
    <P Name="IndexOptions">Index vector (dialog)</P>
    <P Name="Indices">4</P>
    <P Name="OutputSizes">1</P>
    <PortProperties>
      <Port Type="out" Index="1">
        <P Name="Name">DesSpeed</P>
      </Port>
    </PortProperties>
  </Block>
  <Block BlockType="Selector" Name="Select7" SID="1016">
    <PortCounts in="1" out="1"/>
    <P Name="Position">[90, 291, 120, 309]</P>
    <P Name="ZOrder">100000</P>
    <P Name="InputPortWidth">6</P>
    <P Name="IndexOptions">Index vector (dialog)</P>
    <P Name="Indices">4</P>
    <P Name="OutputSizes">1</P>
    <PortProperties>
      <Port Type="out" Index="1">
        <P Name="Name">ActSpeed</P>
      </Port>
    </PortProperties>
  </Block>
  <Block BlockType="Selector" Name="Select8" SID="1017">
    <PortCounts in="1" out="1"/>
    <P Name="Position">[90, 331, 120, 349]</P>
    <P Name="ZOrder">100000</P>
    <P Name="InputPortWidth">6</P>
    <P Name="IndexOptions">Index vector (dialog)</P>
    <P Name="Indices">5</P>
    <P Name="OutputSizes">1</P>
    <PortProperties>
      <Port Type="out" Index="1">
        <P Name="Name">DesSpeed</P>
      </Port>
    </PortProperties>
  </Block>
  <Block BlockType="Selector" Name="Select9" SID="1018">
    <PortCounts in="1" out="1"/>
    <P Name="Position">[90, 366, 120, 384]</P>
    <P Name="ZOrder">100000</P>
    <P Name="InputPortWidth">6</P>
    <P Name="IndexOptions">Index vector (dialog)</P>
    <P Name="Indices">5</P>
    <P Name="OutputSizes">1</P>
    <PortProperties>
      <Port Type="out" Index="1">
        <P Name="Name">ActSpeed</P>
      </Port>
    </PortProperties>
  </Block>
  <Block BlockType="Outport" Name="Out1" SID="1019">
    <P Name="Position">[290, 48, 320, 62]</P>
    <P Name="ZOrder">100000</P>
  </Block>
  <Block BlockType="Outport" Name="Out2" SID="1020">
    <P Name="Position">[290, 123, 320, 137]</P>
    <P Name="ZOrder">100000</P>
    <P Name="Port">2</P>
  </Block>
  <Block BlockType="Outport" Name="Out3" SID="1021">
    <P Name="Position">[290, 198, 320, 212]</P>
    <P Name="ZOrder">100000</P>
    <P Name="Port">3</P>
  </Block>
  <Block BlockType="Outport" Name="Out5" SID="1022">
    <P Name="Position">[290, 283, 320, 297]</P>
    <P Name="ZOrder">100000</P>
    <P Name="Port">4</P>
  </Block>
  <Block BlockType="Outport" Name="Out4" SID="1023">
    <P Name="Position">[290, 358, 320, 372]</P>
    <P Name="ZOrder">100000</P>
    <P Name="Port">5</P>
  </Block>
  <Block BlockType="Outport" Name="Out6" SID="1024">
    <P Name="Position">[290, 438, 320, 452]</P>
    <P Name="ZOrder">100000</P>
    <P Name="Port">6</P>
  </Block>
  <Line>
    <P Name="Name">ActSpeed</P>
    <P Name="ZOrder">1</P>
    <P Name="Labels">[1, 1]</P>
    <P Name="Src">1008#out:1</P>
    <P Name="Dst">1001#in:2</P>
  </Line>
  <Line>
    <P Name="ZOrder">2</P>
    <P Name="Src">1001#out:1</P>
    <P Name="Dst">1019#in:1</P>
  </Line>
  <Line>
    <P Name="ZOrder">3</P>
    <P Name="Src">999#out:1</P>
    <P Name="Points">[25, 0; 0, 10; 14, 0]</P>
    <Branch>
      <P Name="ZOrder">4</P>
      <P Name="Points">[0, 75]</P>
      <Branch>
        <P Name="ZOrder">5</P>
        <P Name="Points">[0, 75]</P>
        <Branch>
          <P Name="ZOrder">6</P>
          <P Name="Points">[0, 85]</P>
          <Branch>
            <P Name="ZOrder">7</P>
            <P Name="Points">[0, 75]</P>
            <Branch>
              <P Name="ZOrder">8</P>
              <P Name="Points">[0, 80]</P>
              <P Name="Dst">1009#in:1</P>
            </Branch>
            <Branch>
              <P Name="ZOrder">9</P>
              <P Name="Dst">1017#in:1</P>
            </Branch>
          </Branch>
          <Branch>
            <P Name="ZOrder">10</P>
            <P Name="Dst">1015#in:1</P>
          </Branch>
        </Branch>
        <Branch>
          <P Name="ZOrder">11</P>
          <P Name="Dst">1013#in:1</P>
        </Branch>
      </Branch>
      <Branch>
        <P Name="ZOrder">12</P>
        <P Name="Dst">1011#in:1</P>
      </Branch>
    </Branch>
    <Branch>
      <P Name="ZOrder">13</P>
      <P Name="Dst">1007#in:1</P>
    </Branch>
  </Line>
  <Line>
    <P Name="Name">DesSpeed</P>
    <P Name="ZOrder">14</P>
    <P Name="Labels">[1, 1]</P>
    <P Name="Src">1007#out:1</P>
    <P Name="Points">[94, 0; 0, 15]</P>
    <P Name="Dst">1001#in:1</P>
  </Line>
  <Line>
    <P Name="ZOrder">15</P>
    <P Name="Src">1000#out:1</P>
    <P Name="Points">[11, 0]</P>
    <Branch>
      <P Name="ZOrder">16</P>
      <P Name="Points">[0, 60]</P>
      <Branch>
        <P Name="ZOrder">17</P>
        <P Name="Points">[0, 75]</P>
        <Branch>
          <P Name="ZOrder">18</P>
          <P Name="Points">[0, 85]</P>
          <Branch>
            <P Name="ZOrder">19</P>
            <P Name="Points">[0, 75]</P>
            <Branch>
              <P Name="ZOrder">20</P>
              <P Name="Points">[0, 80]</P>
              <P Name="Dst">1010#in:1</P>
            </Branch>
            <Branch>
              <P Name="ZOrder">21</P>
              <P Name="Dst">1018#in:1</P>
            </Branch>
          </Branch>
          <Branch>
            <P Name="ZOrder">22</P>
            <P Name="Dst">1016#in:1</P>
          </Branch>
        </Branch>
        <Branch>
          <P Name="ZOrder">23</P>
          <P Name="Dst">1014#in:1</P>
        </Branch>
      </Branch>
      <Branch>
        <P Name="ZOrder">24</P>
        <P Name="Dst">1012#in:1</P>
      </Branch>
    </Branch>
    <Branch>
      <P Name="ZOrder">25</P>
      <P Name="Points">[14, 0; 0, -15]</P>
      <P Name="Dst">1008#in:1</P>
    </Branch>
  </Line>
  <Line>
    <P Name="Name">DesSpeed</P>
    <P Name="ZOrder">26</P>
    <P Name="Labels">[1, 1]</P>
    <P Name="Src">1011#out:1</P>
    <P Name="Points">[94, 0; 0, 15]</P>
    <P Name="Dst">1002#in:1</P>
  </Line>
  <Line>
    <P Name="ZOrder">27</P>
    <P Name="Src">1002#out:1</P>
    <P Name="Dst">1020#in:1</P>
  </Line>
  <Line>
    <P Name="Name">ActSpeed</P>
    <P Name="ZOrder">28</P>
    <P Name="Labels">[1, 1]</P>
    <P Name="Src">1012#out:1</P>
    <P Name="Dst">1002#in:2</P>
  </Line>
  <Line>
    <P Name="Name">ActSpeed</P>
    <P Name="ZOrder">29</P>
    <P Name="Labels">[1, 1]</P>
    <P Name="Src">1014#out:1</P>
    <P Name="Dst">1003#in:2</P>
  </Line>
  <Line>
    <P Name="ZOrder">30</P>
    <P Name="Src">1003#out:1</P>
    <P Name="Dst">1021#in:1</P>
  </Line>
  <Line>
    <P Name="Name">DesSpeed</P>
    <P Name="ZOrder">31</P>
    <P Name="Labels">[1, 1]</P>
    <P Name="Src">1013#out:1</P>
    <P Name="Points">[94, 0; 0, 15]</P>
    <P Name="Dst">1003#in:1</P>
  </Line>
  <Line>
    <P Name="Name">DesSpeed</P>
    <P Name="ZOrder">32</P>
    <P Name="Labels">[1, 1]</P>
    <P Name="Src">1015#out:1</P>
    <P Name="Points">[94, 0; 0, 15]</P>
    <P Name="Dst">1004#in:1</P>
  </Line>
  <Line>
    <P Name="ZOrder">33</P>
    <P Name="Src">1004#out:1</P>
    <P Name="Dst">1022#in:1</P>
  </Line>
  <Line>
    <P Name="Name">ActSpeed</P>
    <P Name="ZOrder">34</P>
    <P Name="Labels">[1, 1]</P>
    <P Name="Src">1016#out:1</P>
    <P Name="Dst">1004#in:2</P>
  </Line>
  <Line>
    <P Name="Name">ActSpeed</P>
    <P Name="ZOrder">35</P>
    <P Name="Labels">[1, 1]</P>
    <P Name="Src">1018#out:1</P>
    <P Name="Dst">1005#in:2</P>
  </Line>
  <Line>
    <P Name="ZOrder">36</P>
    <P Name="Src">1005#out:1</P>
    <P Name="Dst">1023#in:1</P>
  </Line>
  <Line>
    <P Name="Name">DesSpeed</P>
    <P Name="ZOrder">37</P>
    <P Name="Labels">[1, 1]</P>
    <P Name="Src">1017#out:1</P>
    <P Name="Points">[94, 0; 0, 15]</P>
    <P Name="Dst">1005#in:1</P>
  </Line>
  <Line>
    <P Name="Name">DesSpeed</P>
    <P Name="ZOrder">38</P>
    <P Name="Labels">[1, 1]</P>
    <P Name="Src">1009#out:1</P>
    <P Name="Points">[94, 0; 0, 15]</P>
    <P Name="Dst">1006#in:1</P>
  </Line>
  <Line>
    <P Name="ZOrder">39</P>
    <P Name="Src">1006#out:1</P>
    <P Name="Dst">1024#in:1</P>
  </Line>
  <Line>
    <P Name="Name">ActSpeed</P>
    <P Name="ZOrder">40</P>
    <P Name="Labels">[1, 1]</P>
    <P Name="Src">1010#out:1</P>
    <P Name="Dst">1006#in:2</P>
  </Line>
</System>
