<?xml version="1.0" encoding="utf-8"?>
<System>
  <P Name="Location">[-1, -7, 1537, 817]</P>
  <Block BlockType="Inport" Name="Delta" SID="484">
    <P Name="Position">[210, 223, 240, 237]</P>
    <P Name="ZOrder">100000</P>
    <PortProperties>
      <Port Type="out" Index="1">
        <P Name="PropagatedSignals">y</P>
      </Port>
    </PortProperties>
  </Block>
  <Block BlockType="SubSystem" Name="Ackerman Steering Angle Formulation" SID="485">
    <PortCounts in="3" out="5"/>
    <P Name="Position">[480, 160, 565, 520]</P>
    <P Name="ZOrder">100000</P>
    <P Name="ErrorFcn">Stateflow.Translate.translate</P>
    <P Name="PermitHierarchicalResolution">ExplicitOnly</P>
    <P Name="TreatAsAtomicUnit">on</P>
    <P Name="SFBlockType">MATLAB Function</P>
    <P Name="ContentPreviewEnabled">on</P>
    <PortProperties>
      <Port Type="out" Index="1">
        <P Name="PropagatedSignals">LFsteerAng</P>
      </Port>
      <Port Type="out" Index="2">
        <P Name="PropagatedSignals">RFsteerAng</P>
      </Port>
      <Port Type="out" Index="3">
        <P Name="PropagatedSignals">R</P>
      </Port>
      <Port Type="out" Index="4">
        <P Name="PropagatedSignals">L_R</P>
      </Port>
      <Port Type="out" Index="5">
        <P Name="PropagatedSignals">R_R</P>
      </Port>
    </PortProperties>
    <System Ref="system_485"/>
  </Block>
  <Block BlockType="Clock" Name="Clock1" SID="486">
    <P Name="Position">[215, 260, 235, 280]</P>
    <P Name="ZOrder">100000</P>
  </Block>
  <Block BlockType="Constant" Name="Constant" SID="487">
    <P Name="Position">[390, 327, 450, 353]</P>
    <P Name="ZOrder">100000</P>
    <P Name="Value">Chassis_L/2</P>
  </Block>
  <Block BlockType="Constant" Name="Constant3" SID="488">
    <P Name="Position">[210, 290, 240, 320]</P>
    <P Name="ZOrder">100000</P>
    <P Name="NameLocation">top</P>
    <P Name="Value">6</P>
  </Block>
  <Block BlockType="Constant" Name="Constant4" SID="489">
    <P Name="Position">[385, 447, 460, 473]</P>
    <P Name="ZOrder">100000</P>
    <P Name="Value">Chassis_width</P>
  </Block>
  <Block BlockType="Gain" Name="Gain3" SID="494">
    <P Name="Position">[620, 200, 650, 230]</P>
    <P Name="ZOrder">100000</P>
    <P Name="Gain">-1</P>
  </Block>
  <Block BlockType="Gain" Name="Gain4" SID="495">
    <P Name="Position">[620, 300, 650, 330]</P>
    <P Name="ZOrder">100000</P>
    <P Name="Gain">-1</P>
  </Block>
  <Block BlockType="Mux" Name="Mux" SID="496">
    <PortCounts in="4" out="1"/>
    <P Name="Position">[765, 211, 770, 329]</P>
    <P Name="ZOrder">100000</P>
    <P Name="DisplayOption">bar</P>
  </Block>
  <Block BlockType="Saturate" Name="Saturation1" SID="498">
    <P Name="Position">[680, 200, 710, 230]</P>
    <P Name="ZOrder">100000</P>
    <P Name="UpperLimit">60</P>
    <P Name="LowerLimit">-60</P>
  </Block>
  <Block BlockType="Saturate" Name="Saturation2" SID="499">
    <P Name="Position">[680, 150, 710, 180]</P>
    <P Name="ZOrder">100000</P>
    <P Name="UpperLimit">60</P>
    <P Name="LowerLimit">-60</P>
  </Block>
  <Block BlockType="Saturate" Name="Saturation3" SID="500">
    <P Name="Position">[680, 250, 710, 280]</P>
    <P Name="ZOrder">100000</P>
    <P Name="UpperLimit">60</P>
    <P Name="LowerLimit">-60</P>
  </Block>
  <Block BlockType="Saturate" Name="Saturation4" SID="501">
    <P Name="Position">[680, 300, 710, 330]</P>
    <P Name="ZOrder">100000</P>
    <P Name="UpperLimit">60</P>
    <P Name="LowerLimit">-60</P>
  </Block>
  <Block BlockType="Switch" Name="Switch2" SID="502">
    <P Name="Position">[325, 235, 375, 275]</P>
    <P Name="ZOrder">100000</P>
    <P Name="Criteria">u2 &gt; Threshold</P>
    <P Name="Threshold">1</P>
    <P Name="InputSameDT">off</P>
    <P Name="SaturateOnIntegerOverflow">off</P>
  </Block>
  <Block BlockType="Outport" Name="AckSteerAngs" SID="503">
    <P Name="Position">[820, 263, 850, 277]</P>
    <P Name="ZOrder">100000</P>
  </Block>
  <Block BlockType="Outport" Name="ChassisCenterROC" SID="504">
    <P Name="Position">[610, 363, 640, 377]</P>
    <P Name="ZOrder">100000</P>
    <P Name="Port">2</P>
  </Block>
  <Block BlockType="Outport" Name="LWheelROC" SID="505">
    <P Name="Position">[610, 403, 640, 417]</P>
    <P Name="ZOrder">100000</P>
    <P Name="Port">3</P>
  </Block>
  <Block BlockType="Outport" Name="RWheelROC" SID="506">
    <P Name="Position">[610, 473, 640, 487]</P>
    <P Name="ZOrder">100000</P>
    <P Name="Port">4</P>
  </Block>
  <Line>
    <P Name="ZOrder">1</P>
    <P Name="Src">484#out:1</P>
    <P Name="Points">[38, 0; 0, 10]</P>
    <P Name="Dst">502#in:1</P>
  </Line>
  <Line>
    <P Name="ZOrder">2</P>
    <P Name="Src">485#out:2</P>
    <P Name="Points">[43, 0]</P>
    <Branch>
      <P Name="ZOrder">3</P>
      <P Name="Points">[0, -5]</P>
      <P Name="Dst">500#in:1</P>
    </Branch>
    <Branch>
      <P Name="ZOrder">4</P>
      <P Name="Points">[0, 45]</P>
      <P Name="Dst">495#in:1</P>
    </Branch>
  </Line>
  <Line>
    <P Name="ZOrder">5</P>
    <P Name="Src">485#out:5</P>
    <P Name="Dst">506#in:1</P>
  </Line>
  <Line>
    <P Name="ZOrder">6</P>
    <P Name="Src">501#out:1</P>
    <P Name="Dst">496#in:4</P>
  </Line>
  <Line>
    <P Name="ZOrder">7</P>
    <P Name="Src">498#out:1</P>
    <P Name="Points">[17, 0; 0, 40]</P>
    <P Name="Dst">496#in:2</P>
  </Line>
  <Line>
    <P Name="ZOrder">26</P>
    <P Name="Src">502#out:1</P>
    <P Name="Points">[85, 0]</P>
    <P Name="Dst">485#in:1</P>
  </Line>
  <Line>
    <P Name="ZOrder">9</P>
    <P Name="Src">485#out:1</P>
    <P Name="Points">[32, 0]</P>
    <Branch>
      <P Name="ZOrder">10</P>
      <P Name="Points">[0, -35]</P>
      <P Name="Dst">499#in:1</P>
    </Branch>
    <Branch>
      <P Name="ZOrder">11</P>
      <P Name="Points">[0, 15]</P>
      <P Name="Dst">494#in:1</P>
    </Branch>
  </Line>
  <Line>
    <P Name="ZOrder">12</P>
    <P Name="Src">487#out:1</P>
    <P Name="Dst">485#in:2</P>
  </Line>
  <Line>
    <P Name="ZOrder">13</P>
    <P Name="Src">500#out:1</P>
    <P Name="Points">[29, 0; 0, 20]</P>
    <P Name="Dst">496#in:3</P>
  </Line>
  <Line>
    <P Name="ZOrder">14</P>
    <P Name="Src">496#out:1</P>
    <P Name="Dst">503#in:1</P>
  </Line>
  <Line>
    <P Name="ZOrder">15</P>
    <P Name="Src">486#out:1</P>
    <P Name="Points">[34, 0; 0, -15]</P>
    <P Name="Dst">502#in:2</P>
  </Line>
  <Line>
    <P Name="ZOrder">17</P>
    <P Name="Src">495#out:1</P>
    <P Name="Dst">501#in:1</P>
  </Line>
  <Line>
    <P Name="ZOrder">18</P>
    <P Name="Src">499#out:1</P>
    <P Name="Points">[31, 0; 0, 60]</P>
    <P Name="Dst">496#in:1</P>
  </Line>
  <Line>
    <P Name="ZOrder">19</P>
    <P Name="Src">489#out:1</P>
    <P Name="Dst">485#in:3</P>
  </Line>
  <Line>
    <P Name="ZOrder">20</P>
    <P Name="Src">494#out:1</P>
    <P Name="Dst">498#in:1</P>
  </Line>
  <Line>
    <P Name="ZOrder">21</P>
    <P Name="Src">485#out:4</P>
    <P Name="Dst">505#in:1</P>
  </Line>
  <Line>
    <P Name="ZOrder">22</P>
    <P Name="Src">485#out:3</P>
    <P Name="Points">[18, 0; 0, 30]</P>
    <P Name="Dst">504#in:1</P>
  </Line>
  <Line>
    <P Name="ZOrder">23</P>
    <P Name="Src">488#out:1</P>
    <P Name="Points">[49, 0; 0, -35]</P>
    <P Name="Dst">502#in:3</P>
  </Line>
  <Annotation SID="510">
    <P Name="Name">RB</P>
    <P Name="Position">[779, 315, 794, 330]</P>
    <P Name="InternalMargins">[0, 0, 0, 0]</P>
    <P Name="ZOrder">-1</P>
  </Annotation>
  <Annotation SID="509">
    <P Name="Name">LB</P>
    <P Name="Position">[780, 298, 794, 313]</P>
    <P Name="InternalMargins">[0, 0, 0, 0]</P>
    <P Name="ZOrder">-2</P>
  </Annotation>
  <Annotation SID="508">
    <P Name="Name">RF</P>
    <P Name="Position">[779, 244, 794, 259]</P>
    <P Name="InternalMargins">[0, 0, 0, 0]</P>
    <P Name="ZOrder">-3</P>
  </Annotation>
  <Annotation SID="507">
    <P Name="Name">LF</P>
    <P Name="Position">[780, 220, 793, 235]</P>
    <P Name="InternalMargins">[0, 0, 0, 0]</P>
    <P Name="ZOrder">-4</P>
  </Annotation>
</System>
