<?xml version="1.0" encoding="utf-8"?>
<System>
  <P Name="Location">[-1, -7, 1537, 817]</P>
  <P Name="ZoomFactor">78</P>
  <Block BlockType="SubSystem" Name="Rigid Terrain Surface" SID="147">
    <PortCounts lconn="1" rconn="1"/>
    <P Name="Position">[645, 111, 810, 239]</P>
    <P Name="ZOrder">100000</P>
    <P Name="FontSize">12</P>
    <P Name="ContentPreviewEnabled">on</P>
    <Mask>
      <Display IconOpaque="opaque-with-ports" RunInitForIconRedraw="off">image(&apos;$imagefile&apos;); % Use &quot;Edit Image&quot; on toolstrip to change.</Display>
      <SaveImageFileWithModel>on</SaveImageFileWithModel>
      <StringList PropName="ImageFiles">
        <String>slx:/simulink/maskimages/terrain.PNG</String>
      </StringList>
    </Mask>
    <System Ref="system_147"/>
  </Block>
  <Block BlockType="SubSystem" Name="Rover " SID="166">
    <PortCounts in="2" out="2" lconn="1" rconn="3"/>
    <P Name="Position">[235, 52, 565, 294]</P>
    <P Name="ZOrder">100000</P>
    <P Name="FontSize">12</P>
    <P Name="ContentPreviewEnabled">on</P>
    <P Name="PortSchema">{&quot;entries&quot;:[{&quot;content&quot;:{&quot;sides&quot;:[{&quot;content&quot;:{&quot;connectorIds&quot;:[&quot;LConn1&quot;,&quot;In1&quot;,&quot;In2&quot;]},&quot;type&quot;:&quot;ConnectorPlacement.EquallySpacedRectSide&quot;,&quot;uuid&quot;:&quot;1e8a3e2b-b3ca-4467-863a-9c237d71771f&quot;},{&quot;content&quot;:{&quot;connectorIds&quot;:[&quot;RConn1&quot;,&quot;RConn2&quot;,&quot;RConn3&quot;,&quot;Out1&quot;,&quot;Out2&quot;],&quot;side&quot;:&quot;RIGHT&quot;},&quot;type&quot;:&quot;ConnectorPlacement.EquallySpacedRectSide&quot;,&quot;uuid&quot;:&quot;1c304fdb-ff64-4dc8-bd28-208b239a200a&quot;},{&quot;content&quot;:{&quot;connectorIds&quot;:[],&quot;side&quot;:&quot;TOP&quot;},&quot;type&quot;:&quot;ConnectorPlacement.EquallySpacedRectSide&quot;,&quot;uuid&quot;:&quot;6fd19973-5814-4525-bce6-20dd9c942e44&quot;}]},&quot;type&quot;:&quot;ConnectorPlacement.EquallySpacedConnector&quot;,&quot;uuid&quot;:&quot;720db96a-3f3b-4ddd-a986-ea75ab459e47&quot;}],&quot;packageUris&quot;:[&quot;http://schema.mathworks.com/mf0/Connector/R2020b&quot;],&quot;version&quot;:&quot;1.0&quot;}</P>
    <Mask>
      <Display IconOpaque="opaque-with-ports" RunInitForIconRedraw="off" PortRotate="physical">image(&apos;$imagefile&apos;); % Use &quot;Edit Image&quot; on toolstrip to change.</Display>
      <SaveImageFileWithModel>on</SaveImageFileWithModel>
      <StringList PropName="ImageFiles">
        <String>slx:/simulink/maskimages/rover_vehicle.JPG</String>
      </StringList>
    </Mask>
    <System Ref="system_166"/>
  </Block>
  <Block BlockType="SubSystem" Name="Rover Path Planning And Control" SID="478">
    <PortCounts in="2" out="2"/>
    <P Name="Position">[-140, 44, 10, 271]</P>
    <P Name="ZOrder">100000</P>
    <P Name="FontSize">12</P>
    <P Name="ContentPreviewEnabled">on</P>
    <Mask>
      <Display RunInitForIconRedraw="off"/>
    </Mask>
    <System Ref="system_478"/>
  </Block>
  <Block BlockType="SubSystem" Name="Rover Pose Sensing" SID="586">
    <PortCounts out="2" lconn="1" rconn="1"/>
    <P Name="Position">[-255, 131, -200, 259]</P>
    <P Name="ZOrder">100000</P>
    <P Name="FontSize">12</P>
    <P Name="ContentPreviewEnabled">on</P>
    <Mask>
      <Display RunInitForIconRedraw="off"/>
    </Mask>
    <PortProperties>
      <Port Type="out" Index="2">
        <P Name="PropagatedSignals">y</P>
      </Port>
    </PortProperties>
    <System Ref="system_586"/>
  </Block>
  <Block BlockType="SubSystem" Name="Steering Controller" SID="610">
    <PortCounts in="2" out="1"/>
    <P Name="Position">[65, 3, 160, 152]</P>
    <P Name="ZOrder">100000</P>
    <P Name="FontSize">12</P>
    <P Name="ContentPreviewEnabled">on</P>
    <Mask>
      <Display RunInitForIconRedraw="off"/>
    </Mask>
    <System Ref="system_610"/>
  </Block>
  <Block BlockType="SubSystem" Name="Wheel Speed Controller" SID="621">
    <PortCounts in="2" out="1"/>
    <P Name="Position">[70, 179, 155, 326]</P>
    <P Name="ZOrder">100000</P>
    <P Name="FontSize">12</P>
    <P Name="ContentPreviewEnabled">on</P>
    <Mask>
      <Display RunInitForIconRedraw="off"/>
    </Mask>
    <System Ref="system_621"/>
  </Block>
  <Block BlockType="Reference" Name="World Frame1" SID="633">
    <PortCounts rconn="1"/>
    <P Name="Position">[830, 155, 870, 195]</P>
    <P Name="ZOrder">100000</P>
    <P Name="BlockMirror">on</P>
    <P Name="LibraryVersion">24.21</P>
    <P Name="FontSize">12</P>
    <P Name="SourceBlock">sm_lib/Frames and
Transforms/World Frame</P>
    <P Name="SourceType">World Frame</P>
    <InstanceData>
      <P Name="LogSimulationData">off</P>
      <P Name="SimscapeInstrumentationLogging">off</P>
      <P Name="SimscapeInstrumentationVariables" Ref="bdmxdata:SimscapeInstrumentationVariables_633"/>
    </InstanceData>
  </Block>
  <Block BlockType="PMIOPort" Name="RoverRef" SID="634">
    <P Name="Position">[175, 38, 205, 52]</P>
    <P Name="ZOrder">100000</P>
    <P Name="FontSize">12</P>
    <P Name="Side">Left</P>
  </Block>
  <Block BlockType="PMIOPort" Name="B" SID="635">
    <P Name="Position">[-295, 188, -265, 202]</P>
    <P Name="ZOrder">100000</P>
    <P Name="FontSize">12</P>
    <P Name="Port">2</P>
    <P Name="Side">Left</P>
  </Block>
  <Block BlockType="PMIOPort" Name="ArmB" SID="636">
    <P Name="Position">[590, 68, 620, 82]</P>
    <P Name="ZOrder">100000</P>
    <P Name="BlockMirror">on</P>
    <P Name="FontSize">12</P>
    <P Name="Port">3</P>
    <P Name="Side">Right</P>
  </Block>
  <Block BlockType="PMIOPort" Name="SampleDropLoc" SID="637">
    <P Name="Position">[590, 118, 620, 132]</P>
    <P Name="ZOrder">100000</P>
    <P Name="BlockMirror">on</P>
    <P Name="FontSize">12</P>
    <P Name="Port">4</P>
    <P Name="Side">Right</P>
  </Block>
  <Block BlockType="PMIOPort" Name="F" SID="638">
    <P Name="Position">[-185, 228, -155, 242]</P>
    <P Name="ZOrder">100000</P>
    <P Name="BlockMirror">on</P>
    <P Name="FontSize">12</P>
    <P Name="Port">5</P>
    <P Name="Side">Right</P>
  </Block>
  <Line LineType="Connection">
    <P Name="FontSize">12</P>
    <P Name="ZOrder">6</P>
    <P Name="Src">147#lconn:1</P>
    <P Name="Dst">166#rconn:3</P>
  </Line>
  <Line LineType="Connection">
    <P Name="FontSize">12</P>
    <P Name="ZOrder">7</P>
    <P Name="Src">637#rconn:1</P>
    <P Name="Dst">166#rconn:2</P>
  </Line>
  <Line LineType="Connection">
    <P Name="FontSize">12</P>
    <P Name="ZOrder">8</P>
    <P Name="Src">635#rconn:1</P>
    <P Name="Dst">586#lconn:1</P>
  </Line>
  <Line LineType="Connection">
    <P Name="FontSize">12</P>
    <P Name="ZOrder">9</P>
    <P Name="Src">633#rconn:1</P>
    <P Name="Dst">147#rconn:1</P>
  </Line>
  <Line LineType="Connection">
    <P Name="FontSize">12</P>
    <P Name="ZOrder">10</P>
    <P Name="Src">636#rconn:1</P>
    <P Name="Dst">166#rconn:1</P>
  </Line>
  <Line LineType="Connection">
    <P Name="FontSize">12</P>
    <P Name="ZOrder">11</P>
    <P Name="Src">638#rconn:1</P>
    <P Name="Dst">586#rconn:1</P>
  </Line>
  <Line LineType="Connection">
    <P Name="FontSize">12</P>
    <P Name="ZOrder">12</P>
    <P Name="Src">634#rconn:1</P>
    <P Name="Points">[6, 0; 0, 50]</P>
    <P Name="Dst">166#lconn:1</P>
  </Line>
  <Line>
    <P Name="ZOrder">13</P>
    <P Name="Src">166#out:1</P>
    <P Name="Points">[35, 0; 0, 146; -574, 0; 0, -256]</P>
    <P Name="Dst">610#in:2</P>
  </Line>
  <Line>
    <P Name="ZOrder">14</P>
    <P Name="Src">586#out:1</P>
    <P Name="Points">[20, 0; 0, -55]</P>
    <P Name="Dst">478#in:1</P>
  </Line>
  <Line>
    <P Name="ZOrder">15</P>
    <P Name="Src">478#out:2</P>
    <P Name="Dst">621#in:1</P>
  </Line>
  <Line>
    <P Name="ZOrder">16</P>
    <P Name="Src">166#out:2</P>
    <P Name="Points">[19, 0; 0, 76; -545, 0; 0, -61]</P>
    <P Name="Dst">621#in:2</P>
  </Line>
  <Line>
    <P Name="ZOrder">17</P>
    <P Name="Src">586#out:2</P>
    <P Name="Points">[20, 0; 0, 20]</P>
    <P Name="Dst">478#in:2</P>
  </Line>
  <Line>
    <P Name="ZOrder">18</P>
    <P Name="Src">610#out:1</P>
    <P Name="Points">[28, 0; 0, 95]</P>
    <P Name="Dst">166#in:1</P>
  </Line>
  <Line>
    <P Name="ZOrder">19</P>
    <P Name="Src">478#out:1</P>
    <P Name="Points">[23, 0; 0, -60]</P>
    <P Name="Dst">610#in:1</P>
  </Line>
  <Line>
    <P Name="ZOrder">20</P>
    <P Name="Src">621#out:1</P>
    <P Name="Dst">166#in:2</P>
  </Line>
</System>
