<?xml version="1.0" encoding="utf-8"?>
<System>
  <P Name="Location">[28, 37, 1043, 887]</P>
  <P Name="ZoomFactor">85</P>
  <Block BlockType="Inport" Name="ActJointAngles" SID="1367">
    <P Name="Position">[895, 493, 925, 507]</P>
    <P Name="ZOrder">100000</P>
    <PortProperties>
      <Port Type="out" Index="1">
        <P Name="PropagatedSignals">y</P>
      </Port>
    </PortProperties>
  </Block>
  <Block BlockType="Inport" Name="SamplePosition" SID="1368">
    <P Name="Position">[495, 588, 525, 602]</P>
    <P Name="ZOrder">100000</P>
    <P Name="Port">2</P>
  </Block>
  <Block BlockType="Inport" Name="IsSamplePicked" SID="1369">
    <P Name="Position">[915, 623, 945, 637]</P>
    <P Name="ZOrder">100000</P>
    <P Name="Port">3</P>
  </Block>
  <Block BlockType="Inport" Name="IsSampleCollected" SID="1370">
    <P Name="Position">[915, 688, 945, 702]</P>
    <P Name="ZOrder">100000</P>
    <P Name="Port">4</P>
  </Block>
  <Block BlockType="EnablePort" Name="Enable" SID="1371">
    <PortCounts/>
    <P Name="Position">[980, 425, 1000, 445]</P>
    <P Name="ZOrder">100000</P>
  </Block>
  <Block BlockType="Sum" Name="Add2" SID="1372">
    <PortCounts in="2" out="1"/>
    <P Name="Position">[1245, 570, 1275, 605]</P>
    <P Name="ZOrder">100000</P>
    <P Name="IconShape">rectangular</P>
    <P Name="Inputs">+-</P>
  </Block>
  <Block BlockType="Clock" Name="Clock3" SID="1373">
    <P Name="Position">[925, 750, 945, 770]</P>
    <P Name="ZOrder">100000</P>
  </Block>
  <Block BlockType="Clock" Name="Clock4" SID="1374">
    <P Name="Position">[1200, 570, 1220, 590]</P>
    <P Name="ZOrder">100000</P>
  </Block>
  <Block BlockType="Constant" Name="Constant2" SID="1375">
    <P Name="Position">[460, 496, 580, 534]</P>
    <P Name="ZOrder">100000</P>
    <P Name="Value">eeConfig.Targets</P>
  </Block>
  <Block BlockType="Constant" Name="Constant3" SID="1376">
    <P Name="Position">[460, 536, 580, 574]</P>
    <P Name="ZOrder">100000</P>
    <P Name="Value">eeConfig.Ig</P>
  </Block>
  <Block BlockType="SubSystem" Name="Inverse Kinematics" SID="1377">
    <PortCounts in="4" out="1"/>
    <P Name="Position">[625, 497, 845, 653]</P>
    <P Name="ZOrder">100000</P>
    <P Name="ErrorFcn">Stateflow.Translate.translate</P>
    <P Name="PermitHierarchicalResolution">ExplicitOnly</P>
    <P Name="TreatAsAtomicUnit">on</P>
    <P Name="SFBlockType">MATLAB Function</P>
    <P Name="ContentPreviewEnabled">on</P>
    <PortProperties>
      <Port Type="out" Index="1">
        <P Name="PropagatedSignals">jointSpaceWayPts</P>
      </Port>
    </PortProperties>
    <System Ref="system_1377"/>
  </Block>
  <Block BlockType="SubSystem" Name="Task Scheduler" SID="1378">
    <PortCounts in="5" out="5"/>
    <P Name="Position">[980, 469, 1145, 791]</P>
    <P Name="ZOrder">100000</P>
    <P Name="ErrorFcn">Stateflow.Translate.translate</P>
    <P Name="PermitHierarchicalResolution">ExplicitOnly</P>
    <P Name="TreatAsAtomicUnit">on</P>
    <P Name="SFBlockType">MATLAB Function</P>
    <P Name="ContentPreviewEnabled">on</P>
    <Mask>
      <Display IconOpaque="opaque-with-ports" RunInitForIconRedraw="off"/>
    </Mask>
    <PortProperties>
      <Port Type="out" Index="1">
        <P Name="PropagatedSignals">wayPts</P>
      </Port>
      <Port Type="out" Index="2">
        <P Name="PropagatedSignals">reset_t</P>
      </Port>
      <Port Type="out" Index="3">
        <P Name="PropagatedSignals">samplePickCmd</P>
      </Port>
      <Port Type="out" Index="4">
        <P Name="PropagatedSignals">sampleDropCmd</P>
      </Port>
      <Port Type="out" Index="5">
        <P Name="PropagatedSignals">stop</P>
      </Port>
    </PortProperties>
    <System Ref="system_1378"/>
  </Block>
  <Block BlockType="Terminator" Name="Terminator2" SID="1379">
    <P Name="Position">[1490, 605, 1510, 625]</P>
    <P Name="ZOrder">100000</P>
  </Block>
  <Block BlockType="Terminator" Name="Terminator3" SID="1380">
    <P Name="Position">[1490, 640, 1510, 660]</P>
    <P Name="ZOrder">100000</P>
  </Block>
  <Block BlockType="Math" Name="Transpose" SID="1381">
    <PortCounts in="1" out="1"/>
    <P Name="Position">[1245, 624, 1275, 656]</P>
    <P Name="ZOrder">100000</P>
    <P Name="Operator">transpose</P>
  </Block>
  <Block BlockType="Reference" Name="Trapezoidal Velocity Profile Trajectory" SID="1382">
    <PortCounts in="2" out="3"/>
    <P Name="Position">[1315, 565, 1465, 665]</P>
    <P Name="ZOrder">100000</P>
    <P Name="HideAutomaticName">off</P>
    <P Name="LibraryVersion">11.0</P>
    <P Name="SourceBlock">robotcorelib/Trapezoidal Velocity Profile Trajectory</P>
    <P Name="SourceType">robotics.slcore.internal.block.TrapVelTrajSys</P>
    <InstanceData>
      <P Name="WaypointSource">External</P>
      <P Name="Waypoints">[ 0, -0.5, -1; 0, 0.5, 1 ]</P>
      <P Name="NumParams">1</P>
      <P Name="Parameter1">End Time</P>
      <P Name="Parameter2">End Time</P>
      <P Name="ParameterSource">Internal</P>
      <P Name="PeakVelocity">1</P>
      <P Name="Acceleration">[ 1; 2 ]</P>
      <P Name="EndTime">5</P>
      <P Name="AccelTime">[ 1; 2 ]</P>
      <P Name="SimulateUsing">Code generation</P>
    </InstanceData>
  </Block>
  <Block BlockType="UnitDelay" Name="Unit Delay1" SID="1383">
    <P Name="Position">[715, 678, 750, 712]</P>
    <P Name="ZOrder">100000</P>
    <P Name="BlockMirror">on</P>
    <P Name="NameLocation">top</P>
    <P Name="InitialCondition">zeros(7,6)</P>
    <P Name="SampleTime">-1</P>
    <P Name="HasFrameUpgradeWarning">on</P>
  </Block>
  <Block BlockType="Outport" Name="DesJointAngles" SID="1384">
    <P Name="Position">[1490, 573, 1520, 587]</P>
    <P Name="ZOrder">100000</P>
  </Block>
  <Block BlockType="Outport" Name="SamplePickCmd" SID="1385">
    <P Name="Position">[1180, 663, 1210, 677]</P>
    <P Name="ZOrder">100000</P>
    <P Name="Port">2</P>
  </Block>
  <Block BlockType="Outport" Name="SampleDropCmd" SID="1386">
    <P Name="Position">[1195, 723, 1225, 737]</P>
    <P Name="ZOrder">100000</P>
    <P Name="Port">3</P>
  </Block>
  <Block BlockType="Outport" Name="stop" SID="1387">
    <P Name="Position">[1220, 773, 1250, 787]</P>
    <P Name="ZOrder">100000</P>
    <P Name="Port">4</P>
  </Block>
  <Line>
    <P Name="ZOrder">1</P>
    <P Name="Src">1378#out:4</P>
    <P Name="Points">[20, 0; 0, 35]</P>
    <P Name="Dst">1386#in:1</P>
  </Line>
  <Line>
    <P Name="ZOrder">2</P>
    <P Name="Src">1368#out:1</P>
    <P Name="Dst">1377#in:3</P>
  </Line>
  <Line>
    <P Name="ZOrder">3</P>
    <P Name="Src">1378#out:3</P>
    <P Name="Points">[10, 0; 0, 40]</P>
    <P Name="Dst">1385#in:1</P>
  </Line>
  <Line>
    <P Name="ZOrder">4</P>
    <P Name="Src">1367#out:1</P>
    <P Name="Dst">1378#in:1</P>
  </Line>
  <Line>
    <P Name="ZOrder">5</P>
    <P Name="Src">1369#out:1</P>
    <P Name="Dst">1378#in:3</P>
  </Line>
  <Line>
    <P Name="ZOrder">6</P>
    <P Name="Src">1370#out:1</P>
    <P Name="Dst">1378#in:4</P>
  </Line>
  <Line>
    <P Name="ZOrder">7</P>
    <P Name="Src">1382#out:1</P>
    <P Name="Dst">1384#in:1</P>
  </Line>
  <Line>
    <P Name="ZOrder">8</P>
    <P Name="Src">1376#out:1</P>
    <P Name="Dst">1377#in:2</P>
  </Line>
  <Line>
    <P Name="ZOrder">9</P>
    <P Name="Src">1375#out:1</P>
    <P Name="Dst">1377#in:1</P>
  </Line>
  <Line>
    <P Name="ZOrder">10</P>
    <P Name="Src">1377#out:1</P>
    <P Name="Points">[19, 0]</P>
    <Branch>
      <P Name="ZOrder">11</P>
      <P Name="Points">[0, -10]</P>
      <P Name="Dst">1378#in:2</P>
    </Branch>
    <Branch>
      <P Name="ZOrder">12</P>
      <P Name="Points">[0, 120]</P>
      <P Name="Dst">1383#in:1</P>
    </Branch>
  </Line>
  <Line>
    <P Name="ZOrder">13</P>
    <P Name="Src">1383#out:1</P>
    <P Name="Points">[-100, 0]</P>
    <P Name="Dst">1377#in:4</P>
  </Line>
  <Line>
    <P Name="ZOrder">14</P>
    <P Name="Src">1373#out:1</P>
    <P Name="Dst">1378#in:5</P>
  </Line>
  <Line>
    <P Name="ZOrder">15</P>
    <P Name="Src">1374#out:1</P>
    <P Name="Dst">1372#in:1</P>
  </Line>
  <Line>
    <P Name="ZOrder">16</P>
    <P Name="Src">1382#out:3</P>
    <P Name="Dst">1380#in:1</P>
  </Line>
  <Line>
    <P Name="ZOrder">17</P>
    <P Name="Src">1382#out:2</P>
    <P Name="Dst">1379#in:1</P>
  </Line>
  <Line>
    <P Name="ZOrder">18</P>
    <P Name="Src">1378#out:2</P>
    <P Name="Points">[25, 0; 0, 30]</P>
    <P Name="Dst">1372#in:2</P>
  </Line>
  <Line>
    <P Name="ZOrder">19</P>
    <P Name="Src">1378#out:1</P>
    <P Name="Points">[35, 0; 0, 140]</P>
    <P Name="Dst">1381#in:1</P>
  </Line>
  <Line>
    <P Name="ZOrder">20</P>
    <P Name="Src">1381#out:1</P>
    <P Name="Dst">1382#in:2</P>
  </Line>
  <Line>
    <P Name="ZOrder">21</P>
    <P Name="Src">1372#out:1</P>
    <P Name="Dst">1382#in:1</P>
  </Line>
  <Line>
    <P Name="ZOrder">22</P>
    <P Name="Src">1378#out:5</P>
    <P Name="Points">[33, 0; 0, 20]</P>
    <P Name="Dst">1387#in:1</P>
  </Line>
  <Annotation SID="1389">
    <P Name="Name">End Effector Targets</P>
    <P Name="Position">[478, 639, 570, 654]</P>
    <P Name="InternalMargins">[0, 0, 0, 0]</P>
    <P Name="ZOrder">-1</P>
  </Annotation>
  <Annotation SID="1388">
    <P Name="Position">[449, 484, 599, 628]</P>
    <P Name="InternalMargins">[0, 0, 0, 0]</P>
    <P Name="FixedHeight">on</P>
    <P Name="FixedWidth">on</P>
    <P Name="ForegroundColor">white</P>
    <P Name="DropShadow">on</P>
    <P Name="AnnotationType">area_annotation</P>
    <P Name="ZOrder">-2</P>
    <P Name="FontSize">12</P>
  </Annotation>
</System>
