<?xml version="1.0" encoding="utf-8"?>
<System>
  <P Name="Location">[-8, -8, 1928, 1048]</P>
  <P Name="ZoomFactor">168</P>
  <Block BlockType="Inport" Name="In1" SID="1026">
    <P Name="Position">[0, 13, 30, 27]</P>
    <P Name="ZOrder">100000</P>
  </Block>
  <Block BlockType="Inport" Name="In2" SID="1027">
    <P Name="Position">[0, 73, 30, 87]</P>
    <P Name="ZOrder">100000</P>
    <P Name="Port">2</P>
  </Block>
  <Block BlockType="Mux" Name="Mux" SID="1028">
    <PortCounts in="2" out="1"/>
    <P Name="Position">[230, 36, 235, 74]</P>
    <P Name="ZOrder">100000</P>
    <P Name="Inputs">2</P>
    <P Name="DisplayOption">bar</P>
  </Block>
  <Block BlockType="Mux" Name="Mux1" SID="1029">
    <PortCounts in="2" out="1"/>
    <P Name="Position">[230, 111, 235, 149]</P>
    <P Name="ZOrder">100000</P>
    <P Name="Inputs">2</P>
    <P Name="DisplayOption">bar</P>
  </Block>
  <Block BlockType="Mux" Name="Mux2" SID="1030">
    <PortCounts in="2" out="1"/>
    <P Name="Position">[230, 186, 235, 224]</P>
    <P Name="ZOrder">100000</P>
    <P Name="Inputs">2</P>
    <P Name="DisplayOption">bar</P>
  </Block>
  <Block BlockType="Mux" Name="Mux3" SID="1031">
    <PortCounts in="2" out="1"/>
    <P Name="Position">[230, 271, 235, 309]</P>
    <P Name="ZOrder">100000</P>
    <P Name="Inputs">2</P>
    <P Name="DisplayOption">bar</P>
  </Block>
  <Block BlockType="Selector" Name="Select" SID="1032">
    <PortCounts in="1" out="1"/>
    <P Name="Position">[90, 21, 120, 39]</P>
    <P Name="ZOrder">100000</P>
    <P Name="InputPortWidth">4</P>
    <P Name="IndexOptions">Index vector (dialog)</P>
    <P Name="Indices">1</P>
    <P Name="OutputSizes">1</P>
  </Block>
  <Block BlockType="Selector" Name="Select1" SID="1033">
    <PortCounts in="1" out="1"/>
    <P Name="Position">[90, 56, 120, 74]</P>
    <P Name="ZOrder">100000</P>
    <P Name="InputPortWidth">4</P>
    <P Name="IndexOptions">Index vector (dialog)</P>
    <P Name="Indices">1</P>
    <P Name="OutputSizes">1</P>
  </Block>
  <Block BlockType="Selector" Name="Select2" SID="1034">
    <PortCounts in="1" out="1"/>
    <P Name="Position">[90, 96, 120, 114]</P>
    <P Name="ZOrder">100000</P>
    <P Name="InputPortWidth">4</P>
    <P Name="IndexOptions">Index vector (dialog)</P>
    <P Name="Indices">2</P>
    <P Name="OutputSizes">1</P>
  </Block>
  <Block BlockType="Selector" Name="Select3" SID="1035">
    <PortCounts in="1" out="1"/>
    <P Name="Position">[90, 131, 120, 149]</P>
    <P Name="ZOrder">100000</P>
    <P Name="InputPortWidth">4</P>
    <P Name="IndexOptions">Index vector (dialog)</P>
    <P Name="Indices">2</P>
    <P Name="OutputSizes">1</P>
  </Block>
  <Block BlockType="Selector" Name="Select4" SID="1036">
    <PortCounts in="1" out="1"/>
    <P Name="Position">[90, 171, 120, 189]</P>
    <P Name="ZOrder">100000</P>
    <P Name="InputPortWidth">4</P>
    <P Name="IndexOptions">Index vector (dialog)</P>
    <P Name="Indices">3</P>
    <P Name="OutputSizes">1</P>
  </Block>
  <Block BlockType="Selector" Name="Select5" SID="1037">
    <PortCounts in="1" out="1"/>
    <P Name="Position">[90, 206, 120, 224]</P>
    <P Name="ZOrder">100000</P>
    <P Name="InputPortWidth">4</P>
    <P Name="IndexOptions">Index vector (dialog)</P>
    <P Name="Indices">3</P>
    <P Name="OutputSizes">1</P>
  </Block>
  <Block BlockType="Selector" Name="Select6" SID="1038">
    <PortCounts in="1" out="1"/>
    <P Name="Position">[90, 251, 120, 269]</P>
    <P Name="ZOrder">100000</P>
    <P Name="InputPortWidth">4</P>
    <P Name="IndexOptions">Index vector (dialog)</P>
    <P Name="Indices">4</P>
    <P Name="OutputSizes">1</P>
  </Block>
  <Block BlockType="Selector" Name="Select7" SID="1039">
    <PortCounts in="1" out="1"/>
    <P Name="Position">[90, 291, 120, 309]</P>
    <P Name="ZOrder">100000</P>
    <P Name="InputPortWidth">4</P>
    <P Name="IndexOptions">Index vector (dialog)</P>
    <P Name="Indices">4</P>
    <P Name="OutputSizes">1</P>
  </Block>
  <Block BlockType="Outport" Name="Out1" SID="1040">
    <P Name="Position">[280, 48, 310, 62]</P>
    <P Name="ZOrder">100000</P>
  </Block>
  <Block BlockType="Outport" Name="Out2" SID="1041">
    <P Name="Position">[290, 123, 320, 137]</P>
    <P Name="ZOrder">100000</P>
    <P Name="Port">2</P>
  </Block>
  <Block BlockType="Outport" Name="Out3" SID="1042">
    <P Name="Position">[290, 198, 320, 212]</P>
    <P Name="ZOrder">100000</P>
    <P Name="Port">3</P>
  </Block>
  <Block BlockType="Outport" Name="Out5" SID="1043">
    <P Name="Position">[290, 273, 320, 287]</P>
    <P Name="ZOrder">100000</P>
    <P Name="Port">4</P>
  </Block>
  <Line>
    <P Name="ZOrder">1</P>
    <P Name="Src">1039#out:1</P>
    <P Name="Dst">1031#in:2</P>
  </Line>
  <Line>
    <P Name="ZOrder">2</P>
    <P Name="Src">1031#out:1</P>
    <P Name="Points">[20, 0; 0, -10]</P>
    <P Name="Dst">1043#in:1</P>
  </Line>
  <Line>
    <P Name="ZOrder">3</P>
    <P Name="Src">1038#out:1</P>
    <P Name="Points">[94, 0; 0, 20]</P>
    <P Name="Dst">1031#in:1</P>
  </Line>
  <Line>
    <P Name="ZOrder">4</P>
    <P Name="Src">1036#out:1</P>
    <P Name="Points">[94, 0; 0, 15]</P>
    <P Name="Dst">1030#in:1</P>
  </Line>
  <Line>
    <P Name="ZOrder">5</P>
    <P Name="Src">1030#out:1</P>
    <P Name="Dst">1042#in:1</P>
  </Line>
  <Line>
    <P Name="ZOrder">6</P>
    <P Name="Src">1037#out:1</P>
    <P Name="Dst">1030#in:2</P>
  </Line>
  <Line>
    <P Name="ZOrder">7</P>
    <P Name="Src">1035#out:1</P>
    <P Name="Dst">1029#in:2</P>
  </Line>
  <Line>
    <P Name="ZOrder">8</P>
    <P Name="Src">1029#out:1</P>
    <P Name="Dst">1041#in:1</P>
  </Line>
  <Line>
    <P Name="ZOrder">9</P>
    <P Name="Src">1034#out:1</P>
    <P Name="Points">[94, 0; 0, 15]</P>
    <P Name="Dst">1029#in:1</P>
  </Line>
  <Line>
    <P Name="ZOrder">10</P>
    <P Name="Src">1027#out:1</P>
    <P Name="Points">[11, 0]</P>
    <Branch>
      <P Name="ZOrder">11</P>
      <P Name="Points">[14, 0; 0, -15]</P>
      <P Name="Dst">1033#in:1</P>
    </Branch>
    <Branch>
      <P Name="ZOrder">12</P>
      <P Name="Points">[0, 60]</P>
      <Branch>
        <P Name="ZOrder">13</P>
        <P Name="Dst">1035#in:1</P>
      </Branch>
      <Branch>
        <P Name="ZOrder">14</P>
        <P Name="Points">[0, 75]</P>
        <Branch>
          <P Name="ZOrder">15</P>
          <P Name="Points">[0, 85]</P>
          <P Name="Dst">1039#in:1</P>
        </Branch>
        <Branch>
          <P Name="ZOrder">16</P>
          <P Name="Dst">1037#in:1</P>
        </Branch>
      </Branch>
    </Branch>
  </Line>
  <Line>
    <P Name="ZOrder">17</P>
    <P Name="Src">1032#out:1</P>
    <P Name="Points">[94, 0; 0, 15]</P>
    <P Name="Dst">1028#in:1</P>
  </Line>
  <Line>
    <P Name="ZOrder">18</P>
    <P Name="Src">1026#out:1</P>
    <P Name="Points">[25, 0; 0, 10]</P>
    <Branch>
      <P Name="ZOrder">19</P>
      <P Name="Dst">1032#in:1</P>
    </Branch>
    <Branch>
      <P Name="ZOrder">20</P>
      <P Name="Points">[0, 13; 14, 0; 0, 62]</P>
      <Branch>
        <P Name="ZOrder">21</P>
        <P Name="Dst">1034#in:1</P>
      </Branch>
      <Branch>
        <P Name="ZOrder">22</P>
        <P Name="Points">[0, 75]</P>
        <Branch>
          <P Name="ZOrder">23</P>
          <P Name="Dst">1036#in:1</P>
        </Branch>
        <Branch>
          <P Name="ZOrder">24</P>
          <P Name="Points">[0, 80]</P>
          <P Name="Dst">1038#in:1</P>
        </Branch>
      </Branch>
    </Branch>
  </Line>
  <Line>
    <P Name="ZOrder">25</P>
    <P Name="Src">1028#out:1</P>
    <P Name="Dst">1040#in:1</P>
  </Line>
  <Line>
    <P Name="ZOrder">26</P>
    <P Name="Src">1033#out:1</P>
    <P Name="Dst">1028#in:2</P>
  </Line>
</System>
