<?xml version="1.0" encoding="utf-8"?>
<System>
  <P Name="Location">[-1, -7, 1537, 817]</P>
  <Block BlockType="SubSystem" Name="rsm_base_1_RIGID" SID="170">
    <PortCounts lconn="2"/>
    <P Name="Position">[225, 150, 265, 190]</P>
    <P Name="ZOrder">18</P>
    <P Name="ContentPreviewEnabled">on</P>
    <Mask>
      <Display RunInitForIconRedraw="off"/>
    </Mask>
    <System Ref="system_170"/>
  </Block>
  <Block BlockType="SubSystem" Name="rsm_head_1_RIGID" SID="176">
    <PortCounts lconn="1"/>
    <P Name="Position">[520, 140, 560, 180]</P>
    <P Name="ZOrder">19</P>
    <P Name="ContentPreviewEnabled">on</P>
    <Mask>
      <Display RunInitForIconRedraw="off"/>
    </Mask>
    <System Ref="system_176"/>
  </Block>
  <Block BlockType="SubSystem" Name="rsm_lower_mast_2_RIGID" SID="182">
    <PortCounts lconn="1" rconn="1"/>
    <P Name="Position">[265, 232, 325, 278]</P>
    <P Name="ZOrder">53</P>
    <P Name="ContentPreviewEnabled">on</P>
    <Mask>
      <Display RunInitForIconRedraw="off"/>
    </Mask>
    <System Ref="system_182"/>
  </Block>
  <Block BlockType="SubSystem" Name="rsm_outer_ring_1_RIGID" SID="193">
    <PortCounts lconn="2"/>
    <P Name="Position">[410, 225, 450, 265]</P>
    <P Name="ZOrder">21</P>
    <P Name="ContentPreviewEnabled">on</P>
    <Mask>
      <Display RunInitForIconRedraw="off"/>
    </Mask>
    <System Ref="system_193"/>
  </Block>
  <Block BlockType="SubSystem" Name="rsm_upper_mast_1_RIGID" SID="197">
    <PortCounts lconn="1" rconn="1"/>
    <P Name="Position">[410, 140, 450, 180]</P>
    <P Name="ZOrder">22</P>
    <P Name="ContentPreviewEnabled">on</P>
    <Mask>
      <Display RunInitForIconRedraw="off"/>
    </Mask>
    <System Ref="system_197"/>
  </Block>
  <Block BlockType="PMIOPort" Name="CB" SID="203">
    <P Name="Position">[140, 138, 170, 152]</P>
    <P Name="ZOrder">23</P>
    <P Name="Side">Left</P>
  </Block>
  <Line LineType="Connection">
    <P Name="ZOrder">1</P>
    <P Name="Src">182#rconn:1</P>
    <P Name="Dst">193#lconn:2</P>
  </Line>
  <Line LineType="Connection">
    <P Name="ZOrder">2</P>
    <P Name="Src">182#lconn:1</P>
    <P Name="Points">[-70, 0; 0, -75]</P>
    <P Name="Dst">170#lconn:2</P>
  </Line>
  <Line LineType="Connection">
    <P Name="ZOrder">3</P>
    <P Name="Src">176#lconn:1</P>
    <P Name="Dst">197#rconn:1</P>
  </Line>
  <Line LineType="Connection">
    <P Name="ZOrder">4</P>
    <P Name="Src">193#lconn:1</P>
    <P Name="Points">[-45, 0; 0, -75]</P>
    <P Name="Dst">197#lconn:1</P>
  </Line>
  <Line LineType="Connection">
    <P Name="ZOrder">5</P>
    <P Name="Src">170#lconn:1</P>
    <P Name="Points">[-12, 0; 0, -15]</P>
    <P Name="Dst">203#rconn:1</P>
  </Line>
</System>
