<?xml version="1.0" encoding="utf-8"?>
<System>
  <P Name="Location">[-8, -8, 1928, 1048]</P>
  <P Name="ZoomFactor">168</P>
  <Block BlockType="Inport" Name="In1" SID="931">
    <P Name="Position">[0, 13, 30, 27]</P>
    <P Name="ZOrder">100000</P>
  </Block>
  <Block BlockType="Inport" Name="In2" SID="932">
    <P Name="Position">[0, 73, 30, 87]</P>
    <P Name="ZOrder">100000</P>
    <P Name="Port">2</P>
    <PortProperties>
      <Port Type="out" Index="1">
        <P Name="PropagatedSignals">y</P>
      </Port>
    </PortProperties>
  </Block>
  <Block BlockType="Mux" Name="Mux" SID="933">
    <PortCounts in="2" out="1"/>
    <P Name="Position">[230, 36, 235, 74]</P>
    <P Name="ZOrder">100000</P>
    <P Name="Inputs">2</P>
    <P Name="DisplayOption">bar</P>
  </Block>
  <Block BlockType="Mux" Name="Mux1" SID="934">
    <PortCounts in="2" out="1"/>
    <P Name="Position">[230, 111, 235, 149]</P>
    <P Name="ZOrder">100000</P>
    <P Name="Inputs">2</P>
    <P Name="DisplayOption">bar</P>
  </Block>
  <Block BlockType="Mux" Name="Mux2" SID="935">
    <PortCounts in="2" out="1"/>
    <P Name="Position">[230, 186, 235, 224]</P>
    <P Name="ZOrder">100000</P>
    <P Name="Inputs">2</P>
    <P Name="DisplayOption">bar</P>
  </Block>
  <Block BlockType="Mux" Name="Mux3" SID="936">
    <PortCounts in="2" out="1"/>
    <P Name="Position">[230, 271, 235, 309]</P>
    <P Name="ZOrder">100000</P>
    <P Name="Inputs">2</P>
    <P Name="DisplayOption">bar</P>
  </Block>
  <Block BlockType="Mux" Name="Mux4" SID="937">
    <PortCounts in="2" out="1"/>
    <P Name="Position">[230, 346, 235, 384]</P>
    <P Name="ZOrder">100000</P>
    <P Name="Inputs">2</P>
    <P Name="DisplayOption">bar</P>
  </Block>
  <Block BlockType="Mux" Name="Mux5" SID="938">
    <PortCounts in="2" out="1"/>
    <P Name="Position">[230, 426, 235, 464]</P>
    <P Name="ZOrder">100000</P>
    <P Name="Inputs">2</P>
    <P Name="DisplayOption">bar</P>
  </Block>
  <Block BlockType="Selector" Name="Select" SID="939">
    <PortCounts in="1" out="1"/>
    <P Name="Position">[90, 21, 120, 39]</P>
    <P Name="ZOrder">100000</P>
    <P Name="InputPortWidth">6</P>
    <P Name="IndexOptions">Index vector (dialog)</P>
    <P Name="Indices">1</P>
    <P Name="OutputSizes">1</P>
    <PortProperties>
      <Port Type="out" Index="1">
        <P Name="Name">DesSpeed</P>
      </Port>
    </PortProperties>
  </Block>
  <Block BlockType="Selector" Name="Select1" SID="940">
    <PortCounts in="1" out="1"/>
    <P Name="Position">[90, 56, 120, 74]</P>
    <P Name="ZOrder">100000</P>
    <P Name="InputPortWidth">6</P>
    <P Name="IndexOptions">Index vector (dialog)</P>
    <P Name="Indices">1</P>
    <P Name="OutputSizes">1</P>
    <PortProperties>
      <Port Type="out" Index="1">
        <P Name="Name">ActSpeed</P>
      </Port>
    </PortProperties>
  </Block>
  <Block BlockType="Selector" Name="Select10" SID="941">
    <PortCounts in="1" out="1"/>
    <P Name="Position">[90, 411, 120, 429]</P>
    <P Name="ZOrder">100000</P>
    <P Name="InputPortWidth">6</P>
    <P Name="IndexOptions">Index vector (dialog)</P>
    <P Name="Indices">6</P>
    <P Name="OutputSizes">1</P>
    <PortProperties>
      <Port Type="out" Index="1">
        <P Name="Name">DesSpeed</P>
      </Port>
    </PortProperties>
  </Block>
  <Block BlockType="Selector" Name="Select11" SID="942">
    <PortCounts in="1" out="1"/>
    <P Name="Position">[90, 446, 120, 464]</P>
    <P Name="ZOrder">100000</P>
    <P Name="InputPortWidth">6</P>
    <P Name="IndexOptions">Index vector (dialog)</P>
    <P Name="Indices">6</P>
    <P Name="OutputSizes">1</P>
    <PortProperties>
      <Port Type="out" Index="1">
        <P Name="Name">ActSpeed</P>
      </Port>
    </PortProperties>
  </Block>
  <Block BlockType="Selector" Name="Select2" SID="943">
    <PortCounts in="1" out="1"/>
    <P Name="Position">[90, 96, 120, 114]</P>
    <P Name="ZOrder">100000</P>
    <P Name="InputPortWidth">6</P>
    <P Name="IndexOptions">Index vector (dialog)</P>
    <P Name="Indices">2</P>
    <P Name="OutputSizes">1</P>
    <PortProperties>
      <Port Type="out" Index="1">
        <P Name="Name">DesSpeed</P>
      </Port>
    </PortProperties>
  </Block>
  <Block BlockType="Selector" Name="Select3" SID="944">
    <PortCounts in="1" out="1"/>
    <P Name="Position">[90, 131, 120, 149]</P>
    <P Name="ZOrder">100000</P>
    <P Name="InputPortWidth">6</P>
    <P Name="IndexOptions">Index vector (dialog)</P>
    <P Name="Indices">2</P>
    <P Name="OutputSizes">1</P>
    <PortProperties>
      <Port Type="out" Index="1">
        <P Name="Name">ActSpeed</P>
      </Port>
    </PortProperties>
  </Block>
  <Block BlockType="Selector" Name="Select4" SID="945">
    <PortCounts in="1" out="1"/>
    <P Name="Position">[90, 171, 120, 189]</P>
    <P Name="ZOrder">100000</P>
    <P Name="InputPortWidth">6</P>
    <P Name="IndexOptions">Index vector (dialog)</P>
    <P Name="Indices">3</P>
    <P Name="OutputSizes">1</P>
    <PortProperties>
      <Port Type="out" Index="1">
        <P Name="Name">DesSpeed</P>
      </Port>
    </PortProperties>
  </Block>
  <Block BlockType="Selector" Name="Select5" SID="946">
    <PortCounts in="1" out="1"/>
    <P Name="Position">[90, 206, 120, 224]</P>
    <P Name="ZOrder">100000</P>
    <P Name="InputPortWidth">6</P>
    <P Name="IndexOptions">Index vector (dialog)</P>
    <P Name="Indices">3</P>
    <P Name="OutputSizes">1</P>
    <PortProperties>
      <Port Type="out" Index="1">
        <P Name="Name">ActSpeed</P>
      </Port>
    </PortProperties>
  </Block>
  <Block BlockType="Selector" Name="Select6" SID="947">
    <PortCounts in="1" out="1"/>
    <P Name="Position">[90, 256, 120, 274]</P>
    <P Name="ZOrder">100000</P>
    <P Name="InputPortWidth">6</P>
    <P Name="IndexOptions">Index vector (dialog)</P>
    <P Name="Indices">4</P>
    <P Name="OutputSizes">1</P>
    <PortProperties>
      <Port Type="out" Index="1">
        <P Name="Name">DesSpeed</P>
      </Port>
    </PortProperties>
  </Block>
  <Block BlockType="Selector" Name="Select7" SID="948">
    <PortCounts in="1" out="1"/>
    <P Name="Position">[90, 291, 120, 309]</P>
    <P Name="ZOrder">100000</P>
    <P Name="InputPortWidth">6</P>
    <P Name="IndexOptions">Index vector (dialog)</P>
    <P Name="Indices">4</P>
    <P Name="OutputSizes">1</P>
    <PortProperties>
      <Port Type="out" Index="1">
        <P Name="Name">ActSpeed</P>
      </Port>
    </PortProperties>
  </Block>
  <Block BlockType="Selector" Name="Select8" SID="949">
    <PortCounts in="1" out="1"/>
    <P Name="Position">[90, 331, 120, 349]</P>
    <P Name="ZOrder">100000</P>
    <P Name="InputPortWidth">6</P>
    <P Name="IndexOptions">Index vector (dialog)</P>
    <P Name="Indices">5</P>
    <P Name="OutputSizes">1</P>
    <PortProperties>
      <Port Type="out" Index="1">
        <P Name="Name">DesSpeed</P>
      </Port>
    </PortProperties>
  </Block>
  <Block BlockType="Selector" Name="Select9" SID="950">
    <PortCounts in="1" out="1"/>
    <P Name="Position">[90, 366, 120, 384]</P>
    <P Name="ZOrder">100000</P>
    <P Name="InputPortWidth">6</P>
    <P Name="IndexOptions">Index vector (dialog)</P>
    <P Name="Indices">5</P>
    <P Name="OutputSizes">1</P>
    <PortProperties>
      <Port Type="out" Index="1">
        <P Name="Name">ActSpeed</P>
      </Port>
    </PortProperties>
  </Block>
  <Block BlockType="Outport" Name="Out1" SID="951">
    <P Name="Position">[280, 48, 310, 62]</P>
    <P Name="ZOrder">100000</P>
  </Block>
  <Block BlockType="Outport" Name="Out2" SID="952">
    <P Name="Position">[290, 123, 320, 137]</P>
    <P Name="ZOrder">100000</P>
    <P Name="Port">2</P>
  </Block>
  <Block BlockType="Outport" Name="Out3" SID="953">
    <P Name="Position">[290, 198, 320, 212]</P>
    <P Name="ZOrder">100000</P>
    <P Name="Port">3</P>
  </Block>
  <Block BlockType="Outport" Name="Out5" SID="954">
    <P Name="Position">[290, 273, 320, 287]</P>
    <P Name="ZOrder">100000</P>
    <P Name="Port">4</P>
  </Block>
  <Block BlockType="Outport" Name="Out4" SID="955">
    <P Name="Position">[290, 358, 320, 372]</P>
    <P Name="ZOrder">100000</P>
    <P Name="Port">5</P>
  </Block>
  <Block BlockType="Outport" Name="Out6" SID="956">
    <P Name="Position">[290, 438, 320, 452]</P>
    <P Name="ZOrder">100000</P>
    <P Name="Port">6</P>
  </Block>
  <Line>
    <P Name="Name">ActSpeed</P>
    <P Name="ZOrder">1</P>
    <P Name="Labels">[1, 1]</P>
    <P Name="Src">942#out:1</P>
    <P Name="Dst">938#in:2</P>
  </Line>
  <Line>
    <P Name="ZOrder">2</P>
    <P Name="Src">938#out:1</P>
    <P Name="Dst">956#in:1</P>
  </Line>
  <Line>
    <P Name="Name">DesSpeed</P>
    <P Name="ZOrder">3</P>
    <P Name="Labels">[1, 1]</P>
    <P Name="Src">941#out:1</P>
    <P Name="Points">[94, 0; 0, 15]</P>
    <P Name="Dst">938#in:1</P>
  </Line>
  <Line>
    <P Name="Name">DesSpeed</P>
    <P Name="ZOrder">4</P>
    <P Name="Labels">[1, 1]</P>
    <P Name="Src">949#out:1</P>
    <P Name="Points">[94, 0; 0, 15]</P>
    <P Name="Dst">937#in:1</P>
  </Line>
  <Line>
    <P Name="ZOrder">5</P>
    <P Name="Src">937#out:1</P>
    <P Name="Dst">955#in:1</P>
  </Line>
  <Line>
    <P Name="Name">ActSpeed</P>
    <P Name="ZOrder">6</P>
    <P Name="Labels">[1, 1]</P>
    <P Name="Src">950#out:1</P>
    <P Name="Dst">937#in:2</P>
  </Line>
  <Line>
    <P Name="Name">ActSpeed</P>
    <P Name="ZOrder">7</P>
    <P Name="Labels">[1, 1]</P>
    <P Name="Src">948#out:1</P>
    <P Name="Dst">936#in:2</P>
  </Line>
  <Line>
    <P Name="ZOrder">8</P>
    <P Name="Src">936#out:1</P>
    <P Name="Points">[20, 0; 0, -10]</P>
    <P Name="Dst">954#in:1</P>
  </Line>
  <Line>
    <P Name="Name">DesSpeed</P>
    <P Name="ZOrder">9</P>
    <P Name="Labels">[1, 1]</P>
    <P Name="Src">947#out:1</P>
    <P Name="Points">[94, 0; 0, 15]</P>
    <P Name="Dst">936#in:1</P>
  </Line>
  <Line>
    <P Name="Name">DesSpeed</P>
    <P Name="ZOrder">10</P>
    <P Name="Labels">[1, 1]</P>
    <P Name="Src">945#out:1</P>
    <P Name="Points">[94, 0; 0, 15]</P>
    <P Name="Dst">935#in:1</P>
  </Line>
  <Line>
    <P Name="ZOrder">11</P>
    <P Name="Src">935#out:1</P>
    <P Name="Dst">953#in:1</P>
  </Line>
  <Line>
    <P Name="Name">ActSpeed</P>
    <P Name="ZOrder">12</P>
    <P Name="Labels">[1, 1]</P>
    <P Name="Src">946#out:1</P>
    <P Name="Dst">935#in:2</P>
  </Line>
  <Line>
    <P Name="Name">ActSpeed</P>
    <P Name="ZOrder">13</P>
    <P Name="Labels">[1, 1]</P>
    <P Name="Src">944#out:1</P>
    <P Name="Dst">934#in:2</P>
  </Line>
  <Line>
    <P Name="ZOrder">14</P>
    <P Name="Src">934#out:1</P>
    <P Name="Dst">952#in:1</P>
  </Line>
  <Line>
    <P Name="Name">DesSpeed</P>
    <P Name="ZOrder">15</P>
    <P Name="Labels">[1, 1]</P>
    <P Name="Src">943#out:1</P>
    <P Name="Points">[94, 0; 0, 15]</P>
    <P Name="Dst">934#in:1</P>
  </Line>
  <Line>
    <P Name="ZOrder">16</P>
    <P Name="Src">932#out:1</P>
    <P Name="Points">[11, 0]</P>
    <Branch>
      <P Name="ZOrder">17</P>
      <P Name="Points">[14, 0; 0, -15]</P>
      <P Name="Dst">940#in:1</P>
    </Branch>
    <Branch>
      <P Name="ZOrder">18</P>
      <P Name="Points">[0, 60]</P>
      <Branch>
        <P Name="ZOrder">19</P>
        <P Name="Dst">944#in:1</P>
      </Branch>
      <Branch>
        <P Name="ZOrder">20</P>
        <P Name="Points">[0, 75]</P>
        <Branch>
          <P Name="ZOrder">21</P>
          <P Name="Dst">946#in:1</P>
        </Branch>
        <Branch>
          <P Name="ZOrder">22</P>
          <P Name="Points">[0, 85]</P>
          <Branch>
            <P Name="ZOrder">23</P>
            <P Name="Dst">948#in:1</P>
          </Branch>
          <Branch>
            <P Name="ZOrder">24</P>
            <P Name="Points">[0, 75]</P>
            <Branch>
              <P Name="ZOrder">25</P>
              <P Name="Dst">950#in:1</P>
            </Branch>
            <Branch>
              <P Name="ZOrder">26</P>
              <P Name="Points">[0, 80]</P>
              <P Name="Dst">942#in:1</P>
            </Branch>
          </Branch>
        </Branch>
      </Branch>
    </Branch>
  </Line>
  <Line>
    <P Name="Name">DesSpeed</P>
    <P Name="ZOrder">27</P>
    <P Name="Labels">[1, 1]</P>
    <P Name="Src">939#out:1</P>
    <P Name="Points">[94, 0; 0, 15]</P>
    <P Name="Dst">933#in:1</P>
  </Line>
  <Line>
    <P Name="ZOrder">28</P>
    <P Name="Src">931#out:1</P>
    <P Name="Points">[25, 0; 0, 10]</P>
    <Branch>
      <P Name="ZOrder">29</P>
      <P Name="Dst">939#in:1</P>
    </Branch>
    <Branch>
      <P Name="ZOrder">30</P>
      <P Name="Points">[0, 13; 14, 0; 0, 62]</P>
      <Branch>
        <P Name="ZOrder">31</P>
        <P Name="Dst">943#in:1</P>
      </Branch>
      <Branch>
        <P Name="ZOrder">32</P>
        <P Name="Points">[0, 75]</P>
        <Branch>
          <P Name="ZOrder">33</P>
          <P Name="Dst">945#in:1</P>
        </Branch>
        <Branch>
          <P Name="ZOrder">34</P>
          <P Name="Points">[0, 85]</P>
          <Branch>
            <P Name="ZOrder">35</P>
            <P Name="Dst">947#in:1</P>
          </Branch>
          <Branch>
            <P Name="ZOrder">36</P>
            <P Name="Points">[0, 75]</P>
            <Branch>
              <P Name="ZOrder">37</P>
              <P Name="Dst">949#in:1</P>
            </Branch>
            <Branch>
              <P Name="ZOrder">38</P>
              <P Name="Points">[0, 80]</P>
              <P Name="Dst">941#in:1</P>
            </Branch>
          </Branch>
        </Branch>
      </Branch>
    </Branch>
  </Line>
  <Line>
    <P Name="ZOrder">39</P>
    <P Name="Src">933#out:1</P>
    <P Name="Dst">951#in:1</P>
  </Line>
  <Line>
    <P Name="Name">ActSpeed</P>
    <P Name="ZOrder">40</P>
    <P Name="Labels">[1, 1]</P>
    <P Name="Src">940#out:1</P>
    <P Name="Dst">933#in:2</P>
  </Line>
</System>
