<?xml version="1.0" encoding="utf-8"?>
<System>
  <P Name="Location">[-1, -7, 1537, 817]</P>
  <P Name="ZoomFactor">80</P>
  <Block BlockType="Inport" Name="CurrentPose" SID="479">
    <P Name="Position">[760, 558, 790, 572]</P>
    <P Name="ZOrder">100000</P>
  </Block>
  <Block BlockType="Inport" Name="vSpeed" SID="480">
    <P Name="Position">[1480, 358, 1510, 372]</P>
    <P Name="ZOrder">100000</P>
    <P Name="Port">2</P>
    <PortProperties>
      <Port Type="out" Index="1">
        <P Name="PropagatedSignals">y</P>
      </Port>
    </PortProperties>
  </Block>
  <Block BlockType="Logic" Name="AND" SID="481">
    <PortCounts in="2" out="1"/>
    <P Name="Position">[1595, 359, 1625, 381]</P>
    <P Name="ZOrder">100000</P>
    <P Name="FontSize">12</P>
    <P Name="IconShape">distinctive</P>
    <P Name="AllPortsSameDT">off</P>
    <P Name="OutDataTypeStr">boolean</P>
  </Block>
  <Block BlockType="SubSystem" Name="Ackerman Steer Angle" SID="482">
    <PortCounts in="1" out="4"/>
    <P Name="Position">[1230, 512, 1385, 718]</P>
    <P Name="ZOrder">100000</P>
    <P Name="FontSize">12</P>
    <P Name="ContentPreviewEnabled">on</P>
    <Mask>
      <Display RunInitForIconRedraw="off"/>
    </Mask>
    <PortProperties>
      <Port Type="out" Index="2">
        <P Name="PropagatedSignals">R</P>
      </Port>
      <Port Type="out" Index="3">
        <P Name="PropagatedSignals">L_R</P>
      </Port>
      <Port Type="out" Index="4">
        <P Name="PropagatedSignals">R_R</P>
      </Port>
    </PortProperties>
    <System Ref="system_482"/>
  </Block>
  <Block BlockType="SubSystem" Name="Chassis Velocity To Wheel Speed" SID="511">
    <PortCounts in="7" out="6"/>
    <P Name="Position">[1575, 397, 1720, 703]</P>
    <P Name="ZOrder">100000</P>
    <P Name="FontSize">12</P>
    <P Name="ErrorFcn">Stateflow.Translate.translate</P>
    <P Name="PermitHierarchicalResolution">ExplicitOnly</P>
    <P Name="TreatAsAtomicUnit">on</P>
    <P Name="SFBlockType">MATLAB Function</P>
    <P Name="ContentPreviewEnabled">on</P>
    <PortProperties>
      <Port Type="out" Index="1">
        <P Name="PropagatedSignals">wheel_speed_LF</P>
      </Port>
      <Port Type="out" Index="2">
        <P Name="PropagatedSignals">wheel_speed_LM</P>
      </Port>
      <Port Type="out" Index="3">
        <P Name="PropagatedSignals">wheel_speed_LB</P>
      </Port>
      <Port Type="out" Index="4">
        <P Name="PropagatedSignals">wheel_speed_RF</P>
      </Port>
      <Port Type="out" Index="5">
        <P Name="PropagatedSignals">wheel_speed_RM</P>
      </Port>
      <Port Type="out" Index="6">
        <P Name="PropagatedSignals">wheel_speed_RB</P>
      </Port>
    </PortProperties>
    <System Ref="system_511"/>
  </Block>
  <Block BlockType="SubSystem" Name="Check Distance To Goal" SID="512">
    <PortCounts in="3" out="2"/>
    <P Name="Position">[1045, 475, 1115, 565]</P>
    <P Name="ZOrder">100000</P>
    <P Name="FontSize">12</P>
    <P Name="ContentPreviewEnabled">on</P>
    <Mask>
      <Display RunInitForIconRedraw="off"/>
    </Mask>
    <System Ref="system_512"/>
  </Block>
  <Block BlockType="Clock" Name="Clock3" SID="535">
    <P Name="Position">[1205, 355, 1225, 375]</P>
    <P Name="ZOrder">100000</P>
    <P Name="FontSize">12</P>
  </Block>
  <Block BlockType="Reference" Name="Compare&#xA;To Constant" SID="536">
    <PortCounts in="1" out="1"/>
    <P Name="Position">[1530, 350, 1560, 380]</P>
    <P Name="ZOrder">100000</P>
    <P Name="LibraryVersion">7.6</P>
    <P Name="SourceBlock">simulink/Logic and Bit
Operations/Compare
To Constant</P>
    <P Name="SourceType">Compare To Constant</P>
    <InstanceData>
      <P Name="RTWMemSecFuncInitTerm">Inherit from model</P>
      <P Name="RTWMemSecFuncExecute">Inherit from model</P>
      <P Name="RTWMemSecDataConstants">Inherit from model</P>
      <P Name="RTWMemSecDataInternal">Inherit from model</P>
      <P Name="RTWMemSecDataParameters">Inherit from model</P>
      <P Name="ContentPreviewEnabled">on</P>
      <P Name="relop">&lt;=</P>
      <P Name="const">0.05</P>
      <P Name="OutDataTypeStr">boolean</P>
      <P Name="ZeroCross">on</P>
    </InstanceData>
  </Block>
  <Block BlockType="Constant" Name="Constant10" SID="537">
    <P Name="Position">[1145, 370, 1175, 400]</P>
    <P Name="ZOrder">100000</P>
    <P Name="FontSize">12</P>
    <P Name="Value">t1</P>
  </Block>
  <Block BlockType="Constant" Name="Constant11" SID="538">
    <P Name="Position">[1205, 392, 1265, 418]</P>
    <P Name="ZOrder">100000</P>
    <P Name="FontSize">12</P>
    <P Name="Value">rover_accel</P>
  </Block>
  <Block BlockType="Constant" Name="Constant12" SID="539">
    <P Name="Position">[1470, 592, 1530, 618]</P>
    <P Name="ZOrder">100000</P>
    <P Name="FontSize">12</P>
    <P Name="Value">Chassis_L/2</P>
  </Block>
  <Block BlockType="Constant" Name="Constant5" SID="540">
    <P Name="Position">[715, 600, 780, 630]</P>
    <P Name="ZOrder">100000</P>
    <P Name="Value">roverPath.x</P>
  </Block>
  <Block BlockType="Constant" Name="Constant6" SID="541">
    <P Name="Position">[715, 670, 780, 700]</P>
    <P Name="ZOrder">100000</P>
    <P Name="Value">roverPath.y</P>
  </Block>
  <Block BlockType="Constant" Name="Constant7" SID="542">
    <P Name="Position">[985, 479, 1025, 501]</P>
    <P Name="ZOrder">100000</P>
    <P Name="FontSize">12</P>
    <P Name="Value">goal_loc</P>
  </Block>
  <Block BlockType="Constant" Name="Constant8" SID="543">
    <P Name="Position">[1445, 435, 1520, 455]</P>
    <P Name="ZOrder">100000</P>
    <P Name="FontSize">12</P>
    <P Name="Value">Wheel_Radius</P>
  </Block>
  <Block BlockType="Goto" Name="Goto" SID="544">
    <P Name="Position">[1685, 352, 1785, 368]</P>
    <P Name="ZOrder">100000</P>
    <P Name="FontSize">12</P>
    <P Name="GotoTag">RoverAtGoal</P>
    <P Name="TagVisibility">global</P>
  </Block>
  <Block BlockType="Goto" Name="Goto1" SID="545">
    <P Name="Position">[1420, 472, 1520, 488]</P>
    <P Name="ZOrder">100000</P>
    <P Name="FontSize">12</P>
    <P Name="GotoTag">DesSteerAng</P>
    <P Name="TagVisibility">global</P>
  </Block>
  <Block BlockType="Goto" Name="Goto2" SID="546">
    <P Name="Position">[1780, 457, 1870, 493]</P>
    <P Name="ZOrder">100000</P>
    <P Name="GotoTag">DesWheelSpeeds</P>
    <P Name="TagVisibility">global</P>
  </Block>
  <Block BlockType="Goto" Name="Goto3" SID="547">
    <P Name="Position">[1595, 303, 1730, 327]</P>
    <P Name="ZOrder">100000</P>
    <P Name="FontSize">12</P>
    <P Name="GotoTag">RoverDesiredLinearSpeed</P>
    <P Name="TagVisibility">global</P>
  </Block>
  <Block BlockType="Concatenate" Name="Matrix&#xA;Concatenate" SID="548">
    <PortCounts in="2" out="1"/>
    <P Name="Position">[800, 629, 820, 676]</P>
    <P Name="ZOrder">100000</P>
    <P Name="FontSize">12</P>
    <P Name="Mode">Multidimensional array</P>
    <P Name="ConcatenateDimension">2</P>
  </Block>
  <Block BlockType="Mux" Name="Mux2" SID="549">
    <PortCounts in="6" out="1"/>
    <P Name="Position">[1750, 403, 1760, 697]</P>
    <P Name="ZOrder">100000</P>
    <P Name="FontSize">12</P>
    <P Name="Inputs">6</P>
    <P Name="DisplayOption">bar</P>
  </Block>
  <Block BlockType="Reference" Name="Pure Pursuit Control" SID="550">
    <PortCounts in="2" out="3"/>
    <P Name="Position">[845, 541, 965, 689]</P>
    <P Name="ZOrder">100000</P>
    <P Name="HideAutomaticName">off</P>
    <P Name="LibraryVersion">10.0</P>
    <P Name="FontSize">12</P>
    <P Name="SourceBlock">robotalgslib/Pure Pursuit</P>
    <P Name="SourceType">nav.slalgs.internal.PurePursuit</P>
    <InstanceData>
      <P Name="DesiredLinearVelocityPort">off</P>
      <P Name="DesiredLinearVelocity">0.3</P>
      <P Name="MaxAngularVelocity">0.01</P>
      <P Name="LookaheadDistancePort">off</P>
      <P Name="LookaheadDistance">0.75</P>
      <P Name="TargetDirPort">on</P>
      <P Name="SimulateUsing">Code generation</P>
    </InstanceData>
  </Block>
  <Block BlockType="SubSystem" Name="Target Dir To Bicycle Steer Angle" SID="551">
    <PortCounts in="2" out="1"/>
    <P Name="Position">[1070, 645, 1205, 720]</P>
    <P Name="ZOrder">100000</P>
    <P Name="FontSize">12</P>
    <P Name="ContentPreviewEnabled">on</P>
    <Mask>
      <Display RunInitForIconRedraw="off"/>
      <MaskParameter Name="L" Type="promote">
        <Prompt>Bicycle length</Prompt>
        <Value>1</Value>
        <TypeOptions>
          <Option>Bicycle length/Value</Option>
        </TypeOptions>
      </MaskParameter>
      <MaskParameter Name="ld" Type="promote">
        <Prompt>Lookahead distance</Prompt>
        <Value>0.75</Value>
        <TypeOptions>
          <Option>Lookahead distance/Value</Option>
        </TypeOptions>
      </MaskParameter>
      <DialogControl Type="Group" Name="DescGroupVar">
        <Prompt>%&lt;MaskType&gt;</Prompt>
        <DialogControl Type="Text" Name="DescTextVar">
          <Prompt>%&lt;MaskDescription&gt;</Prompt>
        </DialogControl>
      </DialogControl>
      <DialogControl Type="Group" Name="ParameterGroupVar">
        <Prompt>Simulink:studio:ToolBarParametersMenu</Prompt>
        <DialogControl Type="Edit" Name="L">
          <Prompt>Bicycle length</Prompt>
          <ControlOptions PromptLocation="left"/>
        </DialogControl>
        <DialogControl Type="Edit" Name="ld">
          <Prompt>Lookahead distance</Prompt>
          <ControlOptions PromptLocation="left"/>
        </DialogControl>
      </DialogControl>
    </Mask>
    <PortProperties>
      <Port Type="out" Index="1">
        <P Name="PropagatedSignals">y</P>
      </Port>
    </PortProperties>
    <System Ref="system_551"/>
  </Block>
  <Block BlockType="Terminator" Name="Terminator" SID="563">
    <P Name="Position">[1005, 605, 1025, 625]</P>
    <P Name="ZOrder">100000</P>
    <P Name="FontSize">12</P>
  </Block>
  <Block BlockType="SubSystem" Name="Trapezoidal Vel Profile" SID="564">
    <PortCounts in="5" out="1"/>
    <P Name="Position">[1280, 332, 1385, 438]</P>
    <P Name="ZOrder">100000</P>
    <P Name="FontSize">12</P>
    <P Name="ErrorFcn">Stateflow.Translate.translate</P>
    <P Name="PermitHierarchicalResolution">ExplicitOnly</P>
    <P Name="TreatAsAtomicUnit">on</P>
    <P Name="SFBlockType">MATLAB Function</P>
    <P Name="ContentPreviewEnabled">on</P>
    <PortProperties>
      <Port Type="out" Index="1">
        <P Name="PropagatedSignals">lin_Vel_out</P>
      </Port>
    </PortProperties>
    <System Ref="system_564"/>
  </Block>
  <Block BlockType="SubSystem" Name="hold" SID="565">
    <PortCounts in="1" out="1"/>
    <P Name="Position">[1145, 417, 1180, 443]</P>
    <P Name="ZOrder">100000</P>
    <P Name="ShowName">off</P>
    <P Name="FontSize">12</P>
    <P Name="ContentPreviewEnabled">on</P>
    <System Ref="system_565"/>
  </Block>
  <Block BlockType="Outport" Name="DesSteerAngs" SID="584">
    <P Name="Position">[1485, 518, 1515, 532]</P>
    <P Name="ZOrder">100000</P>
    <P Name="FontSize">12</P>
  </Block>
  <Block BlockType="Outport" Name="DesWheelSpeeds" SID="585">
    <P Name="Position">[1825, 543, 1855, 557]</P>
    <P Name="ZOrder">100000</P>
    <P Name="Port">2</P>
  </Block>
  <Line>
    <P Name="ZOrder">1</P>
    <P Name="Src">541#out:1</P>
    <P Name="Dst">548#in:2</P>
  </Line>
  <Line>
    <P Name="ZOrder">2</P>
    <P Name="Src">550#out:1</P>
    <P Name="Points">[0, -15; 5, 0]</P>
    <Branch>
      <P Name="ZOrder">3</P>
      <P Name="Dst">512#in:3</P>
    </Branch>
    <Branch>
      <P Name="ZOrder">4</P>
      <P Name="Points">[0, -205]</P>
      <P Name="Dst">564#in:1</P>
    </Branch>
  </Line>
  <Line>
    <P Name="ZOrder">5</P>
    <P Name="Src">542#out:1</P>
    <P Name="Dst">512#in:1</P>
  </Line>
  <Line>
    <P Name="ZOrder">6</P>
    <P Name="Src">548#out:1</P>
    <P Name="Dst">550#in:2</P>
  </Line>
  <Line>
    <P Name="ZOrder">7</P>
    <P Name="Src">540#out:1</P>
    <P Name="Dst">548#in:1</P>
  </Line>
  <Line>
    <P Name="ZOrder">8</P>
    <P Name="Src">479#out:1</P>
    <P Name="Points">[36, 0]</P>
    <Branch>
      <P Name="ZOrder">9</P>
      <P Name="Points">[0, -45]</P>
      <P Name="Dst">512#in:2</P>
    </Branch>
    <Branch>
      <P Name="ZOrder">10</P>
      <P Name="Points">[0, 15]</P>
      <P Name="Dst">550#in:1</P>
    </Branch>
  </Line>
  <Line>
    <P Name="ZOrder">11</P>
    <P Name="Src">512#out:2</P>
    <P Name="Points">[31, 0]</P>
    <Branch>
      <P Name="ZOrder">50</P>
      <P Name="Points">[0, 67; -103, 0; 0, 88]</P>
      <P Name="Dst">551#in:2</P>
    </Branch>
    <Branch>
      <P Name="ZOrder">49</P>
      <P Name="Points">[57, 0]</P>
      <Branch>
        <P Name="ZOrder">12</P>
        <P Name="Points">[0, 20; 22, 0]</P>
      </Branch>
      <Branch>
        <P Name="ZOrder">13</P>
        <P Name="Points">[0, -47; 354, 0; 0, -123]</P>
        <P Name="Dst">481#in:2</P>
      </Branch>
    </Branch>
  </Line>
  <Line>
    <P Name="ZOrder">14</P>
    <P Name="Src">535#out:1</P>
    <P Name="Dst">564#in:2</P>
  </Line>
  <Line>
    <P Name="ZOrder">15</P>
    <P Name="Src">537#out:1</P>
    <P Name="Dst">564#in:3</P>
  </Line>
  <Line>
    <P Name="ZOrder">16</P>
    <P Name="Src">538#out:1</P>
    <P Name="Dst">564#in:4</P>
  </Line>
  <Line>
    <P Name="ZOrder">17</P>
    <P Name="Src">543#out:1</P>
    <P Name="Points">[23, 0; 0, 15]</P>
    <P Name="Dst">511#in:2</P>
  </Line>
  <Line>
    <P Name="ZOrder">18</P>
    <P Name="Src">539#out:1</P>
    <P Name="Points">[18, 0; 0, -10]</P>
    <P Name="Dst">511#in:5</P>
  </Line>
  <Line>
    <P Name="ZOrder">19</P>
    <P Name="Src">549#out:1</P>
    <P Name="Points">[0, 0]</P>
    <Branch>
      <P Name="ZOrder">20</P>
      <P Name="Dst">546#in:1</P>
    </Branch>
    <Branch>
      <P Name="ZOrder">21</P>
      <P Name="Dst">585#in:1</P>
    </Branch>
  </Line>
  <Line>
    <P Name="ZOrder">22</P>
    <P Name="Src">512#out:1</P>
    <P Name="Points">[10, 0]</P>
    <P Name="Dst">565#in:1</P>
  </Line>
  <Line>
    <P Name="ZOrder">23</P>
    <P Name="Src">565#out:1</P>
    <P Name="Points">[45, 0; 0, -5]</P>
    <P Name="Dst">564#in:5</P>
  </Line>
  <Line>
    <P Name="ZOrder">24</P>
    <P Name="Src">482#out:1</P>
    <P Name="Points">[17, 0; 0, -25]</P>
    <Branch>
      <P Name="ZOrder">25</P>
      <P Name="Points">[0, -35]</P>
      <P Name="Dst">545#in:1</P>
    </Branch>
    <Branch>
      <P Name="ZOrder">26</P>
      <P Name="Points">[37, 0]</P>
      <Branch>
        <P Name="ZOrder">27</P>
        <P Name="Points">[0, -10]</P>
        <P Name="Dst">511#in:3</P>
      </Branch>
      <Branch>
        <P Name="ZOrder">28</P>
        <P Name="Points">[0, 10]</P>
        <P Name="Dst">584#in:1</P>
      </Branch>
    </Branch>
  </Line>
  <Line>
    <P Name="ZOrder">29</P>
    <P Name="Src">551#out:1</P>
    <P Name="Points">[5, 0]</P>
    <P Name="Dst">482#in:1</P>
  </Line>
  <Line>
    <P Name="ZOrder">30</P>
    <P Name="Src">482#out:2</P>
    <P Name="Points">[38, 0; 0, -40]</P>
    <P Name="Dst">511#in:4</P>
  </Line>
  <Line>
    <P Name="ZOrder">31</P>
    <P Name="Src">482#out:3</P>
    <P Name="Dst">511#in:6</P>
  </Line>
  <Line>
    <P Name="ZOrder">32</P>
    <P Name="Src">482#out:4</P>
    <P Name="Points">[90, 0; 0, -5]</P>
    <P Name="Dst">511#in:7</P>
  </Line>
  <Line>
    <P Name="ZOrder">33</P>
    <P Name="Src">550#out:2</P>
    <P Name="Dst">563#in:1</P>
  </Line>
  <Line>
    <P Name="ZOrder">34</P>
    <P Name="Src">536#out:1</P>
    <P Name="Dst">481#in:1</P>
  </Line>
  <Line>
    <P Name="ZOrder">35</P>
    <P Name="Src">481#out:1</P>
    <P Name="Points">[25, 0; 0, -10]</P>
    <P Name="Dst">544#in:1</P>
  </Line>
  <Line>
    <P Name="ZOrder">36</P>
    <P Name="Src">511#out:1</P>
    <P Name="Points">[25, 0]</P>
    <P Name="Dst">549#in:1</P>
  </Line>
  <Line>
    <P Name="ZOrder">37</P>
    <P Name="Src">511#out:2</P>
    <P Name="Points">[25, 0]</P>
    <P Name="Dst">549#in:2</P>
  </Line>
  <Line>
    <P Name="ZOrder">38</P>
    <P Name="Src">511#out:3</P>
    <P Name="Points">[25, 0]</P>
    <P Name="Dst">549#in:3</P>
  </Line>
  <Line>
    <P Name="ZOrder">39</P>
    <P Name="Src">511#out:4</P>
    <P Name="Points">[25, 0]</P>
    <P Name="Dst">549#in:4</P>
  </Line>
  <Line>
    <P Name="ZOrder">40</P>
    <P Name="Src">511#out:5</P>
    <P Name="Points">[25, 0]</P>
    <P Name="Dst">549#in:5</P>
  </Line>
  <Line>
    <P Name="ZOrder">41</P>
    <P Name="Src">511#out:6</P>
    <P Name="Points">[25, 0]</P>
    <P Name="Dst">549#in:6</P>
  </Line>
  <Line>
    <P Name="ZOrder">42</P>
    <P Name="Src">550#out:3</P>
    <P Name="Dst">551#in:1</P>
  </Line>
  <Line>
    <P Name="ZOrder">43</P>
    <P Name="Src">564#out:1</P>
    <P Name="Points">[75, 0]</P>
    <Branch>
      <P Name="ZOrder">44</P>
      <P Name="Points">[0, -70]</P>
      <P Name="Dst">547#in:1</P>
    </Branch>
    <Branch>
      <P Name="ZOrder">45</P>
      <P Name="Points">[0, 30]</P>
      <P Name="Dst">511#in:1</P>
    </Branch>
  </Line>
  <Line>
    <P Name="ZOrder">46</P>
    <P Name="Src">480#out:1</P>
    <P Name="Dst">536#in:1</P>
  </Line>
</System>
