<?xml version="1.0" encoding="utf-8"?>
<System>
  <P Name="Location">[-1, -7, 1537, 817]</P>
  <Block BlockType="Inport" Name="goal" SID="513">
    <P Name="Position">[355, 63, 385, 77]</P>
    <P Name="ZOrder">6285</P>
  </Block>
  <Block BlockType="Inport" Name="currentPose" SID="514">
    <P Name="Position">[220, 48, 250, 62]</P>
    <P Name="ZOrder">6286</P>
    <P Name="Port">2</P>
  </Block>
  <Block BlockType="Inport" Name="linVel" SID="515">
    <P Name="Position">[395, -102, 425, -88]</P>
    <P Name="ZOrder">6291</P>
    <P Name="Port">3</P>
  </Block>
  <Block BlockType="Sum" Name="Add" SID="516">
    <PortCounts in="2" out="1"/>
    <P Name="Position">[640, -128, 670, -97]</P>
    <P Name="ZOrder">6295</P>
    <P Name="IconShape">rectangular</P>
  </Block>
  <Block BlockType="Constant" Name="Constant" SID="517">
    <P Name="Position">[490, 114, 605, 146]</P>
    <P Name="ZOrder">3155</P>
    <P Name="ForegroundColor">magenta</P>
    <P Name="Value">0.3</P>
  </Block>
  <Block BlockType="Constant" Name="Constant1" SID="518">
    <P Name="Position">[340, -61, 455, -29]</P>
    <P Name="ZOrder">6289</P>
    <P Name="ForegroundColor">magenta</P>
    <P Name="Value">2*rover_accel</P>
  </Block>
  <Block BlockType="Product" Name="Divide" SID="519">
    <PortCounts in="2" out="1"/>
    <P Name="Position">[530, -98, 560, -67]</P>
    <P Name="ZOrder">6294</P>
    <P Name="Inputs">*/</P>
  </Block>
  <Block BlockType="DotProduct" Name="Dot Product" SID="520">
    <P Name="Position">[505, 42, 535, 73]</P>
    <P Name="ZOrder">6283</P>
    <P Name="ForegroundColor">red</P>
    <P Name="OutDataTypeStr">Inherit: Inherit via internal rule</P>
  </Block>
  <Block BlockType="Gain" Name="Gain1" SID="521">
    <P Name="Position">[595, -65, 625, -35]</P>
    <P Name="ZOrder">100000</P>
    <P Name="BlockRotation">270</P>
    <P Name="NameLocation">right</P>
  </Block>
  <Block BlockType="RelationalOperator" Name="Less Than" SID="522">
    <PortCounts in="2" out="1"/>
    <P Name="Position">[665, 52, 695, 83]</P>
    <P Name="ZOrder">3154</P>
    <P Name="ForegroundColor">red</P>
    <P Name="Operator">&gt;</P>
    <P Name="InputSameDT">off</P>
    <P Name="OutDataTypeStr">boolean</P>
    <P Name="RndMeth">Simplest</P>
  </Block>
  <Block BlockType="RelationalOperator" Name="Less Than1" SID="523">
    <PortCounts in="2" out="1"/>
    <P Name="Position">[760, -68, 790, -37]</P>
    <P Name="ZOrder">6288</P>
    <P Name="ForegroundColor">red</P>
    <P Name="Operator">&gt;</P>
    <P Name="InputSameDT">off</P>
    <P Name="OutDataTypeStr">boolean</P>
    <P Name="RndMeth">Simplest</P>
  </Block>
  <Block BlockType="Logic" Name="NOT" SID="524">
    <PortCounts in="1" out="1"/>
    <P Name="Position">[735, 54, 765, 86]</P>
    <P Name="ZOrder">100000</P>
    <P Name="Operator">NOT</P>
    <P Name="IconShape">distinctive</P>
    <P Name="AllPortsSameDT">off</P>
    <P Name="OutDataTypeStr">boolean</P>
  </Block>
  <Block BlockType="Logic" Name="OR" SID="1645">
    <PortCounts in="2" out="1"/>
    <P Name="Position">[945, 54, 975, 86]</P>
    <P Name="ZOrder">100000</P>
    <P Name="Operator">OR</P>
    <P Name="IconShape">distinctive</P>
    <P Name="AllPortsSameDT">off</P>
    <P Name="OutDataTypeStr">boolean</P>
  </Block>
  <Block BlockType="Scope" Name="Scope" SID="525">
    <PortCounts in="1"/>
    <P Name="Position">[775, -131, 805, -99]</P>
    <P Name="ZOrder">6296</P>
    <P Name="ScopeSpecificationString">Simulink.scopes.TimeScopeBlockCfg(&apos;CurrentConfiguration&apos;, extmgr.ConfigurationSet(extmgr.Configuration(&apos;Core&apos;,&apos;General UI&apos;,true),extmgr.Configuration(&apos;Core&apos;,&apos;Source UI&apos;,true),extmgr.Configuration(&apos;Sources&apos;,&apos;WiredSimulink&apos;,true,&apos;DataLoggingVariableName&apos;,&apos;ScopeData11&apos;),extmgr.Configuration(&apos;Visuals&apos;,&apos;Time Domain&apos;,true,&apos;SerializedDisplays&apos;,{struct(&apos;MinYLimReal&apos;,&apos;0.24&apos;,&apos;MaxYLimReal&apos;,&apos;0.44&apos;,&apos;YLabelReal&apos;,&apos;&apos;,&apos;MinYLimMag&apos;,&apos;0.24&apos;,&apos;MaxYLimMag&apos;,&apos;0.44&apos;,&apos;LegendVisibility&apos;,&apos;off&apos;,&apos;XGrid&apos;,true,&apos;YGrid&apos;,true,&apos;PlotMagPhase&apos;,false,&apos;AxesColor&apos;,[0 0 0],&apos;AxesTickColor&apos;,[0.686274509803922 0.686274509803922 0.686274509803922],&apos;ColorOrder&apos;,[1 0.909803921568627 0.392156862745098;0.149019607843137 0.549019607843137 0.866666666666667;0.96078431372549 0.466666666666667 0.16078431372549;0.286274509803922 0.858823529411765 0.250980392156863;0.752941176470588 0.36078431372549 0.984313725490196;0.423529411764706 0.956862745098039 1;0.949019607843137 0.403921568627451 0.772549019607843],&apos;Title&apos;,&apos;%&lt;SignalLabel&gt;&apos;,&apos;LinePropertiesCache&apos;,{{struct(&apos;Marker&apos;,&apos;o&apos;,&apos;MarkerSize&apos;,8)}},&apos;UserDefinedChannelNames&apos;,{{}},&apos;NumLines&apos;,0,&apos;LineNames&apos;,{{[]}},&apos;ShowContent&apos;,true,&apos;Placement&apos;,1)},&apos;DisplayPropertyDefaults&apos;,struct(&apos;MinYLimReal&apos;,&apos;0.24&apos;,&apos;MaxYLimReal&apos;,&apos;0.44&apos;,&apos;YLabelReal&apos;,&apos;&apos;,&apos;MinYLimMag&apos;,&apos;0.24&apos;,&apos;MaxYLimMag&apos;,&apos;0.44&apos;,&apos;LegendVisibility&apos;,&apos;off&apos;,&apos;XGrid&apos;,true,&apos;YGrid&apos;,true,&apos;PlotMagPhase&apos;,false,&apos;AxesColor&apos;,[0 0 0],&apos;AxesTickColor&apos;,[0.686274509803922 0.686274509803922 0.686274509803922],&apos;ColorOrder&apos;,[0.0745098039215686 0.623529411764706 1;1 0.411764705882353 0.16078431372549;1 1 0.0666666666666667;0.717647058823529 0.274509803921569 1;0.392156862745098 0.831372549019608 0.0745098039215686;0.0588235294117647 1 1;1 0.0745098039215686 0.650980392156863])),extmgr.Configuration(&apos;Tools&apos;,&apos;Plot Navigation&apos;,true,&apos;OnceAtStop&apos;,false,&apos;PreviousAutoscale&apos;,&apos;XY&apos;),extmgr.Configuration(&apos;Tools&apos;,&apos;Measurements&apos;,true,&apos;Version&apos;,&apos;2024b&apos;)),&apos;Version&apos;,&apos;2024b&apos;,&apos;Position&apos;,[1 49 1536 740.8])</P>
    <P Name="NumInputPorts">1</P>
    <P Name="Floating">off</P>
  </Block>
  <Block BlockType="Scope" Name="Scope1" SID="526">
    <PortCounts in="1"/>
    <P Name="Position">[815, 174, 845, 206]</P>
    <P Name="ZOrder">100000</P>
    <P Name="ScopeSpecificationString">Simulink.scopes.TimeScopeBlockCfg(&apos;CurrentConfiguration&apos;, extmgr.ConfigurationSet(extmgr.Configuration(&apos;Core&apos;,&apos;General UI&apos;,true),extmgr.Configuration(&apos;Core&apos;,&apos;Source UI&apos;,true),extmgr.Configuration(&apos;Sources&apos;,&apos;WiredSimulink&apos;,true,&apos;DataLoggingVariableName&apos;,&apos;ScopeData17&apos;),extmgr.Configuration(&apos;Visuals&apos;,&apos;Time Domain&apos;,true,&apos;SerializedDisplays&apos;,{struct(&apos;MinYLimReal&apos;,&apos;-1.85436&apos;,&apos;MaxYLimReal&apos;,&apos;17.03341&apos;,&apos;YLabelReal&apos;,&apos;&apos;,&apos;MinYLimMag&apos;,&apos;0.00000&apos;,&apos;MaxYLimMag&apos;,&apos;17.03341&apos;,&apos;LegendVisibility&apos;,&apos;off&apos;,&apos;XGrid&apos;,true,&apos;YGrid&apos;,true,&apos;PlotMagPhase&apos;,false,&apos;AxesColor&apos;,[0 0 0],&apos;AxesTickColor&apos;,[0.686274509803922 0.686274509803922 0.686274509803922],&apos;ColorOrder&apos;,[1 0.909803921568627 0.392156862745098;0.149019607843137 0.549019607843137 0.866666666666667;0.96078431372549 0.466666666666667 0.16078431372549;0.286274509803922 0.858823529411765 0.250980392156863;0.752941176470588 0.36078431372549 0.984313725490196;0.423529411764706 0.956862745098039 1;0.949019607843137 0.403921568627451 0.772549019607843],&apos;Title&apos;,&apos;%&lt;SignalLabel&gt;&apos;,&apos;LinePropertiesCache&apos;,{{}},&apos;UserDefinedChannelNames&apos;,{{}},&apos;NumLines&apos;,0,&apos;LineNames&apos;,{{[]}},&apos;ShowContent&apos;,true,&apos;Placement&apos;,1)},&apos;DisplayPropertyDefaults&apos;,struct(&apos;MinYLimReal&apos;,&apos;-1.85436&apos;,&apos;MaxYLimReal&apos;,&apos;17.03341&apos;,&apos;YLabelReal&apos;,&apos;&apos;,&apos;MinYLimMag&apos;,&apos;0.00000&apos;,&apos;MaxYLimMag&apos;,&apos;17.03341&apos;,&apos;LegendVisibility&apos;,&apos;off&apos;,&apos;XGrid&apos;,true,&apos;YGrid&apos;,true,&apos;PlotMagPhase&apos;,false,&apos;AxesColor&apos;,[0 0 0],&apos;AxesTickColor&apos;,[0.686274509803922 0.686274509803922 0.686274509803922],&apos;ColorOrder&apos;,[0.0745098039215686 0.623529411764706 1;1 0.411764705882353 0.16078431372549;1 1 0.0666666666666667;0.717647058823529 0.274509803921569 1;0.392156862745098 0.831372549019608 0.0745098039215686;0.0588235294117647 1 1;1 0.0745098039215686 0.650980392156863])),extmgr.Configuration(&apos;Tools&apos;,&apos;Plot Navigation&apos;,true,&apos;OnceAtStop&apos;,false,&apos;PreviousAutoscale&apos;,&apos;XY&apos;),extmgr.Configuration(&apos;Tools&apos;,&apos;Measurements&apos;,true,&apos;Version&apos;,&apos;2024b&apos;)),&apos;Version&apos;,&apos;2024b&apos;,&apos;Position&apos;,[975.4 153.8 560 420],&apos;VisibleAtModelOpen&apos;,&apos;on&apos;)</P>
    <P Name="NumInputPorts">1</P>
    <P Name="Floating">off</P>
  </Block>
  <Block BlockType="Scope" Name="Scope2" SID="1647">
    <PortCounts in="1"/>
    <P Name="Position">[1145, 149, 1175, 181]</P>
    <P Name="ZOrder">100000</P>
    <P Name="ScopeSpecificationString">Simulink.scopes.TimeScopeBlockCfg(&apos;CurrentConfiguration&apos;, extmgr.ConfigurationSet(extmgr.Configuration(&apos;Core&apos;,&apos;General UI&apos;,true),extmgr.Configuration(&apos;Core&apos;,&apos;Source UI&apos;,true),extmgr.Configuration(&apos;Sources&apos;,&apos;WiredSimulink&apos;,true,&apos;DataLoggingVariableName&apos;,&apos;ScopeData1&apos;),extmgr.Configuration(&apos;Visuals&apos;,&apos;Time Domain&apos;,true,&apos;SerializedDisplays&apos;,{struct(&apos;MinYLimReal&apos;,&apos;-1.85436&apos;,&apos;MaxYLimReal&apos;,&apos;17.03341&apos;,&apos;YLabelReal&apos;,&apos;&apos;,&apos;MinYLimMag&apos;,&apos;0.00000&apos;,&apos;MaxYLimMag&apos;,&apos;17.03341&apos;,&apos;LegendVisibility&apos;,&apos;off&apos;,&apos;XGrid&apos;,true,&apos;YGrid&apos;,true,&apos;PlotMagPhase&apos;,false,&apos;AxesColor&apos;,[0 0 0],&apos;AxesTickColor&apos;,[0.686274509803922 0.686274509803922 0.686274509803922],&apos;ColorOrder&apos;,[1 0.909803921568627 0.392156862745098;0.149019607843137 0.549019607843137 0.866666666666667;0.96078431372549 0.466666666666667 0.16078431372549;0.286274509803922 0.858823529411765 0.250980392156863;0.752941176470588 0.36078431372549 0.984313725490196;0.423529411764706 0.956862745098039 1;0.949019607843137 0.403921568627451 0.772549019607843],&apos;Title&apos;,&apos;%&lt;SignalLabel&gt;&apos;,&apos;LinePropertiesCache&apos;,{{}},&apos;UserDefinedChannelNames&apos;,{{}},&apos;NumLines&apos;,0,&apos;LineNames&apos;,{{[]}},&apos;ShowContent&apos;,true,&apos;Placement&apos;,1)},&apos;DisplayPropertyDefaults&apos;,struct(&apos;MinYLimReal&apos;,&apos;-1.85436&apos;,&apos;MaxYLimReal&apos;,&apos;17.03341&apos;,&apos;YLabelReal&apos;,&apos;&apos;,&apos;MinYLimMag&apos;,&apos;0.00000&apos;,&apos;MaxYLimMag&apos;,&apos;17.03341&apos;,&apos;LegendVisibility&apos;,&apos;off&apos;,&apos;XGrid&apos;,true,&apos;YGrid&apos;,true,&apos;PlotMagPhase&apos;,false,&apos;AxesColor&apos;,[0 0 0],&apos;AxesTickColor&apos;,[0.686274509803922 0.686274509803922 0.686274509803922],&apos;ColorOrder&apos;,[0.0745098039215686 0.623529411764706 1;1 0.411764705882353 0.16078431372549;1 1 0.0666666666666667;0.717647058823529 0.274509803921569 1;0.392156862745098 0.831372549019608 0.0745098039215686;0.0588235294117647 1 1;1 0.0745098039215686 0.650980392156863])),extmgr.Configuration(&apos;Tools&apos;,&apos;Plot Navigation&apos;,true,&apos;OnceAtStop&apos;,false,&apos;PreviousAutoscale&apos;,&apos;XY&apos;),extmgr.Configuration(&apos;Tools&apos;,&apos;Measurements&apos;,true,&apos;Version&apos;,&apos;2024b&apos;)),&apos;Version&apos;,&apos;2024b&apos;,&apos;Position&apos;,[944.2 127.4 560 420])</P>
    <P Name="NumInputPorts">1</P>
    <P Name="Floating">off</P>
  </Block>
  <Block BlockType="Selector" Name="Selector" SID="527">
    <PortCounts in="1" out="1"/>
    <P Name="Position">[270, 36, 310, 74]</P>
    <P Name="ZOrder">3109</P>
    <P Name="ForegroundColor">red</P>
    <P Name="InputPortWidth">3</P>
    <P Name="IndexOptions">Index vector (dialog)</P>
    <P Name="Indices">[1 2]</P>
    <P Name="OutputSizes">1</P>
  </Block>
  <Block BlockType="Sqrt" Name="Sqrt" SID="528">
    <P Name="Position">[575, 45, 605, 75]</P>
    <P Name="ZOrder">6284</P>
    <P Name="ForegroundColor">red</P>
  </Block>
  <Block BlockType="Sum" Name="Subtract" SID="529">
    <PortCounts in="2" out="1"/>
    <P Name="Position">[405, 47, 435, 78]</P>
    <P Name="ZOrder">6280</P>
    <P Name="ForegroundColor">red</P>
    <P Name="IconShape">rectangular</P>
    <P Name="Inputs">+-</P>
  </Block>
  <Block BlockType="UnitDelay" Name="Unit Delay" SID="530">
    <P Name="Position">[785, 53, 820, 87]</P>
    <P Name="ZOrder">100000</P>
    <P Name="SampleTime">-1</P>
    <P Name="HasFrameUpgradeWarning">on</P>
  </Block>
  <Block BlockType="UnitDelay" Name="Unit Delay1" SID="1646">
    <P Name="Position">[890, 113, 925, 147]</P>
    <P Name="ZOrder">100000</P>
    <P Name="SampleTime">-1</P>
    <P Name="HasFrameUpgradeWarning">on</P>
  </Block>
  <Block BlockType="Math" Name="const" SID="531">
    <PortCounts in="1" out="1"/>
    <P Name="Position">[470, -110, 500, -80]</P>
    <P Name="ZOrder">6293</P>
    <P Name="Operator">square</P>
  </Block>
  <Block BlockType="Outport" Name="deAccel" SID="532">
    <P Name="Position">[955, -57, 985, -43]</P>
    <P Name="ZOrder">6290</P>
  </Block>
  <Block BlockType="Outport" Name="atGoal" SID="533">
    <P Name="Position">[1125, 63, 1155, 77]</P>
    <P Name="ZOrder">6287</P>
    <P Name="Port">2</P>
  </Block>
  <Line>
    <P Name="ZOrder">1</P>
    <P Name="Src">513#out:1</P>
    <P Name="Dst">529#in:2</P>
  </Line>
  <Line>
    <P Name="ZOrder">2</P>
    <P Name="Src">520#out:1</P>
    <P Name="Dst">528#in:1</P>
  </Line>
  <Line>
    <P Name="ZOrder">3</P>
    <P Name="Src">517#out:1</P>
    <P Name="Points">[25, 0; 0, -46]</P>
    <Branch>
      <P Name="ZOrder">4</P>
      <P Name="Points">[-25, 0]</P>
      <P Name="Dst">521#in:1</P>
    </Branch>
    <Branch>
      <P Name="ZOrder">5</P>
      <P Name="Points">[0, -9]</P>
      <P Name="Dst">522#in:2</P>
    </Branch>
  </Line>
  <Line>
    <P Name="ZOrder">6</P>
    <P Name="Src">514#out:1</P>
    <P Name="Dst">527#in:1</P>
  </Line>
  <Line>
    <P Name="ZOrder">7</P>
    <P Name="Src">528#out:1</P>
    <P Name="Points">[25, 0]</P>
    <Branch>
      <P Name="ZOrder">8</P>
      <P Name="Points">[15, 0]</P>
      <Branch>
        <P Name="ZOrder">9</P>
        <P Name="Points">[0, 61; 136, 0; 0, 69]</P>
        <P Name="Dst">526#in:1</P>
      </Branch>
      <Branch>
        <P Name="ZOrder">10</P>
        <P Name="Dst">522#in:1</P>
      </Branch>
    </Branch>
    <Branch>
      <P Name="ZOrder">11</P>
      <P Name="Points">[0, -120]</P>
      <P Name="Dst">523#in:1</P>
    </Branch>
  </Line>
  <Line>
    <P Name="ZOrder">12</P>
    <P Name="Src">529#out:1</P>
    <P Name="Points">[39, 0]</P>
    <Branch>
      <P Name="ZOrder">13</P>
      <P Name="Points">[0, -15]</P>
      <P Name="Dst">520#in:1</P>
    </Branch>
    <Branch>
      <P Name="ZOrder">14</P>
      <P Name="Dst">520#in:2</P>
    </Branch>
  </Line>
  <Line>
    <P Name="ZOrder">15</P>
    <P Name="Src">527#out:1</P>
    <P Name="Dst">529#in:1</P>
  </Line>
  <Line>
    <P Name="ZOrder">16</P>
    <P Name="Src">515#out:1</P>
    <P Name="Dst">531#in:1</P>
  </Line>
  <Line>
    <P Name="ZOrder">17</P>
    <P Name="Src">531#out:1</P>
    <P Name="Points">[10, 0]</P>
    <P Name="Dst">519#in:1</P>
  </Line>
  <Line>
    <P Name="ZOrder">18</P>
    <P Name="Src">518#out:1</P>
    <P Name="Points">[52, 0; 0, -30]</P>
    <P Name="Dst">519#in:2</P>
  </Line>
  <Line>
    <P Name="ZOrder">19</P>
    <P Name="Src">523#out:1</P>
    <P Name="Dst">532#in:1</P>
  </Line>
  <Line>
    <P Name="ZOrder">20</P>
    <P Name="Src">516#out:1</P>
    <P Name="Points">[-1, 0; 0, 40; 19, 0]</P>
    <Branch>
      <P Name="ZOrder">21</P>
      <P Name="Points">[35, 0; 0, 25]</P>
      <P Name="Dst">523#in:2</P>
    </Branch>
    <Branch>
      <P Name="ZOrder">22</P>
      <P Name="Points">[0, -45]</P>
      <P Name="Dst">525#in:1</P>
    </Branch>
  </Line>
  <Line>
    <P Name="ZOrder">23</P>
    <P Name="Src">519#out:1</P>
    <P Name="Points">[39, 0; 0, -40]</P>
    <P Name="Dst">516#in:1</P>
  </Line>
  <Line>
    <P Name="ZOrder">24</P>
    <P Name="Src">521#out:1</P>
    <P Name="Points">[0, -15; 15, 0]</P>
    <P Name="Dst">516#in:2</P>
  </Line>
  <Line>
    <P Name="ZOrder">25</P>
    <P Name="Src">522#out:1</P>
    <P Name="Dst">524#in:1</P>
  </Line>
  <Line>
    <P Name="ZOrder">26</P>
    <P Name="Src">524#out:1</P>
    <P Name="Dst">530#in:1</P>
  </Line>
  <Line>
    <P Name="ZOrder">40</P>
    <P Name="Src">530#out:1</P>
    <P Name="Points">[58, 0; 0, -5]</P>
    <P Name="Dst">1645#in:1</P>
  </Line>
  <Line>
    <P Name="ZOrder">41</P>
    <P Name="Src">1646#out:1</P>
    <P Name="Points">[4, 0]</P>
    <P Name="Dst">1645#in:2</P>
  </Line>
  <Line>
    <P Name="ZOrder">42</P>
    <P Name="Src">1645#out:1</P>
    <P Name="Points">[29, 0]</P>
    <Branch>
      <P Name="ZOrder">44</P>
      <P Name="Points">[76, 0]</P>
      <Branch>
        <P Name="ZOrder">47</P>
        <P Name="Points">[0, 95]</P>
        <P Name="Dst">1647#in:1</P>
      </Branch>
      <Branch>
        <P Name="ZOrder">46</P>
        <P Name="Dst">533#in:1</P>
      </Branch>
    </Branch>
    <Branch>
      <P Name="ZOrder">43</P>
      <P Name="Points">[0, 108; -142, 0; 0, -48]</P>
      <P Name="Dst">1646#in:1</P>
    </Branch>
  </Line>
  <Annotation SID="534">
    <P Name="Name">Distance from Goal to satisfy that the robot has reached the goal</P>
    <P Name="Position">[404, 154, 691, 169]</P>
    <P Name="InternalMargins">[0, 0, 0, 0]</P>
    <P Name="ZOrder">-1</P>
  </Annotation>
</System>
