<?xml version="1.0" encoding="utf-8"?>
<System>
  <P Name="Location">[-1, -7, 1537, 817]</P>
  <Block BlockType="Reference" Name="ConnectingBar" SID="235">
    <PortCounts lconn="1" rconn="1"/>
    <P Name="Position">[520, 27, 585, 53]</P>
    <P Name="ZOrder">100000</P>
    <P Name="LibraryVersion">24.21</P>
    <P Name="SourceBlock">sm_lib/Body Elements/Brick Solid</P>
    <P Name="SourceType">Brick Solid</P>
    <InstanceData>
      <P Name="LogSimulationData">off</P>
      <P Name="SimscapeInstrumentationLogging">off</P>
      <P Name="SimscapeInstrumentationVariables" Ref="bdmxdata:SimscapeInstrumentationVariables_235"/>
      <P Name="BrickDimensions">[1 20.000000607487117 1]</P>
      <P Name="BrickDimensions_conf">compiletime</P>
      <P Name="BrickDimensionsUnits">cm</P>
      <P Name="ExportEntireGeometry">off</P>
      <P Name="InertiaType">CalculateFromGeometry</P>
      <P Name="BasedOnType">Density</P>
      <P Name="Density">2700</P>
      <P Name="Density_conf">compiletime</P>
      <P Name="DensityUnits">kg/m^3</P>
      <P Name="Mass">3</P>
      <P Name="Mass_conf">compiletime</P>
      <P Name="MassUnits">kg</P>
      <P Name="CenterOfMass">[0 0 0]</P>
      <P Name="CenterOfMass_conf">compiletime</P>
      <P Name="CenterOfMassUnits">m</P>
      <P Name="MomentsOfInertia">[1 1 1]</P>
      <P Name="MomentsOfInertia_conf">compiletime</P>
      <P Name="MomentsOfInertiaUnits">kg*m^2</P>
      <P Name="ProductsOfInertia">[0 0 0]</P>
      <P Name="ProductsOfInertia_conf">compiletime</P>
      <P Name="ProductsOfInertiaUnits">kg*m^2</P>
      <P Name="GraphicType">FromGeometry</P>
      <P Name="MarkerShape">Sphere</P>
      <P Name="MarkerSize">10</P>
      <P Name="MarkerSize_conf">compiletime</P>
      <P Name="GraphicVisPropType">SimpleVisualProperties</P>
      <P Name="GraphicDiffuseColor">[0.5 0.5 0.5]</P>
      <P Name="GraphicDiffuseColor_conf">compiletime</P>
      <P Name="GraphicOpacity">1.0</P>
      <P Name="GraphicOpacity_conf">compiletime</P>
      <P Name="GraphicSpecularColor">[0.5 0.5 0.5 1.0]</P>
      <P Name="GraphicSpecularColor_conf">compiletime</P>
      <P Name="GraphicAmbientColor">[0.15 0.15 0.15 1.0]</P>
      <P Name="GraphicAmbientColor_conf">compiletime</P>
      <P Name="GraphicEmissiveColor">[0.0 0.0 0.0 1.0]</P>
      <P Name="GraphicEmissiveColor_conf">compiletime</P>
      <P Name="GraphicShininess">75</P>
      <P Name="GraphicShininess_conf">compiletime</P>
      <P Name="DoExposeReferenceFrame">off</P>
      <P Name="SerializedFrames">&lt;Frames&gt;&lt;Frame&gt;&lt;Id&gt;Frame1&lt;/Id&gt;&lt;Value&gt;&lt;Name&gt;F1&lt;/Name&gt;&lt;Origin&gt;&lt;Source&gt;GeometricFeature&lt;/Source&gt;&lt;FeatureName&gt;-y surface&lt;/FeatureName&gt;&lt;/Origin&gt;&lt;PrimaryAxis&gt;&lt;DefinedDirection&gt;+Z&lt;/DefinedDirection&gt;&lt;Source&gt;ReferenceFrame&lt;/Source&gt;&lt;SourceDirection&gt;+Z&lt;/SourceDirection&gt;&lt;FeatureName&gt;&lt;/FeatureName&gt;&lt;/PrimaryAxis&gt;&lt;SecondaryAxis&gt;&lt;DefinedDirection&gt;+X&lt;/DefinedDirection&gt;&lt;Source&gt;ReferenceFrame&lt;/Source&gt;&lt;SourceDirection&gt;+X&lt;/SourceDirection&gt;&lt;FeatureName&gt;&lt;/FeatureName&gt;&lt;/SecondaryAxis&gt;&lt;/Value&gt;&lt;/Frame&gt;&lt;Frame&gt;&lt;Id&gt;Frame2&lt;/Id&gt;&lt;Value&gt;&lt;Name&gt;F2&lt;/Name&gt;&lt;Origin&gt;&lt;Source&gt;GeometricFeature&lt;/Source&gt;&lt;FeatureName&gt;+y surface&lt;/FeatureName&gt;&lt;/Origin&gt;&lt;PrimaryAxis&gt;&lt;DefinedDirection&gt;+Z&lt;/DefinedDirection&gt;&lt;Source&gt;ReferenceFrame&lt;/Source&gt;&lt;SourceDirection&gt;+X&lt;/SourceDirection&gt;&lt;FeatureName&gt;&lt;/FeatureName&gt;&lt;/PrimaryAxis&gt;&lt;SecondaryAxis&gt;&lt;DefinedDirection&gt;+X&lt;/DefinedDirection&gt;&lt;Source&gt;ReferenceFrame&lt;/Source&gt;&lt;SourceDirection&gt;-Y&lt;/SourceDirection&gt;&lt;FeatureName&gt;&lt;/FeatureName&gt;&lt;/SecondaryAxis&gt;&lt;/Value&gt;&lt;/Frame&gt;&lt;/Frames&gt;</P>
    </InstanceData>
  </Block>
  <Block BlockType="Reference" Name="ConnectingBar1" SID="236">
    <PortCounts lconn="1" rconn="1"/>
    <P Name="Position">[690, 169, 750, 191]</P>
    <P Name="ZOrder">100000</P>
    <P Name="LibraryVersion">24.21</P>
    <P Name="SourceBlock">sm_lib/Body Elements/Brick Solid</P>
    <P Name="SourceType">Brick Solid</P>
    <InstanceData>
      <P Name="LogSimulationData">off</P>
      <P Name="SimscapeInstrumentationLogging">off</P>
      <P Name="SimscapeInstrumentationVariables" Ref="bdmxdata:SimscapeInstrumentationVariables_236"/>
      <P Name="BrickDimensions">[1 20.000000607487117 1]</P>
      <P Name="BrickDimensions_conf">compiletime</P>
      <P Name="BrickDimensionsUnits">cm</P>
      <P Name="ExportEntireGeometry">off</P>
      <P Name="InertiaType">CalculateFromGeometry</P>
      <P Name="BasedOnType">Density</P>
      <P Name="Density">2700</P>
      <P Name="Density_conf">compiletime</P>
      <P Name="DensityUnits">kg/m^3</P>
      <P Name="Mass">3</P>
      <P Name="Mass_conf">compiletime</P>
      <P Name="MassUnits">kg</P>
      <P Name="CenterOfMass">[0 0 0]</P>
      <P Name="CenterOfMass_conf">compiletime</P>
      <P Name="CenterOfMassUnits">m</P>
      <P Name="MomentsOfInertia">[1 1 1]</P>
      <P Name="MomentsOfInertia_conf">compiletime</P>
      <P Name="MomentsOfInertiaUnits">kg*m^2</P>
      <P Name="ProductsOfInertia">[0 0 0]</P>
      <P Name="ProductsOfInertia_conf">compiletime</P>
      <P Name="ProductsOfInertiaUnits">kg*m^2</P>
      <P Name="GraphicType">FromGeometry</P>
      <P Name="MarkerShape">Sphere</P>
      <P Name="MarkerSize">10</P>
      <P Name="MarkerSize_conf">compiletime</P>
      <P Name="GraphicVisPropType">SimpleVisualProperties</P>
      <P Name="GraphicDiffuseColor">[0.5 0.5 0.5]</P>
      <P Name="GraphicDiffuseColor_conf">compiletime</P>
      <P Name="GraphicOpacity">1.0</P>
      <P Name="GraphicOpacity_conf">compiletime</P>
      <P Name="GraphicSpecularColor">[0.5 0.5 0.5 1.0]</P>
      <P Name="GraphicSpecularColor_conf">compiletime</P>
      <P Name="GraphicAmbientColor">[0.15 0.15 0.15 1.0]</P>
      <P Name="GraphicAmbientColor_conf">compiletime</P>
      <P Name="GraphicEmissiveColor">[0.0 0.0 0.0 1.0]</P>
      <P Name="GraphicEmissiveColor_conf">compiletime</P>
      <P Name="GraphicShininess">75</P>
      <P Name="GraphicShininess_conf">compiletime</P>
      <P Name="DoExposeReferenceFrame">off</P>
      <P Name="SerializedFrames">&lt;Frames&gt;&lt;Frame&gt;&lt;Id&gt;Frame1&lt;/Id&gt;&lt;Value&gt;&lt;Name&gt;F1&lt;/Name&gt;&lt;Origin&gt;&lt;Source&gt;GeometricFeature&lt;/Source&gt;&lt;FeatureName&gt;-y surface&lt;/FeatureName&gt;&lt;/Origin&gt;&lt;PrimaryAxis&gt;&lt;DefinedDirection&gt;+Z&lt;/DefinedDirection&gt;&lt;Source&gt;ReferenceFrame&lt;/Source&gt;&lt;SourceDirection&gt;+Z&lt;/SourceDirection&gt;&lt;FeatureName&gt;&lt;/FeatureName&gt;&lt;/PrimaryAxis&gt;&lt;SecondaryAxis&gt;&lt;DefinedDirection&gt;+X&lt;/DefinedDirection&gt;&lt;Source&gt;ReferenceFrame&lt;/Source&gt;&lt;SourceDirection&gt;+X&lt;/SourceDirection&gt;&lt;FeatureName&gt;&lt;/FeatureName&gt;&lt;/SecondaryAxis&gt;&lt;/Value&gt;&lt;/Frame&gt;&lt;Frame&gt;&lt;Id&gt;Frame2&lt;/Id&gt;&lt;Value&gt;&lt;Name&gt;F2&lt;/Name&gt;&lt;Origin&gt;&lt;Source&gt;GeometricFeature&lt;/Source&gt;&lt;FeatureName&gt;+y surface&lt;/FeatureName&gt;&lt;/Origin&gt;&lt;PrimaryAxis&gt;&lt;DefinedDirection&gt;+Z&lt;/DefinedDirection&gt;&lt;Source&gt;ReferenceFrame&lt;/Source&gt;&lt;SourceDirection&gt;+X&lt;/SourceDirection&gt;&lt;FeatureName&gt;&lt;/FeatureName&gt;&lt;/PrimaryAxis&gt;&lt;SecondaryAxis&gt;&lt;DefinedDirection&gt;+X&lt;/DefinedDirection&gt;&lt;Source&gt;ReferenceFrame&lt;/Source&gt;&lt;SourceDirection&gt;+Y&lt;/SourceDirection&gt;&lt;FeatureName&gt;&lt;/FeatureName&gt;&lt;/SecondaryAxis&gt;&lt;/Value&gt;&lt;/Frame&gt;&lt;/Frames&gt;</P>
    </InstanceData>
  </Block>
  <Block BlockType="Reference" Name="DifferentialBar" SID="237">
    <PortCounts lconn="3" rconn="2"/>
    <P Name="Position">[190, 130, 280, 190]</P>
    <P Name="ZOrder">42</P>
    <P Name="LibraryVersion">24.21</P>
    <P Name="SourceBlock">sm_lib/Body Elements/File Solid</P>
    <P Name="SourceType">File Solid</P>
    <InstanceData>
      <P Name="LogSimulationData">off</P>
      <P Name="SimscapeInstrumentationLogging">off</P>
      <P Name="SimscapeInstrumentationVariables" Ref="bdmxdata:SimscapeInstrumentationVariables_237"/>
      <P Name="ExtGeomFileName">sm_mars_RoverData\mobility_differential_bar.SLDPRT</P>
      <P Name="UnitType">Custom</P>
      <P Name="ExtGeomFileUnits">cm</P>
      <P Name="StepReaderType">HEX</P>
      <P Name="ExportConvexHullGeometry">off</P>
      <P Name="InertiaType">CalculateFromGeometry</P>
      <P Name="BasedOnType">Density</P>
      <P Name="Density">2700*10</P>
      <P Name="Density_conf">compiletime</P>
      <P Name="DensityUnits">kg/m^3</P>
      <P Name="Mass">5</P>
      <P Name="Mass_conf">compiletime</P>
      <P Name="MassUnits">kg</P>
      <P Name="CenterOfMass">[0 0 0]</P>
      <P Name="CenterOfMass_conf">compiletime</P>
      <P Name="CenterOfMassUnits">m</P>
      <P Name="MomentsOfInertia">[1 1 1]</P>
      <P Name="MomentsOfInertia_conf">compiletime</P>
      <P Name="MomentsOfInertiaUnits">kg*m^2</P>
      <P Name="ProductsOfInertia">[0 0 0]</P>
      <P Name="ProductsOfInertia_conf">compiletime</P>
      <P Name="ProductsOfInertiaUnits">kg*m^2</P>
      <P Name="GraphicType">None</P>
      <P Name="MarkerShape">Sphere</P>
      <P Name="MarkerSize">10</P>
      <P Name="MarkerSize_conf">compiletime</P>
      <P Name="GraphicVisPropType">SimpleVisualProperties</P>
      <P Name="GraphicDiffuseColor">[0.4 0.4 0.4]</P>
      <P Name="GraphicDiffuseColor_conf">compiletime</P>
      <P Name="GraphicOpacity">1.0</P>
      <P Name="GraphicOpacity_conf">compiletime</P>
      <P Name="GraphicSpecularColor">[0.5 0.5 0.5 1.0]</P>
      <P Name="GraphicSpecularColor_conf">compiletime</P>
      <P Name="GraphicAmbientColor">[0.15 0.15 0.15 1.0]</P>
      <P Name="GraphicAmbientColor_conf">compiletime</P>
      <P Name="GraphicEmissiveColor">[0.0 0.0 0.0 1.0]</P>
      <P Name="GraphicEmissiveColor_conf">compiletime</P>
      <P Name="GraphicShininess">75</P>
      <P Name="GraphicShininess_conf">compiletime</P>
      <P Name="DoExposeReferenceFrame">on</P>
      <P Name="SerializedFrames">&lt;Frames&gt;&lt;Frame&gt;&lt;Id&gt;Frame1&lt;/Id&gt;&lt;Value&gt;&lt;Name&gt;F1&lt;/Name&gt;&lt;Origin&gt;&lt;Source&gt;GeometricFeature&lt;/Source&gt;&lt;FeatureName&gt;circular curve 2&lt;/FeatureName&gt;&lt;/Origin&gt;&lt;PrimaryAxis&gt;&lt;DefinedDirection&gt;+Z&lt;/DefinedDirection&gt;&lt;Source&gt;ReferenceFrame&lt;/Source&gt;&lt;SourceDirection&gt;+Z&lt;/SourceDirection&gt;&lt;FeatureName&gt;&lt;/FeatureName&gt;&lt;/PrimaryAxis&gt;&lt;SecondaryAxis&gt;&lt;DefinedDirection&gt;+X&lt;/DefinedDirection&gt;&lt;Source&gt;ReferenceFrame&lt;/Source&gt;&lt;SourceDirection&gt;+X&lt;/SourceDirection&gt;&lt;FeatureName&gt;&lt;/FeatureName&gt;&lt;/SecondaryAxis&gt;&lt;/Value&gt;&lt;/Frame&gt;&lt;Frame&gt;&lt;Id&gt;Frame2&lt;/Id&gt;&lt;Value&gt;&lt;Name&gt;F2&lt;/Name&gt;&lt;Origin&gt;&lt;Source&gt;GeometricFeature&lt;/Source&gt;&lt;FeatureName&gt;circular curve 3&lt;/FeatureName&gt;&lt;/Origin&gt;&lt;PrimaryAxis&gt;&lt;DefinedDirection&gt;+Z&lt;/DefinedDirection&gt;&lt;Source&gt;ReferenceFrame&lt;/Source&gt;&lt;SourceDirection&gt;-Y&lt;/SourceDirection&gt;&lt;FeatureName&gt;&lt;/FeatureName&gt;&lt;/PrimaryAxis&gt;&lt;SecondaryAxis&gt;&lt;DefinedDirection&gt;+X&lt;/DefinedDirection&gt;&lt;Source&gt;ReferenceFrame&lt;/Source&gt;&lt;SourceDirection&gt;-X&lt;/SourceDirection&gt;&lt;FeatureName&gt;&lt;/FeatureName&gt;&lt;/SecondaryAxis&gt;&lt;/Value&gt;&lt;/Frame&gt;&lt;Frame&gt;&lt;Id&gt;Frame3&lt;/Id&gt;&lt;Value&gt;&lt;Name&gt;F3&lt;/Name&gt;&lt;Origin&gt;&lt;Source&gt;GeometricFeature&lt;/Source&gt;&lt;FeatureName&gt;circular curve 1&lt;/FeatureName&gt;&lt;/Origin&gt;&lt;PrimaryAxis&gt;&lt;DefinedDirection&gt;+Z&lt;/DefinedDirection&gt;&lt;Source&gt;ReferenceFrame&lt;/Source&gt;&lt;SourceDirection&gt;-Y&lt;/SourceDirection&gt;&lt;FeatureName&gt;&lt;/FeatureName&gt;&lt;/PrimaryAxis&gt;&lt;SecondaryAxis&gt;&lt;DefinedDirection&gt;+X&lt;/DefinedDirection&gt;&lt;Source&gt;ReferenceFrame&lt;/Source&gt;&lt;SourceDirection&gt;+X&lt;/SourceDirection&gt;&lt;FeatureName&gt;&lt;/FeatureName&gt;&lt;/SecondaryAxis&gt;&lt;/Value&gt;&lt;/Frame&gt;&lt;Frame&gt;&lt;Id&gt;Frame4&lt;/Id&gt;&lt;Value&gt;&lt;Name&gt;ToChassis&lt;/Name&gt;&lt;Origin&gt;&lt;Source&gt;GeometricFeature&lt;/Source&gt;&lt;FeatureName&gt;circular curve 5&lt;/FeatureName&gt;&lt;/Origin&gt;&lt;PrimaryAxis&gt;&lt;DefinedDirection&gt;+Z&lt;/DefinedDirection&gt;&lt;Source&gt;ReferenceFrame&lt;/Source&gt;&lt;SourceDirection&gt;-Y&lt;/SourceDirection&gt;&lt;FeatureName&gt;&lt;/FeatureName&gt;&lt;/PrimaryAxis&gt;&lt;SecondaryAxis&gt;&lt;DefinedDirection&gt;+X&lt;/DefinedDirection&gt;&lt;Source&gt;ReferenceFrame&lt;/Source&gt;&lt;SourceDirection&gt;+X&lt;/SourceDirection&gt;&lt;FeatureName&gt;&lt;/FeatureName&gt;&lt;/SecondaryAxis&gt;&lt;/Value&gt;&lt;/Frame&gt;&lt;/Frames&gt;</P>
    </InstanceData>
  </Block>
  <Block BlockType="Reference" Name="DifferentialBar_Viz" SID="238">
    <PortCounts rconn="1"/>
    <P Name="Position">[315, 90, 355, 130]</P>
    <P Name="ZOrder">100000</P>
    <P Name="BlockMirror">on</P>
    <P Name="LibraryVersion">24.21</P>
    <P Name="SourceBlock">sm_lib/Body Elements/File Solid</P>
    <P Name="SourceType">File Solid</P>
    <InstanceData>
      <P Name="LogSimulationData">off</P>
      <P Name="SimscapeInstrumentationLogging">off</P>
      <P Name="SimscapeInstrumentationVariables" Ref="bdmxdata:SimscapeInstrumentationVariables_238"/>
      <P Name="ExtGeomFileName">sm_mars_RoverData\mobility_differential_bar.stl</P>
      <P Name="UnitType">Custom</P>
      <P Name="ExtGeomFileUnits">cm</P>
      <P Name="StepReaderType">HEX</P>
      <P Name="ExportConvexHullGeometry">off</P>
      <P Name="InertiaType">Custom</P>
      <P Name="BasedOnType">DensityFromFile</P>
      <P Name="Density">1000</P>
      <P Name="Density_conf">compiletime</P>
      <P Name="DensityUnits">kg/m^3</P>
      <P Name="Mass">0</P>
      <P Name="Mass_conf">compiletime</P>
      <P Name="MassUnits">kg</P>
      <P Name="CenterOfMass">[0 0 0]</P>
      <P Name="CenterOfMass_conf">compiletime</P>
      <P Name="CenterOfMassUnits">m</P>
      <P Name="MomentsOfInertia">[1 1 1]*0</P>
      <P Name="MomentsOfInertia_conf">compiletime</P>
      <P Name="MomentsOfInertiaUnits">kg*m^2</P>
      <P Name="ProductsOfInertia">[0 0 0]</P>
      <P Name="ProductsOfInertia_conf">compiletime</P>
      <P Name="ProductsOfInertiaUnits">kg*m^2</P>
      <P Name="GraphicType">FromGeometry</P>
      <P Name="MarkerShape">Sphere</P>
      <P Name="MarkerSize">10</P>
      <P Name="MarkerSize_conf">compiletime</P>
      <P Name="GraphicVisPropType">AdvancedVisualProperties</P>
      <P Name="GraphicDiffuseColor">[0.2 0.2 0.2]</P>
      <P Name="GraphicDiffuseColor_conf">compiletime</P>
      <P Name="GraphicOpacity">1.0</P>
      <P Name="GraphicOpacity_conf">compiletime</P>
      <P Name="GraphicSpecularColor">[1 1 1 1.0]</P>
      <P Name="GraphicSpecularColor_conf">compiletime</P>
      <P Name="GraphicAmbientColor">[0.15 0.15 0.15 1.0]</P>
      <P Name="GraphicAmbientColor_conf">compiletime</P>
      <P Name="GraphicEmissiveColor">[0.0 0.0 0.0 1.0]</P>
      <P Name="GraphicEmissiveColor_conf">compiletime</P>
      <P Name="GraphicShininess">90</P>
      <P Name="GraphicShininess_conf">compiletime</P>
      <P Name="DoExposeReferenceFrame">on</P>
      <P Name="SerializedFrames">&lt;Frames/&gt;</P>
    </InstanceData>
  </Block>
  <Block BlockType="Reference" Name="Rigid&#xA;Transform" SID="239">
    <PortCounts lconn="1" rconn="1"/>
    <P Name="Position">[305, 160, 345, 200]</P>
    <P Name="ZOrder">58</P>
    <P Name="LibraryVersion">24.21</P>
    <P Name="SourceBlock">sm_lib/Frames and
Transforms/Rigid
Transform</P>
    <P Name="SourceType">Rigid
Transform</P>
    <InstanceData>
      <P Name="LogSimulationData">off</P>
      <P Name="SimscapeInstrumentationLogging">off</P>
      <P Name="SimscapeInstrumentationVariables" Ref="bdmxdata:SimscapeInstrumentationVariables_239"/>
      <P Name="RotationMethod">None</P>
      <P Name="FollAlignAxisA">+X</P>
      <P Name="BaseAlignAxisA">+Y</P>
      <P Name="FollAlignAxisB">+Y</P>
      <P Name="BaseAlignAxisB">+Z</P>
      <P Name="RotationStandardAxis">+Z</P>
      <P Name="RotationAngle">0.0</P>
      <P Name="RotationAngle_conf">compiletime</P>
      <P Name="RotationAngleUnits">deg</P>
      <P Name="RotationArbitraryAxis">[0 0 1]</P>
      <P Name="RotationArbitraryAxis_conf">compiletime</P>
      <P Name="RotationSequenceAxes">FollowerAxes</P>
      <P Name="RotationSequence">XYX</P>
      <P Name="RotationSequenceAngles">[0 0 0]</P>
      <P Name="RotationSequenceAngles_conf">compiletime</P>
      <P Name="RotationSequenceAnglesUnits">deg</P>
      <P Name="RotationMatrix">[1 0 0; 0 1 0; 0 0 1]</P>
      <P Name="RotationMatrix_conf">compiletime</P>
      <P Name="Quaternion">[1 0 0 0]</P>
      <P Name="Quaternion_conf">compiletime</P>
      <P Name="TranslationMethod">Cartesian</P>
      <P Name="TranslationCartesianOffset">[0 0 -2.979999908473971]</P>
      <P Name="TranslationCartesianOffset_conf">compiletime</P>
      <P Name="TranslationCartesianOffsetUnits">cm</P>
      <P Name="TranslationStandardAxis">-Z</P>
      <P Name="TranslationStandardOffset">2+0.979999908473971</P>
      <P Name="TranslationStandardOffset_conf">compiletime</P>
      <P Name="TranslationStandardOffsetUnits">cm</P>
      <P Name="TranslationROffset">0</P>
      <P Name="TranslationROffset_conf">compiletime</P>
      <P Name="TranslationROffsetUnits">m</P>
      <P Name="TranslationThetaOffset">0</P>
      <P Name="TranslationThetaOffset_conf">compiletime</P>
      <P Name="TranslationThetaOffsetUnits">deg</P>
      <P Name="TranslationZOffset">0</P>
      <P Name="TranslationZOffset_conf">compiletime</P>
      <P Name="TranslationZOffsetUnits">m</P>
    </InstanceData>
  </Block>
  <Block BlockType="Reference" Name="Rigid&#xA;Transform1" SID="240">
    <PortCounts lconn="1" rconn="1"/>
    <P Name="Position">[215, 20, 255, 60]</P>
    <P Name="ZOrder">87</P>
    <P Name="LibraryVersion">24.21</P>
    <P Name="SourceBlock">sm_lib/Frames and
Transforms/Rigid
Transform</P>
    <P Name="SourceType">Rigid
Transform</P>
    <InstanceData>
      <P Name="LogSimulationData">off</P>
      <P Name="SimscapeInstrumentationLogging">off</P>
      <P Name="SimscapeInstrumentationVariables" Ref="bdmxdata:SimscapeInstrumentationVariables_240"/>
      <P Name="RotationMethod">None</P>
      <P Name="FollAlignAxisA">+X</P>
      <P Name="BaseAlignAxisA">+Y</P>
      <P Name="FollAlignAxisB">+Y</P>
      <P Name="BaseAlignAxisB">+Z</P>
      <P Name="RotationStandardAxis">+Z</P>
      <P Name="RotationAngle">0.0</P>
      <P Name="RotationAngle_conf">compiletime</P>
      <P Name="RotationAngleUnits">deg</P>
      <P Name="RotationArbitraryAxis">[0 0 1]</P>
      <P Name="RotationArbitraryAxis_conf">compiletime</P>
      <P Name="RotationSequenceAxes">FollowerAxes</P>
      <P Name="RotationSequence">XYX</P>
      <P Name="RotationSequenceAngles">[0 0 0]</P>
      <P Name="RotationSequenceAngles_conf">compiletime</P>
      <P Name="RotationSequenceAnglesUnits">deg</P>
      <P Name="RotationMatrix">[1 0 0; 0 1 0; 0 0 1]</P>
      <P Name="RotationMatrix_conf">compiletime</P>
      <P Name="Quaternion">[1 0 0 0]</P>
      <P Name="Quaternion_conf">compiletime</P>
      <P Name="TranslationMethod">Cartesian</P>
      <P Name="TranslationCartesianOffset">[0 0 -2.979999908473971]</P>
      <P Name="TranslationCartesianOffset_conf">compiletime</P>
      <P Name="TranslationCartesianOffsetUnits">cm</P>
      <P Name="TranslationStandardAxis">-Z</P>
      <P Name="TranslationStandardOffset">2+0.979999908473971</P>
      <P Name="TranslationStandardOffset_conf">compiletime</P>
      <P Name="TranslationStandardOffsetUnits">cm</P>
      <P Name="TranslationROffset">0</P>
      <P Name="TranslationROffset_conf">compiletime</P>
      <P Name="TranslationROffsetUnits">m</P>
      <P Name="TranslationThetaOffset">0</P>
      <P Name="TranslationThetaOffset_conf">compiletime</P>
      <P Name="TranslationThetaOffsetUnits">deg</P>
      <P Name="TranslationZOffset">0</P>
      <P Name="TranslationZOffset_conf">compiletime</P>
      <P Name="TranslationZOffsetUnits">m</P>
    </InstanceData>
  </Block>
  <Block BlockType="Reference" Name="Rigid&#xA;Transform2" SID="241">
    <PortCounts lconn="1" rconn="1"/>
    <P Name="Position">[275, 20, 315, 60]</P>
    <P Name="ZOrder">100000</P>
    <P Name="LibraryVersion">24.21</P>
    <P Name="SourceBlock">sm_lib/Frames and
Transforms/Rigid
Transform</P>
    <P Name="SourceType">Rigid
Transform</P>
    <InstanceData>
      <P Name="LogSimulationData">off</P>
      <P Name="SimscapeInstrumentationLogging">off</P>
      <P Name="SimscapeInstrumentationVariables" Ref="bdmxdata:SimscapeInstrumentationVariables_241"/>
      <P Name="RotationMethod">StandardAxis</P>
      <P Name="FollAlignAxisA">+X</P>
      <P Name="BaseAlignAxisA">+Y</P>
      <P Name="FollAlignAxisB">+Y</P>
      <P Name="BaseAlignAxisB">+Z</P>
      <P Name="RotationStandardAxis">+X</P>
      <P Name="RotationAngle">90</P>
      <P Name="RotationAngle_conf">compiletime</P>
      <P Name="RotationAngleUnits">deg</P>
      <P Name="RotationArbitraryAxis">[0 0 1]</P>
      <P Name="RotationArbitraryAxis_conf">compiletime</P>
      <P Name="RotationSequenceAxes">FollowerAxes</P>
      <P Name="RotationSequence">XYX</P>
      <P Name="RotationSequenceAngles">[0 0 0]</P>
      <P Name="RotationSequenceAngles_conf">compiletime</P>
      <P Name="RotationSequenceAnglesUnits">deg</P>
      <P Name="RotationMatrix">[1 0 0; 0 1 0; 0 0 1]</P>
      <P Name="RotationMatrix_conf">compiletime</P>
      <P Name="Quaternion">[1 0 0 0]</P>
      <P Name="Quaternion_conf">compiletime</P>
      <P Name="TranslationMethod">None</P>
      <P Name="TranslationCartesianOffset">[0 0 -2.979999908473971]</P>
      <P Name="TranslationCartesianOffset_conf">compiletime</P>
      <P Name="TranslationCartesianOffsetUnits">cm</P>
      <P Name="TranslationStandardAxis">-Z</P>
      <P Name="TranslationStandardOffset">2+0.979999908473971</P>
      <P Name="TranslationStandardOffset_conf">compiletime</P>
      <P Name="TranslationStandardOffsetUnits">cm</P>
      <P Name="TranslationROffset">0</P>
      <P Name="TranslationROffset_conf">compiletime</P>
      <P Name="TranslationROffsetUnits">m</P>
      <P Name="TranslationThetaOffset">0</P>
      <P Name="TranslationThetaOffset_conf">compiletime</P>
      <P Name="TranslationThetaOffsetUnits">deg</P>
      <P Name="TranslationZOffset">0</P>
      <P Name="TranslationZOffset_conf">compiletime</P>
      <P Name="TranslationZOffsetUnits">m</P>
    </InstanceData>
  </Block>
  <Block BlockType="Reference" Name="Rigid&#xA;Transform3" SID="242">
    <PortCounts lconn="1" rconn="1"/>
    <P Name="Position">[580, 160, 620, 200]</P>
    <P Name="ZOrder">70</P>
    <P Name="LibraryVersion">24.21</P>
    <P Name="SourceBlock">sm_lib/Frames and
Transforms/Rigid
Transform</P>
    <P Name="SourceType">Rigid
Transform</P>
    <InstanceData>
      <P Name="LogSimulationData">off</P>
      <P Name="SimscapeInstrumentationLogging">off</P>
      <P Name="SimscapeInstrumentationVariables" Ref="bdmxdata:SimscapeInstrumentationVariables_242"/>
      <P Name="RotationMethod">StandardAxis</P>
      <P Name="FollAlignAxisA">+X</P>
      <P Name="BaseAlignAxisA">+Y</P>
      <P Name="FollAlignAxisB">+Y</P>
      <P Name="BaseAlignAxisB">+Z</P>
      <P Name="RotationStandardAxis">+X</P>
      <P Name="RotationAngle">180</P>
      <P Name="RotationAngle_conf">compiletime</P>
      <P Name="RotationAngleUnits">deg</P>
      <P Name="RotationArbitraryAxis">[0 0 1]</P>
      <P Name="RotationArbitraryAxis_conf">compiletime</P>
      <P Name="RotationSequenceAxes">FollowerAxes</P>
      <P Name="RotationSequence">XYX</P>
      <P Name="RotationSequenceAngles">[0 0 0]</P>
      <P Name="RotationSequenceAngles_conf">compiletime</P>
      <P Name="RotationSequenceAnglesUnits">deg</P>
      <P Name="RotationMatrix">[1 0 0; 0 1 0; 0 0 1]</P>
      <P Name="RotationMatrix_conf">compiletime</P>
      <P Name="Quaternion">[1 0 0 0]</P>
      <P Name="Quaternion_conf">compiletime</P>
      <P Name="TranslationMethod">None</P>
      <P Name="TranslationCartesianOffset">[0 0 0]</P>
      <P Name="TranslationCartesianOffset_conf">compiletime</P>
      <P Name="TranslationCartesianOffsetUnits">m</P>
      <P Name="TranslationStandardAxis">+Z</P>
      <P Name="TranslationStandardOffset">0</P>
      <P Name="TranslationStandardOffset_conf">compiletime</P>
      <P Name="TranslationStandardOffsetUnits">m</P>
      <P Name="TranslationROffset">0</P>
      <P Name="TranslationROffset_conf">compiletime</P>
      <P Name="TranslationROffsetUnits">m</P>
      <P Name="TranslationThetaOffset">0</P>
      <P Name="TranslationThetaOffset_conf">compiletime</P>
      <P Name="TranslationThetaOffsetUnits">deg</P>
      <P Name="TranslationZOffset">0</P>
      <P Name="TranslationZOffset_conf">compiletime</P>
      <P Name="TranslationZOffsetUnits">m</P>
    </InstanceData>
  </Block>
  <Block BlockType="Reference" Name="Rigid&#xA;Transform4" SID="243">
    <PortCounts lconn="1" rconn="1"/>
    <P Name="Position">[430, 20, 470, 60]</P>
    <P Name="ZOrder">81</P>
    <P Name="LibraryVersion">24.21</P>
    <P Name="SourceBlock">sm_lib/Frames and
Transforms/Rigid
Transform</P>
    <P Name="SourceType">Rigid
Transform</P>
    <InstanceData>
      <P Name="LogSimulationData">off</P>
      <P Name="SimscapeInstrumentationLogging">off</P>
      <P Name="SimscapeInstrumentationVariables" Ref="bdmxdata:SimscapeInstrumentationVariables_243"/>
      <P Name="RotationMethod">StandardAxis</P>
      <P Name="FollAlignAxisA">+X</P>
      <P Name="BaseAlignAxisA">+Y</P>
      <P Name="FollAlignAxisB">+Y</P>
      <P Name="BaseAlignAxisB">+Z</P>
      <P Name="RotationStandardAxis">+X</P>
      <P Name="RotationAngle">90</P>
      <P Name="RotationAngle_conf">compiletime</P>
      <P Name="RotationAngleUnits">deg</P>
      <P Name="RotationArbitraryAxis">[0 0 1]</P>
      <P Name="RotationArbitraryAxis_conf">compiletime</P>
      <P Name="RotationSequenceAxes">FollowerAxes</P>
      <P Name="RotationSequence">XYX</P>
      <P Name="RotationSequenceAngles">[0 0 0]</P>
      <P Name="RotationSequenceAngles_conf">compiletime</P>
      <P Name="RotationSequenceAnglesUnits">deg</P>
      <P Name="RotationMatrix">[1 0 0; 0 1 0; 0 0 1]</P>
      <P Name="RotationMatrix_conf">compiletime</P>
      <P Name="Quaternion">[1 0 0 0]</P>
      <P Name="Quaternion_conf">compiletime</P>
      <P Name="TranslationMethod">None</P>
      <P Name="TranslationCartesianOffset">[0 0 0]</P>
      <P Name="TranslationCartesianOffset_conf">compiletime</P>
      <P Name="TranslationCartesianOffsetUnits">m</P>
      <P Name="TranslationStandardAxis">+Z</P>
      <P Name="TranslationStandardOffset">0</P>
      <P Name="TranslationStandardOffset_conf">compiletime</P>
      <P Name="TranslationStandardOffsetUnits">m</P>
      <P Name="TranslationROffset">0</P>
      <P Name="TranslationROffset_conf">compiletime</P>
      <P Name="TranslationROffsetUnits">m</P>
      <P Name="TranslationThetaOffset">0</P>
      <P Name="TranslationThetaOffset_conf">compiletime</P>
      <P Name="TranslationThetaOffsetUnits">deg</P>
      <P Name="TranslationZOffset">0</P>
      <P Name="TranslationZOffset_conf">compiletime</P>
      <P Name="TranslationZOffsetUnits">m</P>
    </InstanceData>
  </Block>
  <Block BlockType="Reference" Name="Rigid&#xA;Transform5" SID="244">
    <PortCounts lconn="1" rconn="1"/>
    <P Name="Position">[370, 160, 410, 200]</P>
    <P Name="ZOrder">100000</P>
    <P Name="LibraryVersion">24.21</P>
    <P Name="SourceBlock">sm_lib/Frames and
Transforms/Rigid
Transform</P>
    <P Name="SourceType">Rigid
Transform</P>
    <InstanceData>
      <P Name="LogSimulationData">off</P>
      <P Name="SimscapeInstrumentationLogging">off</P>
      <P Name="SimscapeInstrumentationVariables" Ref="bdmxdata:SimscapeInstrumentationVariables_244"/>
      <P Name="RotationMethod">StandardAxis</P>
      <P Name="FollAlignAxisA">+X</P>
      <P Name="BaseAlignAxisA">+Y</P>
      <P Name="FollAlignAxisB">+Y</P>
      <P Name="BaseAlignAxisB">+Z</P>
      <P Name="RotationStandardAxis">+X</P>
      <P Name="RotationAngle">90</P>
      <P Name="RotationAngle_conf">compiletime</P>
      <P Name="RotationAngleUnits">deg</P>
      <P Name="RotationArbitraryAxis">[0 0 1]</P>
      <P Name="RotationArbitraryAxis_conf">compiletime</P>
      <P Name="RotationSequenceAxes">FollowerAxes</P>
      <P Name="RotationSequence">XYX</P>
      <P Name="RotationSequenceAngles">[0 0 0]</P>
      <P Name="RotationSequenceAngles_conf">compiletime</P>
      <P Name="RotationSequenceAnglesUnits">deg</P>
      <P Name="RotationMatrix">[1 0 0; 0 1 0; 0 0 1]</P>
      <P Name="RotationMatrix_conf">compiletime</P>
      <P Name="Quaternion">[1 0 0 0]</P>
      <P Name="Quaternion_conf">compiletime</P>
      <P Name="TranslationMethod">None</P>
      <P Name="TranslationCartesianOffset">[0 0 -2.979999908473971]</P>
      <P Name="TranslationCartesianOffset_conf">compiletime</P>
      <P Name="TranslationCartesianOffsetUnits">cm</P>
      <P Name="TranslationStandardAxis">-Z</P>
      <P Name="TranslationStandardOffset">2+0.979999908473971</P>
      <P Name="TranslationStandardOffset_conf">compiletime</P>
      <P Name="TranslationStandardOffsetUnits">cm</P>
      <P Name="TranslationROffset">0</P>
      <P Name="TranslationROffset_conf">compiletime</P>
      <P Name="TranslationROffsetUnits">m</P>
      <P Name="TranslationThetaOffset">0</P>
      <P Name="TranslationThetaOffset_conf">compiletime</P>
      <P Name="TranslationThetaOffsetUnits">deg</P>
      <P Name="TranslationZOffset">0</P>
      <P Name="TranslationZOffset_conf">compiletime</P>
      <P Name="TranslationZOffsetUnits">m</P>
    </InstanceData>
  </Block>
  <Block BlockType="Reference" Name="Rigid&#xA;Transform6" SID="245">
    <PortCounts lconn="1" rconn="1"/>
    <P Name="Position">[505, 160, 545, 200]</P>
    <P Name="ZOrder">100000</P>
    <P Name="LibraryVersion">24.21</P>
    <P Name="SourceBlock">sm_lib/Frames and
Transforms/Rigid
Transform</P>
    <P Name="SourceType">Rigid
Transform</P>
    <InstanceData>
      <P Name="LogSimulationData">off</P>
      <P Name="SimscapeInstrumentationLogging">off</P>
      <P Name="SimscapeInstrumentationVariables" Ref="bdmxdata:SimscapeInstrumentationVariables_245"/>
      <P Name="RotationMethod">StandardAxis</P>
      <P Name="FollAlignAxisA">+X</P>
      <P Name="BaseAlignAxisA">+Y</P>
      <P Name="FollAlignAxisB">+Y</P>
      <P Name="BaseAlignAxisB">+Z</P>
      <P Name="RotationStandardAxis">+X</P>
      <P Name="RotationAngle">90</P>
      <P Name="RotationAngle_conf">compiletime</P>
      <P Name="RotationAngleUnits">deg</P>
      <P Name="RotationArbitraryAxis">[0 0 1]</P>
      <P Name="RotationArbitraryAxis_conf">compiletime</P>
      <P Name="RotationSequenceAxes">FollowerAxes</P>
      <P Name="RotationSequence">XYX</P>
      <P Name="RotationSequenceAngles">[0 0 0]</P>
      <P Name="RotationSequenceAngles_conf">compiletime</P>
      <P Name="RotationSequenceAnglesUnits">deg</P>
      <P Name="RotationMatrix">[1 0 0; 0 1 0; 0 0 1]</P>
      <P Name="RotationMatrix_conf">compiletime</P>
      <P Name="Quaternion">[1 0 0 0]</P>
      <P Name="Quaternion_conf">compiletime</P>
      <P Name="TranslationMethod">None</P>
      <P Name="TranslationCartesianOffset">[0 0 0]</P>
      <P Name="TranslationCartesianOffset_conf">compiletime</P>
      <P Name="TranslationCartesianOffsetUnits">m</P>
      <P Name="TranslationStandardAxis">+Z</P>
      <P Name="TranslationStandardOffset">0</P>
      <P Name="TranslationStandardOffset_conf">compiletime</P>
      <P Name="TranslationStandardOffsetUnits">m</P>
      <P Name="TranslationROffset">0</P>
      <P Name="TranslationROffset_conf">compiletime</P>
      <P Name="TranslationROffsetUnits">m</P>
      <P Name="TranslationThetaOffset">0</P>
      <P Name="TranslationThetaOffset_conf">compiletime</P>
      <P Name="TranslationThetaOffsetUnits">deg</P>
      <P Name="TranslationZOffset">0</P>
      <P Name="TranslationZOffset_conf">compiletime</P>
      <P Name="TranslationZOffsetUnits">m</P>
    </InstanceData>
  </Block>
  <Block BlockType="Reference" Name="Universal&#xA;Joint" SID="246">
    <PortCounts lconn="1" rconn="1"/>
    <P Name="Position">[340, 20, 380, 60]</P>
    <P Name="ZOrder">100000</P>
    <P Name="LibraryVersion">24.21</P>
    <P Name="SourceBlock">sm_lib/Joints/Universal
Joint</P>
    <P Name="SourceType">Universal
Joint</P>
    <InstanceData>
      <P Name="LogSimulationData">off</P>
      <P Name="SimscapeInstrumentationLogging">off</P>
      <P Name="SimscapeInstrumentationVariables" Ref="bdmxdata:SimscapeInstrumentationVariables_246"/>
      <P Name="JointMode">Normal</P>
      <P Name="CompositeWrenchDir">FollowerOnBase</P>
      <P Name="CompositeWrenchFrame">BaseFrame</P>
      <P Name="SenseConstraintForce">off</P>
      <P Name="SenseConstraintTorque">off</P>
      <P Name="SenseTotalForce">off</P>
      <P Name="SenseTotalTorque">off</P>
      <P Name="RxPositionTargetSpecify">off</P>
      <P Name="RxPositionTargetPriority">High</P>
      <P Name="RxPositionTargetValue">0</P>
      <P Name="RxPositionTargetValue_conf">compiletime</P>
      <P Name="RxPositionTargetValueUnits">deg</P>
      <P Name="RxVelocityTargetSpecify">off</P>
      <P Name="RxVelocityTargetPriority">High</P>
      <P Name="RxVelocityTargetValue">0</P>
      <P Name="RxVelocityTargetValue_conf">compiletime</P>
      <P Name="RxVelocityTargetValueUnits">deg/s</P>
      <P Name="RxEquilibriumPosition">0</P>
      <P Name="RxEquilibriumPosition_conf">compiletime</P>
      <P Name="RxEquilibriumPositionUnits">deg</P>
      <P Name="RxSpringStiffness">0</P>
      <P Name="RxSpringStiffness_conf">compiletime</P>
      <P Name="RxSpringStiffnessUnits">N*m/deg</P>
      <P Name="RxDampingCoefficient">0</P>
      <P Name="RxDampingCoefficient_conf">compiletime</P>
      <P Name="RxDampingCoefficientUnits">N*m/(deg/s)</P>
      <P Name="RxLowerLimitSpecify">off</P>
      <P Name="RxLowerLimitBound">-90</P>
      <P Name="RxLowerLimitBound_conf">compiletime</P>
      <P Name="RxLowerLimitBoundUnits">deg</P>
      <P Name="RxLowerLimitStiffness">1e4</P>
      <P Name="RxLowerLimitStiffness_conf">compiletime</P>
      <P Name="RxLowerLimitStiffnessUnits">N*m/deg</P>
      <P Name="RxLowerLimitDamping">10</P>
      <P Name="RxLowerLimitDamping_conf">compiletime</P>
      <P Name="RxLowerLimitDampingUnits">N*m/(deg/s)</P>
      <P Name="RxLowerLimitTransitionRegionWidth">0.1</P>
      <P Name="RxLowerLimitTransitionRegionWidth_conf">compiletime</P>
      <P Name="RxLowerLimitTransitionRegionWidthUnits">deg</P>
      <P Name="RxUpperLimitSpecify">off</P>
      <P Name="RxUpperLimitBound">90</P>
      <P Name="RxUpperLimitBound_conf">compiletime</P>
      <P Name="RxUpperLimitBoundUnits">deg</P>
      <P Name="RxUpperLimitStiffness">1e4</P>
      <P Name="RxUpperLimitStiffness_conf">compiletime</P>
      <P Name="RxUpperLimitStiffnessUnits">N*m/deg</P>
      <P Name="RxUpperLimitDamping">10</P>
      <P Name="RxUpperLimitDamping_conf">compiletime</P>
      <P Name="RxUpperLimitDampingUnits">N*m/(deg/s)</P>
      <P Name="RxUpperLimitTransitionRegionWidth">0.1</P>
      <P Name="RxUpperLimitTransitionRegionWidth_conf">compiletime</P>
      <P Name="RxUpperLimitTransitionRegionWidthUnits">deg</P>
      <P Name="RxTorqueActuationMode">NoTorque</P>
      <P Name="RxMotionActuationMode">ComputedMotion</P>
      <P Name="RxSensePosition">off</P>
      <P Name="RxSenseVelocity">off</P>
      <P Name="RxSenseAcceleration">off</P>
      <P Name="RxSenseTorqueForce">off</P>
      <P Name="RxSenseLowerLimitTorqueForce">off</P>
      <P Name="RxSenseUpperLimitTorqueForce">off</P>
      <P Name="RyPositionTargetSpecify">off</P>
      <P Name="RyPositionTargetPriority">High</P>
      <P Name="RyPositionTargetValue">0</P>
      <P Name="RyPositionTargetValue_conf">compiletime</P>
      <P Name="RyPositionTargetValueUnits">deg</P>
      <P Name="RyVelocityTargetSpecify">off</P>
      <P Name="RyVelocityTargetPriority">High</P>
      <P Name="RyVelocityTargetValue">0</P>
      <P Name="RyVelocityTargetValue_conf">compiletime</P>
      <P Name="RyVelocityTargetValueUnits">deg/s</P>
      <P Name="RyEquilibriumPosition">0</P>
      <P Name="RyEquilibriumPosition_conf">compiletime</P>
      <P Name="RyEquilibriumPositionUnits">deg</P>
      <P Name="RySpringStiffness">0</P>
      <P Name="RySpringStiffness_conf">compiletime</P>
      <P Name="RySpringStiffnessUnits">N*m/deg</P>
      <P Name="RyDampingCoefficient">0</P>
      <P Name="RyDampingCoefficient_conf">compiletime</P>
      <P Name="RyDampingCoefficientUnits">N*m/(deg/s)</P>
      <P Name="RyLowerLimitSpecify">off</P>
      <P Name="RyLowerLimitBound">-90</P>
      <P Name="RyLowerLimitBound_conf">compiletime</P>
      <P Name="RyLowerLimitBoundUnits">deg</P>
      <P Name="RyLowerLimitStiffness">1e4</P>
      <P Name="RyLowerLimitStiffness_conf">compiletime</P>
      <P Name="RyLowerLimitStiffnessUnits">N*m/deg</P>
      <P Name="RyLowerLimitDamping">10</P>
      <P Name="RyLowerLimitDamping_conf">compiletime</P>
      <P Name="RyLowerLimitDampingUnits">N*m/(deg/s)</P>
      <P Name="RyLowerLimitTransitionRegionWidth">0.1</P>
      <P Name="RyLowerLimitTransitionRegionWidth_conf">compiletime</P>
      <P Name="RyLowerLimitTransitionRegionWidthUnits">deg</P>
      <P Name="RyUpperLimitSpecify">off</P>
      <P Name="RyUpperLimitBound">90</P>
      <P Name="RyUpperLimitBound_conf">compiletime</P>
      <P Name="RyUpperLimitBoundUnits">deg</P>
      <P Name="RyUpperLimitStiffness">1e4</P>
      <P Name="RyUpperLimitStiffness_conf">compiletime</P>
      <P Name="RyUpperLimitStiffnessUnits">N*m/deg</P>
      <P Name="RyUpperLimitDamping">10</P>
      <P Name="RyUpperLimitDamping_conf">compiletime</P>
      <P Name="RyUpperLimitDampingUnits">N*m/(deg/s)</P>
      <P Name="RyUpperLimitTransitionRegionWidth">0.1</P>
      <P Name="RyUpperLimitTransitionRegionWidth_conf">compiletime</P>
      <P Name="RyUpperLimitTransitionRegionWidthUnits">deg</P>
      <P Name="RyTorqueActuationMode">NoTorque</P>
      <P Name="RyMotionActuationMode">ComputedMotion</P>
      <P Name="RySensePosition">off</P>
      <P Name="RySenseVelocity">off</P>
      <P Name="RySenseAcceleration">off</P>
      <P Name="RySenseTorqueForce">off</P>
      <P Name="RySenseLowerLimitTorqueForce">off</P>
      <P Name="RySenseUpperLimitTorqueForce">off</P>
    </InstanceData>
  </Block>
  <Block BlockType="Reference" Name="Universal&#xA;Joint1" SID="247">
    <PortCounts lconn="1" rconn="1"/>
    <P Name="Position">[430, 160, 470, 200]</P>
    <P Name="ZOrder">100000</P>
    <P Name="LibraryVersion">24.21</P>
    <P Name="SourceBlock">sm_lib/Joints/Universal
Joint</P>
    <P Name="SourceType">Universal
Joint</P>
    <InstanceData>
      <P Name="LogSimulationData">off</P>
      <P Name="SimscapeInstrumentationLogging">off</P>
      <P Name="SimscapeInstrumentationVariables" Ref="bdmxdata:SimscapeInstrumentationVariables_247"/>
      <P Name="JointMode">Normal</P>
      <P Name="CompositeWrenchDir">FollowerOnBase</P>
      <P Name="CompositeWrenchFrame">BaseFrame</P>
      <P Name="SenseConstraintForce">off</P>
      <P Name="SenseConstraintTorque">off</P>
      <P Name="SenseTotalForce">off</P>
      <P Name="SenseTotalTorque">off</P>
      <P Name="RxPositionTargetSpecify">off</P>
      <P Name="RxPositionTargetPriority">High</P>
      <P Name="RxPositionTargetValue">0</P>
      <P Name="RxPositionTargetValue_conf">compiletime</P>
      <P Name="RxPositionTargetValueUnits">deg</P>
      <P Name="RxVelocityTargetSpecify">off</P>
      <P Name="RxVelocityTargetPriority">High</P>
      <P Name="RxVelocityTargetValue">0</P>
      <P Name="RxVelocityTargetValue_conf">compiletime</P>
      <P Name="RxVelocityTargetValueUnits">deg/s</P>
      <P Name="RxEquilibriumPosition">0</P>
      <P Name="RxEquilibriumPosition_conf">compiletime</P>
      <P Name="RxEquilibriumPositionUnits">deg</P>
      <P Name="RxSpringStiffness">0</P>
      <P Name="RxSpringStiffness_conf">compiletime</P>
      <P Name="RxSpringStiffnessUnits">N*m/deg</P>
      <P Name="RxDampingCoefficient">0</P>
      <P Name="RxDampingCoefficient_conf">compiletime</P>
      <P Name="RxDampingCoefficientUnits">N*m/(deg/s)</P>
      <P Name="RxLowerLimitSpecify">off</P>
      <P Name="RxLowerLimitBound">-90</P>
      <P Name="RxLowerLimitBound_conf">compiletime</P>
      <P Name="RxLowerLimitBoundUnits">deg</P>
      <P Name="RxLowerLimitStiffness">1e4</P>
      <P Name="RxLowerLimitStiffness_conf">compiletime</P>
      <P Name="RxLowerLimitStiffnessUnits">N*m/deg</P>
      <P Name="RxLowerLimitDamping">10</P>
      <P Name="RxLowerLimitDamping_conf">compiletime</P>
      <P Name="RxLowerLimitDampingUnits">N*m/(deg/s)</P>
      <P Name="RxLowerLimitTransitionRegionWidth">0.1</P>
      <P Name="RxLowerLimitTransitionRegionWidth_conf">compiletime</P>
      <P Name="RxLowerLimitTransitionRegionWidthUnits">deg</P>
      <P Name="RxUpperLimitSpecify">off</P>
      <P Name="RxUpperLimitBound">90</P>
      <P Name="RxUpperLimitBound_conf">compiletime</P>
      <P Name="RxUpperLimitBoundUnits">deg</P>
      <P Name="RxUpperLimitStiffness">1e4</P>
      <P Name="RxUpperLimitStiffness_conf">compiletime</P>
      <P Name="RxUpperLimitStiffnessUnits">N*m/deg</P>
      <P Name="RxUpperLimitDamping">10</P>
      <P Name="RxUpperLimitDamping_conf">compiletime</P>
      <P Name="RxUpperLimitDampingUnits">N*m/(deg/s)</P>
      <P Name="RxUpperLimitTransitionRegionWidth">0.1</P>
      <P Name="RxUpperLimitTransitionRegionWidth_conf">compiletime</P>
      <P Name="RxUpperLimitTransitionRegionWidthUnits">deg</P>
      <P Name="RxTorqueActuationMode">NoTorque</P>
      <P Name="RxMotionActuationMode">ComputedMotion</P>
      <P Name="RxSensePosition">off</P>
      <P Name="RxSenseVelocity">off</P>
      <P Name="RxSenseAcceleration">off</P>
      <P Name="RxSenseTorqueForce">off</P>
      <P Name="RxSenseLowerLimitTorqueForce">off</P>
      <P Name="RxSenseUpperLimitTorqueForce">off</P>
      <P Name="RyPositionTargetSpecify">off</P>
      <P Name="RyPositionTargetPriority">High</P>
      <P Name="RyPositionTargetValue">0</P>
      <P Name="RyPositionTargetValue_conf">compiletime</P>
      <P Name="RyPositionTargetValueUnits">deg</P>
      <P Name="RyVelocityTargetSpecify">off</P>
      <P Name="RyVelocityTargetPriority">High</P>
      <P Name="RyVelocityTargetValue">0</P>
      <P Name="RyVelocityTargetValue_conf">compiletime</P>
      <P Name="RyVelocityTargetValueUnits">deg/s</P>
      <P Name="RyEquilibriumPosition">0</P>
      <P Name="RyEquilibriumPosition_conf">compiletime</P>
      <P Name="RyEquilibriumPositionUnits">deg</P>
      <P Name="RySpringStiffness">0</P>
      <P Name="RySpringStiffness_conf">compiletime</P>
      <P Name="RySpringStiffnessUnits">N*m/deg</P>
      <P Name="RyDampingCoefficient">0</P>
      <P Name="RyDampingCoefficient_conf">compiletime</P>
      <P Name="RyDampingCoefficientUnits">N*m/(deg/s)</P>
      <P Name="RyLowerLimitSpecify">off</P>
      <P Name="RyLowerLimitBound">-90</P>
      <P Name="RyLowerLimitBound_conf">compiletime</P>
      <P Name="RyLowerLimitBoundUnits">deg</P>
      <P Name="RyLowerLimitStiffness">1e4</P>
      <P Name="RyLowerLimitStiffness_conf">compiletime</P>
      <P Name="RyLowerLimitStiffnessUnits">N*m/deg</P>
      <P Name="RyLowerLimitDamping">10</P>
      <P Name="RyLowerLimitDamping_conf">compiletime</P>
      <P Name="RyLowerLimitDampingUnits">N*m/(deg/s)</P>
      <P Name="RyLowerLimitTransitionRegionWidth">0.1</P>
      <P Name="RyLowerLimitTransitionRegionWidth_conf">compiletime</P>
      <P Name="RyLowerLimitTransitionRegionWidthUnits">deg</P>
      <P Name="RyUpperLimitSpecify">off</P>
      <P Name="RyUpperLimitBound">90</P>
      <P Name="RyUpperLimitBound_conf">compiletime</P>
      <P Name="RyUpperLimitBoundUnits">deg</P>
      <P Name="RyUpperLimitStiffness">1e4</P>
      <P Name="RyUpperLimitStiffness_conf">compiletime</P>
      <P Name="RyUpperLimitStiffnessUnits">N*m/deg</P>
      <P Name="RyUpperLimitDamping">10</P>
      <P Name="RyUpperLimitDamping_conf">compiletime</P>
      <P Name="RyUpperLimitDampingUnits">N*m/(deg/s)</P>
      <P Name="RyUpperLimitTransitionRegionWidth">0.1</P>
      <P Name="RyUpperLimitTransitionRegionWidth_conf">compiletime</P>
      <P Name="RyUpperLimitTransitionRegionWidthUnits">deg</P>
      <P Name="RyTorqueActuationMode">NoTorque</P>
      <P Name="RyMotionActuationMode">ComputedMotion</P>
      <P Name="RySensePosition">off</P>
      <P Name="RySenseVelocity">off</P>
      <P Name="RySenseAcceleration">off</P>
      <P Name="RySenseTorqueForce">off</P>
      <P Name="RySenseLowerLimitTorqueForce">off</P>
      <P Name="RySenseUpperLimitTorqueForce">off</P>
    </InstanceData>
  </Block>
  <Block BlockType="PMIOPort" Name="DiffBar_L" SID="248">
    <P Name="Position">[625, 33, 655, 47]</P>
    <P Name="ZOrder">120</P>
    <P Name="BlockMirror">on</P>
    <P Name="Side">Left</P>
  </Block>
  <Block BlockType="PMIOPort" Name="DiffBar_R" SID="249">
    <P Name="Position">[775, 173, 805, 187]</P>
    <P Name="ZOrder">124</P>
    <P Name="BlockMirror">on</P>
    <P Name="Port">2</P>
    <P Name="Side">Right</P>
  </Block>
  <Block BlockType="PMIOPort" Name="TRJ" SID="250">
    <P Name="Position">[100, 173, 130, 187]</P>
    <P Name="ZOrder">123</P>
    <P Name="Port">3</P>
    <P Name="Side">Right</P>
  </Block>
  <Line LineType="Connection">
    <P Name="ZOrder">1</P>
    <P Name="Src">239#lconn:1</P>
    <P Name="Points">[6, 0; 0, -5]</P>
    <P Name="Dst">237#rconn:2</P>
  </Line>
  <Line LineType="Connection">
    <P Name="ZOrder">2</P>
    <P Name="Src">240#lconn:1</P>
    <P Name="Points">[-25, 0]</P>
    <P Name="Dst">237#lconn:2</P>
  </Line>
  <Line LineType="Connection">
    <P Name="ZOrder">3</P>
    <P Name="Src">245#rconn:1</P>
    <P Name="Dst">242#lconn:1</P>
  </Line>
  <Line LineType="Connection">
    <P Name="ZOrder">4</P>
    <P Name="Src">246#rconn:1</P>
    <P Name="Dst">243#lconn:1</P>
  </Line>
  <Line LineType="Connection">
    <P Name="ZOrder">5</P>
    <P Name="Src">246#lconn:1</P>
    <P Name="Dst">241#rconn:1</P>
  </Line>
  <Line LineType="Connection">
    <P Name="ZOrder">6</P>
    <P Name="Src">244#lconn:1</P>
    <P Name="Dst">239#rconn:1</P>
  </Line>
  <Line LineType="Connection">
    <P Name="ZOrder">7</P>
    <P Name="Src">250#rconn:1</P>
    <P Name="Dst">237#lconn:3</P>
  </Line>
  <Line LineType="Connection">
    <P Name="ZOrder">8</P>
    <P Name="Src">236#lconn:1</P>
    <P Name="Dst">242#rconn:1</P>
  </Line>
  <Line LineType="Connection">
    <P Name="ZOrder">9</P>
    <P Name="Src">235#lconn:1</P>
    <P Name="Dst">243#rconn:1</P>
  </Line>
  <Line LineType="Connection">
    <P Name="ZOrder">10</P>
    <P Name="Src">238#rconn:1</P>
    <P Name="Points">[-13, 0; 0, 35]</P>
    <P Name="Dst">237#rconn:1</P>
  </Line>
  <Line LineType="Connection">
    <P Name="ZOrder">11</P>
    <P Name="Src">248#rconn:1</P>
    <P Name="Dst">235#rconn:1</P>
  </Line>
  <Line LineType="Connection">
    <P Name="ZOrder">12</P>
    <P Name="Src">249#rconn:1</P>
    <P Name="Dst">236#rconn:1</P>
  </Line>
  <Line LineType="Connection">
    <P Name="ZOrder">13</P>
    <P Name="Src">241#lconn:1</P>
    <P Name="Dst">240#rconn:1</P>
  </Line>
  <Line LineType="Connection">
    <P Name="ZOrder">14</P>
    <P Name="Src">247#lconn:1</P>
    <P Name="Dst">244#rconn:1</P>
  </Line>
  <Line LineType="Connection">
    <P Name="ZOrder">15</P>
    <P Name="Src">247#rconn:1</P>
    <P Name="Dst">245#lconn:1</P>
  </Line>
</System>
