<?xml version="1.0" encoding="utf-8"?>
<System>
  <P Name="Location">[-1, -7, 1537, 817]</P>
  <P Name="ZoomFactor">119</P>
  <Block BlockType="Inport" Name="TargetDir" SID="552">
    <P Name="Position">[365, 113, 395, 127]</P>
    <P Name="ZOrder">100000</P>
  </Block>
  <Block BlockType="Inport" Name="RoverAtGoal" SID="1650">
    <P Name="Position">[405, 248, 435, 262]</P>
    <P Name="ZOrder">100000</P>
    <P Name="Port">2</P>
  </Block>
  <Block BlockType="Constant" Name="Bicycle length" SID="553">
    <P Name="Position">[365, 65, 395, 95]</P>
    <P Name="ZOrder">100000</P>
    <P Name="Value">L</P>
  </Block>
  <Block BlockType="Constant" Name="Constant" SID="554">
    <P Name="Position">[365, 15, 395, 45]</P>
    <P Name="ZOrder">100000</P>
    <P Name="Value">2</P>
  </Block>
  <Block BlockType="Constant" Name="Constant1" SID="1652">
    <P Name="Position">[660, 280, 690, 310]</P>
    <P Name="ZOrder">100000</P>
    <P Name="Value">0</P>
  </Block>
  <Block BlockType="Product" Name="Divide" SID="555">
    <PortCounts in="2" out="1"/>
    <P Name="Position">[645, 102, 675, 133]</P>
    <P Name="ZOrder">100000</P>
    <P Name="Inputs">*/</P>
  </Block>
  <Block BlockType="Constant" Name="Lookahead distance" SID="556">
    <P Name="Position">[545, 130, 575, 160]</P>
    <P Name="ZOrder">100000</P>
    <P Name="Value">ld</P>
  </Block>
  <Block BlockType="Product" Name="Product" SID="557">
    <PortCounts in="2" out="1"/>
    <P Name="Position">[460, 47, 490, 78]</P>
    <P Name="ZOrder">100000</P>
  </Block>
  <Block BlockType="Product" Name="Product1" SID="558">
    <PortCounts in="2" out="1"/>
    <P Name="Position">[545, 72, 575, 103]</P>
    <P Name="ZOrder">100000</P>
  </Block>
  <Block BlockType="SubSystem" Name="Rad2Deg" SID="559">
    <PortCounts in="1" out="1"/>
    <P Name="Position">[765, 97, 835, 143]</P>
    <P Name="ZOrder">100000</P>
    <P Name="ErrorFcn">Stateflow.Translate.translate</P>
    <P Name="PermitHierarchicalResolution">ExplicitOnly</P>
    <P Name="TreatAsAtomicUnit">on</P>
    <P Name="SFBlockType">MATLAB Function</P>
    <P Name="ContentPreviewEnabled">on</P>
    <PortProperties>
      <Port Type="out" Index="1">
        <P Name="PropagatedSignals">y</P>
      </Port>
    </PortProperties>
    <System Ref="system_559"/>
  </Block>
  <Block BlockType="Sin" Name="Sine Wave" SID="560">
    <PortCounts in="1" out="1"/>
    <P Name="Position">[445, 105, 475, 135]</P>
    <P Name="ZOrder">100000</P>
    <P Name="TimeSource">Use external signal</P>
    <P Name="SampleTime">0</P>
  </Block>
  <Block BlockType="Switch" Name="Switch" SID="1651">
    <P Name="Position">[990, 115, 1040, 155]</P>
    <P Name="ZOrder">100000</P>
    <P Name="Criteria">u2 &gt; Threshold</P>
    <P Name="InputSameDT">off</P>
    <P Name="SaturateOnIntegerOverflow">off</P>
  </Block>
  <Block BlockType="Trigonometry" Name="Trigonometric&#xA;Function" SID="561">
    <PortCounts in="1" out="1"/>
    <P Name="Position">[715, 105, 745, 135]</P>
    <P Name="ZOrder">100000</P>
    <P Name="Operator">atan</P>
  </Block>
  <Block BlockType="Outport" Name="BicycleSteerAng" SID="562">
    <P Name="Position">[1115, 128, 1145, 142]</P>
    <P Name="ZOrder">100000</P>
  </Block>
  <Line>
    <P Name="ZOrder">1</P>
    <P Name="Src">560#out:1</P>
    <P Name="Points">[30, 0; 0, -25]</P>
    <P Name="Dst">558#in:2</P>
  </Line>
  <Line>
    <P Name="ZOrder">2</P>
    <P Name="Src">553#out:1</P>
    <P Name="Points">[28, 0; 0, -10]</P>
    <P Name="Dst">557#in:2</P>
  </Line>
  <Line>
    <P Name="ZOrder">3</P>
    <P Name="Src">554#out:1</P>
    <P Name="Points">[28, 0; 0, 25]</P>
    <P Name="Dst">557#in:1</P>
  </Line>
  <Line>
    <P Name="ZOrder">4</P>
    <P Name="Src">558#out:1</P>
    <P Name="Points">[31, 0; 0, 20]</P>
    <P Name="Dst">555#in:1</P>
  </Line>
  <Line>
    <P Name="ZOrder">5</P>
    <P Name="Src">557#out:1</P>
    <P Name="Points">[23, 0; 0, 15]</P>
    <P Name="Dst">558#in:1</P>
  </Line>
  <Line>
    <P Name="ZOrder">6</P>
    <P Name="Src">555#out:1</P>
    <P Name="Dst">561#in:1</P>
  </Line>
  <Line>
    <P Name="ZOrder">7</P>
    <P Name="Src">561#out:1</P>
    <P Name="Dst">559#in:1</P>
  </Line>
  <Line>
    <P Name="ZOrder">8</P>
    <P Name="Src">552#out:1</P>
    <P Name="Dst">560#in:1</P>
  </Line>
  <Line>
    <P Name="ZOrder">9</P>
    <P Name="Src">556#out:1</P>
    <P Name="Points">[30, 0; 0, -20]</P>
    <P Name="Dst">555#in:2</P>
  </Line>
  <Line>
    <P Name="ZOrder">10</P>
    <P Name="Src">559#out:1</P>
    <P Name="Dst">1651#in:1</P>
  </Line>
  <Line>
    <P Name="ZOrder">15</P>
    <P Name="Src">1650#out:1</P>
    <P Name="Points">[413, 0; 0, -120]</P>
    <P Name="Dst">1651#in:2</P>
  </Line>
  <Line>
    <P Name="ZOrder">12</P>
    <P Name="Src">1652#out:1</P>
    <P Name="Points">[227, 0; 0, -145]</P>
    <P Name="Dst">1651#in:3</P>
  </Line>
  <Line>
    <P Name="ZOrder">19</P>
    <P Name="Src">1651#out:1</P>
    <P Name="Dst">562#in:1</P>
  </Line>
</System>
