<?xml version="1.0" encoding="utf-8"?>
<System>
  <P Name="Location">[-1, -7, 1537, 817]</P>
  <P Name="ZoomFactor">39</P>
  <Block BlockType="Inport" Name="SteeringTrqs" SID="167">
    <P Name="Position">[1175, 545, 1210, 565]</P>
    <P Name="ZOrder">100000</P>
  </Block>
  <Block BlockType="Inport" Name="WheelTrqs" SID="168">
    <P Name="Position">[1175, 615, 1210, 635]</P>
    <P Name="ZOrder">100000</P>
    <P Name="Port">2</P>
  </Block>
  <Block BlockType="SubSystem" Name="Camera VIz" SID="169">
    <PortCounts lconn="1"/>
    <P Name="Position">[1725, 116, 1880, 294]</P>
    <P Name="ZOrder">100000</P>
    <P Name="ContentPreviewEnabled">on</P>
    <Mask>
      <Display IconOpaque="opaque-with-ports" RunInitForIconRedraw="off">image(&apos;$imagefile&apos;); % Use &quot;Edit Image&quot; on toolstrip to change.</Display>
      <SaveImageFileWithModel>on</SaveImageFileWithModel>
      <StringList PropName="ImageFiles">
        <String>slx:/simulink/maskimages/camera.JPG</String>
      </StringList>
    </Mask>
    <System Ref="system_169"/>
  </Block>
  <Block BlockType="SubSystem" Name="Chassis" SID="204">
    <PortCounts lconn="3" rconn="3"/>
    <P Name="Position">[1247, 132, 1663, 430]</P>
    <P Name="ZOrder">100000</P>
    <P Name="BlockRotation">90</P>
    <P Name="ContentPreviewEnabled">on</P>
    <P Name="PortSchema">{&quot;entries&quot;:[{&quot;content&quot;:{&quot;sides&quot;:[{&quot;content&quot;:{&quot;connectorIds&quot;:[&quot;LConn1&quot;]},&quot;type&quot;:&quot;ConnectorPlacement.EquallySpacedRectSide&quot;,&quot;uuid&quot;:&quot;0997d4f9-c5a6-4a62-ba5e-c58d48ce04e3&quot;},{&quot;content&quot;:{&quot;connectorIds&quot;:[],&quot;side&quot;:&quot;RIGHT&quot;},&quot;type&quot;:&quot;ConnectorPlacement.EquallySpacedRectSide&quot;,&quot;uuid&quot;:&quot;5cc65ecf-81a6-4fc9-b54f-1f4b62f39cde&quot;},{&quot;content&quot;:{&quot;connectorIds&quot;:[&quot;LConn2&quot;,&quot;LConn3&quot;],&quot;side&quot;:&quot;TOP&quot;},&quot;type&quot;:&quot;ConnectorPlacement.EquallySpacedRectSide&quot;,&quot;uuid&quot;:&quot;0934d140-d695-4057-a8b3-d6671efe5c81&quot;},{&quot;content&quot;:{&quot;connectorIds&quot;:[&quot;RConn1&quot;,&quot;RConn2&quot;,&quot;RConn3&quot;],&quot;side&quot;:&quot;BOTTOM&quot;},&quot;type&quot;:&quot;ConnectorPlacement.EquallySpacedRectSide&quot;,&quot;uuid&quot;:&quot;bc4a2eb5-d75f-4d0a-8731-bcbf8f46f859&quot;}]},&quot;type&quot;:&quot;ConnectorPlacement.EquallySpacedConnector&quot;,&quot;uuid&quot;:&quot;3f0fc0a2-b0dd-44fb-a451-b97921fbd862&quot;}],&quot;packageUris&quot;:[&quot;http://schema.mathworks.com/mf0/Connector/R2020b&quot;],&quot;version&quot;:&quot;1.0&quot;}</P>
    <Mask>
      <Display IconOpaque="opaque-with-ports" RunInitForIconRedraw="off" PortRotate="physical">image(&apos;$imagefile&apos;); % Use &quot;Edit Image&quot; on toolstrip to change.</Display>
      <SaveImageFileWithModel>on</SaveImageFileWithModel>
      <StringList PropName="ImageFiles">
        <String>slx:/simulink/maskimages/chassis.JPG</String>
      </StringList>
    </Mask>
    <System Ref="system_204"/>
  </Block>
  <Block BlockType="SubSystem" Name="Differential Bar" SID="234">
    <PortCounts lconn="1" rconn="2"/>
    <P Name="Position">[1390, 13, 1516, 77]</P>
    <P Name="ZOrder">100000</P>
    <P Name="NameLocation">top</P>
    <P Name="ContentPreviewEnabled">on</P>
    <P Name="PortSchema">{&quot;entries&quot;:[{&quot;content&quot;:{&quot;sides&quot;:[{&quot;content&quot;:{&quot;connectorIds&quot;:[&quot;LConn1&quot;]},&quot;type&quot;:&quot;ConnectorPlacement.EquallySpacedRectSide&quot;,&quot;uuid&quot;:&quot;221cdbde-9b85-4491-b488-ab21b8b80dc6&quot;},{&quot;content&quot;:{&quot;connectorIds&quot;:[&quot;RConn1&quot;],&quot;side&quot;:&quot;RIGHT&quot;},&quot;type&quot;:&quot;ConnectorPlacement.EquallySpacedRectSide&quot;,&quot;uuid&quot;:&quot;70e1e311-dd19-4389-b9b6-0ef8a1761d4a&quot;},{&quot;content&quot;:{&quot;connectorIds&quot;:[],&quot;side&quot;:&quot;TOP&quot;},&quot;type&quot;:&quot;ConnectorPlacement.EquallySpacedRectSide&quot;,&quot;uuid&quot;:&quot;5e164d53-108c-4bd4-88ac-8f7d3d652b3e&quot;},{&quot;content&quot;:{&quot;connectorIds&quot;:[&quot;RConn2&quot;],&quot;side&quot;:&quot;BOTTOM&quot;},&quot;type&quot;:&quot;ConnectorPlacement.EquallySpacedRectSide&quot;,&quot;uuid&quot;:&quot;f6e2e044-5d94-4f88-a007-0ec3cd9ea455&quot;}]},&quot;type&quot;:&quot;ConnectorPlacement.EquallySpacedConnector&quot;,&quot;uuid&quot;:&quot;e7d2f355-3189-4eee-a2bf-989eae5d727a&quot;}],&quot;packageUris&quot;:[&quot;http://schema.mathworks.com/mf0/Connector/R2020b&quot;],&quot;version&quot;:&quot;1.0&quot;}</P>
    <Mask>
      <Display IconOpaque="opaque-with-ports" RunInitForIconRedraw="off" PortRotate="physical">image(&apos;$imagefile&apos;); % Use &quot;Edit Image&quot; on toolstrip to change.</Display>
      <SaveImageFileWithModel>on</SaveImageFileWithModel>
      <StringList PropName="ImageFiles">
        <String>slx:/simulink/maskimages/differential_arm.JPG</String>
      </StringList>
    </Mask>
    <System Ref="system_234"/>
  </Block>
  <Block BlockType="SubSystem" Name="Mobility Primary ArmL" SID="251">
    <PortCounts lconn="2" rconn="2"/>
    <P Name="Position">[806, 385, 1139, 610]</P>
    <P Name="ZOrder">100000</P>
    <P Name="BlockRotation">270</P>
    <P Name="BlockMirror">on</P>
    <P Name="NameLocation">left</P>
    <P Name="ContentPreviewEnabled">on</P>
    <Mask>
      <Display IconOpaque="opaque-with-ports" RunInitForIconRedraw="off">image(&apos;$imagefile&apos;); % Use &quot;Edit Image&quot; on toolstrip to change.</Display>
      <SaveImageFileWithModel>on</SaveImageFileWithModel>
      <StringList PropName="ImageFiles">
        <String>slx:/simulink/maskimages/mobilityPrimaryArm.JPG</String>
      </StringList>
    </Mask>
    <System Ref="system_251"/>
  </Block>
  <Block BlockType="SubSystem" Name="Mobility Primary ArmR" SID="264">
    <PortCounts lconn="2" rconn="2"/>
    <P Name="Position">[1784, 380, 2146, 595]</P>
    <P Name="ZOrder">100000</P>
    <P Name="BlockRotation">270</P>
    <P Name="BlockMirror">on</P>
    <P Name="NameLocation">right</P>
    <P Name="ContentPreviewEnabled">on</P>
    <Mask>
      <Display IconOpaque="opaque-with-ports" RunInitForIconRedraw="off">image(&apos;$imagefile&apos;); % Use &quot;Edit Image&quot; on toolstrip to change.</Display>
      <SaveImageFileWithModel>on</SaveImageFileWithModel>
      <StringList PropName="ImageFiles">
        <String>slx:/simulink/maskimages/mobilityPrimaryArm1.JPG</String>
      </StringList>
    </Mask>
    <System Ref="system_264"/>
  </Block>
  <Block BlockType="SubSystem" Name="Mobility Secondary ArmL" SID="277">
    <PortCounts lconn="2" rconn="1"/>
    <P Name="Position">[840, 661, 1120, 894]</P>
    <P Name="ZOrder">100000</P>
    <P Name="BlockMirror">on</P>
    <P Name="ContentPreviewEnabled">on</P>
    <Mask>
      <Display IconOpaque="opaque-with-ports" RunInitForIconRedraw="off">image(&apos;$imagefile&apos;); % Use &quot;Edit Image&quot; on toolstrip to change.</Display>
      <SaveImageFileWithModel>on</SaveImageFileWithModel>
      <StringList PropName="ImageFiles">
        <String>slx:/simulink/maskimages/mobilitySecondaryArm1.JPG</String>
      </StringList>
    </Mask>
    <System Ref="system_277"/>
  </Block>
  <Block BlockType="SubSystem" Name="Mobility Secondary ArmR" SID="287">
    <PortCounts lconn="2" rconn="1"/>
    <P Name="Position">[1820, 659, 2130, 906]</P>
    <P Name="ZOrder">100000</P>
    <P Name="ContentPreviewEnabled">on</P>
    <Mask>
      <Display IconOpaque="opaque-with-ports" RunInitForIconRedraw="off">image(&apos;$imagefile&apos;); % Use &quot;Edit Image&quot; on toolstrip to change.</Display>
      <SaveImageFileWithModel>on</SaveImageFileWithModel>
      <StringList PropName="ImageFiles">
        <String>slx:/simulink/maskimages/mobilitySecondaryArm2.JPG</String>
      </StringList>
    </Mask>
    <System Ref="system_287"/>
  </Block>
  <Block BlockType="Reference" Name="Revolute Joint" SID="297">
    <PortCounts lconn="1" rconn="1"/>
    <P Name="Position">[1435, 85, 1475, 125]</P>
    <P Name="ZOrder">100000</P>
    <P Name="BlockRotation">270</P>
    <P Name="NameLocation">right</P>
    <P Name="LibraryVersion">24.21</P>
    <P Name="SourceBlock">sm_lib/Joints/Revolute Joint</P>
    <P Name="SourceType">Revolute Joint</P>
    <InstanceData>
      <P Name="LogSimulationData">off</P>
      <P Name="SimscapeInstrumentationLogging">off</P>
      <P Name="SimscapeInstrumentationVariables" Ref="bdmxdata:SimscapeInstrumentationVariables_297"/>
      <P Name="JointMode">Normal</P>
      <P Name="CompositeWrenchDir">FollowerOnBase</P>
      <P Name="CompositeWrenchFrame">BaseFrame</P>
      <P Name="SenseConstraintForce">off</P>
      <P Name="SenseConstraintTorque">off</P>
      <P Name="SenseTotalForce">off</P>
      <P Name="SenseTotalTorque">off</P>
      <P Name="PositionTargetSpecify">off</P>
      <P Name="PositionTargetPriority">High</P>
      <P Name="PositionTargetValue">45</P>
      <P Name="PositionTargetValue_conf">compiletime</P>
      <P Name="PositionTargetValueUnits">deg</P>
      <P Name="VelocityTargetSpecify">off</P>
      <P Name="VelocityTargetPriority">High</P>
      <P Name="VelocityTargetValue">1000</P>
      <P Name="VelocityTargetValue_conf">compiletime</P>
      <P Name="VelocityTargetValueUnits">deg/s</P>
      <P Name="EquilibriumPosition">0</P>
      <P Name="EquilibriumPosition_conf">compiletime</P>
      <P Name="EquilibriumPositionUnits">deg</P>
      <P Name="SpringStiffness">0</P>
      <P Name="SpringStiffness_conf">compiletime</P>
      <P Name="SpringStiffnessUnits">N*m/deg</P>
      <P Name="DampingCoefficient">0</P>
      <P Name="DampingCoefficient_conf">compiletime</P>
      <P Name="DampingCoefficientUnits">N*m/(deg/s)</P>
      <P Name="LowerLimitSpecify">off</P>
      <P Name="LowerLimitBound">-90</P>
      <P Name="LowerLimitBound_conf">compiletime</P>
      <P Name="LowerLimitBoundUnits">deg</P>
      <P Name="LowerLimitStiffness">1e4</P>
      <P Name="LowerLimitStiffness_conf">compiletime</P>
      <P Name="LowerLimitStiffnessUnits">N*m/deg</P>
      <P Name="LowerLimitDamping">10</P>
      <P Name="LowerLimitDamping_conf">compiletime</P>
      <P Name="LowerLimitDampingUnits">N*m/(deg/s)</P>
      <P Name="LowerLimitTransitionRegionWidth">0.1</P>
      <P Name="LowerLimitTransitionRegionWidth_conf">compiletime</P>
      <P Name="LowerLimitTransitionRegionWidthUnits">deg</P>
      <P Name="UpperLimitSpecify">off</P>
      <P Name="UpperLimitBound">90</P>
      <P Name="UpperLimitBound_conf">compiletime</P>
      <P Name="UpperLimitBoundUnits">deg</P>
      <P Name="UpperLimitStiffness">1e4</P>
      <P Name="UpperLimitStiffness_conf">compiletime</P>
      <P Name="UpperLimitStiffnessUnits">N*m/deg</P>
      <P Name="UpperLimitDamping">10</P>
      <P Name="UpperLimitDamping_conf">compiletime</P>
      <P Name="UpperLimitDampingUnits">N*m/(deg/s)</P>
      <P Name="UpperLimitTransitionRegionWidth">0.1</P>
      <P Name="UpperLimitTransitionRegionWidth_conf">compiletime</P>
      <P Name="UpperLimitTransitionRegionWidthUnits">deg</P>
      <P Name="TorqueActuationMode">NoTorque</P>
      <P Name="MotionActuationMode">ComputedMotion</P>
      <P Name="SensePosition">off</P>
      <P Name="SenseVelocity">off</P>
      <P Name="SenseAcceleration">off</P>
      <P Name="SenseTorqueForce">off</P>
      <P Name="SenseLowerLimitTorqueForce">off</P>
      <P Name="SenseUpperLimitTorqueForce">off</P>
    </InstanceData>
  </Block>
  <Block BlockType="Reference" Name="Revolute Joint1" SID="298">
    <PortCounts lconn="1" rconn="1"/>
    <P Name="Position">[1175, 350, 1215, 390]</P>
    <P Name="ZOrder">100000</P>
    <P Name="BlockMirror">on</P>
    <P Name="NameLocation">top</P>
    <P Name="LibraryVersion">24.21</P>
    <P Name="SourceBlock">sm_lib/Joints/Revolute Joint</P>
    <P Name="SourceType">Revolute Joint</P>
    <InstanceData>
      <P Name="LogSimulationData">off</P>
      <P Name="SimscapeInstrumentationLogging">off</P>
      <P Name="SimscapeInstrumentationVariables" Ref="bdmxdata:SimscapeInstrumentationVariables_298"/>
      <P Name="JointMode">Normal</P>
      <P Name="CompositeWrenchDir">FollowerOnBase</P>
      <P Name="CompositeWrenchFrame">BaseFrame</P>
      <P Name="SenseConstraintForce">off</P>
      <P Name="SenseConstraintTorque">off</P>
      <P Name="SenseTotalForce">off</P>
      <P Name="SenseTotalTorque">off</P>
      <P Name="PositionTargetSpecify">on</P>
      <P Name="PositionTargetPriority">Low</P>
      <P Name="PositionTargetValue">90</P>
      <P Name="PositionTargetValue_conf">compiletime</P>
      <P Name="PositionTargetValueUnits">deg</P>
      <P Name="VelocityTargetSpecify">off</P>
      <P Name="VelocityTargetPriority">High</P>
      <P Name="VelocityTargetValue">5</P>
      <P Name="VelocityTargetValue_conf">compiletime</P>
      <P Name="VelocityTargetValueUnits">deg/s</P>
      <P Name="EquilibriumPosition">0</P>
      <P Name="EquilibriumPosition_conf">compiletime</P>
      <P Name="EquilibriumPositionUnits">deg</P>
      <P Name="SpringStiffness">0</P>
      <P Name="SpringStiffness_conf">compiletime</P>
      <P Name="SpringStiffnessUnits">N*m/deg</P>
      <P Name="DampingCoefficient">0</P>
      <P Name="DampingCoefficient_conf">compiletime</P>
      <P Name="DampingCoefficientUnits">N*m/(deg/s)</P>
      <P Name="LowerLimitSpecify">off</P>
      <P Name="LowerLimitBound">-90</P>
      <P Name="LowerLimitBound_conf">compiletime</P>
      <P Name="LowerLimitBoundUnits">deg</P>
      <P Name="LowerLimitStiffness">1e4</P>
      <P Name="LowerLimitStiffness_conf">compiletime</P>
      <P Name="LowerLimitStiffnessUnits">N*m/deg</P>
      <P Name="LowerLimitDamping">10</P>
      <P Name="LowerLimitDamping_conf">compiletime</P>
      <P Name="LowerLimitDampingUnits">N*m/(deg/s)</P>
      <P Name="LowerLimitTransitionRegionWidth">0.1</P>
      <P Name="LowerLimitTransitionRegionWidth_conf">compiletime</P>
      <P Name="LowerLimitTransitionRegionWidthUnits">deg</P>
      <P Name="UpperLimitSpecify">off</P>
      <P Name="UpperLimitBound">90</P>
      <P Name="UpperLimitBound_conf">compiletime</P>
      <P Name="UpperLimitBoundUnits">deg</P>
      <P Name="UpperLimitStiffness">1e4</P>
      <P Name="UpperLimitStiffness_conf">compiletime</P>
      <P Name="UpperLimitStiffnessUnits">N*m/deg</P>
      <P Name="UpperLimitDamping">10</P>
      <P Name="UpperLimitDamping_conf">compiletime</P>
      <P Name="UpperLimitDampingUnits">N*m/(deg/s)</P>
      <P Name="UpperLimitTransitionRegionWidth">0.1</P>
      <P Name="UpperLimitTransitionRegionWidth_conf">compiletime</P>
      <P Name="UpperLimitTransitionRegionWidthUnits">deg</P>
      <P Name="TorqueActuationMode">NoTorque</P>
      <P Name="MotionActuationMode">ComputedMotion</P>
      <P Name="SensePosition">off</P>
      <P Name="SenseVelocity">off</P>
      <P Name="SenseAcceleration">off</P>
      <P Name="SenseTorqueForce">off</P>
      <P Name="SenseLowerLimitTorqueForce">off</P>
      <P Name="SenseUpperLimitTorqueForce">off</P>
    </InstanceData>
  </Block>
  <Block BlockType="Reference" Name="Revolute Joint2" SID="299">
    <PortCounts lconn="1" rconn="1"/>
    <P Name="Position">[1695, 335, 1735, 375]</P>
    <P Name="ZOrder">100000</P>
    <P Name="LibraryVersion">24.21</P>
    <P Name="SourceBlock">sm_lib/Joints/Revolute Joint</P>
    <P Name="SourceType">Revolute Joint</P>
    <InstanceData>
      <P Name="LogSimulationData">off</P>
      <P Name="SimscapeInstrumentationLogging">off</P>
      <P Name="SimscapeInstrumentationVariables" Ref="bdmxdata:SimscapeInstrumentationVariables_299"/>
      <P Name="JointMode">Normal</P>
      <P Name="CompositeWrenchDir">FollowerOnBase</P>
      <P Name="CompositeWrenchFrame">BaseFrame</P>
      <P Name="SenseConstraintForce">off</P>
      <P Name="SenseConstraintTorque">off</P>
      <P Name="SenseTotalForce">off</P>
      <P Name="SenseTotalTorque">off</P>
      <P Name="PositionTargetSpecify">on</P>
      <P Name="PositionTargetPriority">Low</P>
      <P Name="PositionTargetValue">-90</P>
      <P Name="PositionTargetValue_conf">compiletime</P>
      <P Name="PositionTargetValueUnits">deg</P>
      <P Name="VelocityTargetSpecify">off</P>
      <P Name="VelocityTargetPriority">High</P>
      <P Name="VelocityTargetValue">5</P>
      <P Name="VelocityTargetValue_conf">compiletime</P>
      <P Name="VelocityTargetValueUnits">deg/s</P>
      <P Name="EquilibriumPosition">0</P>
      <P Name="EquilibriumPosition_conf">compiletime</P>
      <P Name="EquilibriumPositionUnits">deg</P>
      <P Name="SpringStiffness">0</P>
      <P Name="SpringStiffness_conf">compiletime</P>
      <P Name="SpringStiffnessUnits">N*m/deg</P>
      <P Name="DampingCoefficient">0</P>
      <P Name="DampingCoefficient_conf">compiletime</P>
      <P Name="DampingCoefficientUnits">N*m/(deg/s)</P>
      <P Name="LowerLimitSpecify">off</P>
      <P Name="LowerLimitBound">-90</P>
      <P Name="LowerLimitBound_conf">compiletime</P>
      <P Name="LowerLimitBoundUnits">deg</P>
      <P Name="LowerLimitStiffness">1e4</P>
      <P Name="LowerLimitStiffness_conf">compiletime</P>
      <P Name="LowerLimitStiffnessUnits">N*m/deg</P>
      <P Name="LowerLimitDamping">10</P>
      <P Name="LowerLimitDamping_conf">compiletime</P>
      <P Name="LowerLimitDampingUnits">N*m/(deg/s)</P>
      <P Name="LowerLimitTransitionRegionWidth">0.1</P>
      <P Name="LowerLimitTransitionRegionWidth_conf">compiletime</P>
      <P Name="LowerLimitTransitionRegionWidthUnits">deg</P>
      <P Name="UpperLimitSpecify">off</P>
      <P Name="UpperLimitBound">90</P>
      <P Name="UpperLimitBound_conf">compiletime</P>
      <P Name="UpperLimitBoundUnits">deg</P>
      <P Name="UpperLimitStiffness">1e4</P>
      <P Name="UpperLimitStiffness_conf">compiletime</P>
      <P Name="UpperLimitStiffnessUnits">N*m/deg</P>
      <P Name="UpperLimitDamping">10</P>
      <P Name="UpperLimitDamping_conf">compiletime</P>
      <P Name="UpperLimitDampingUnits">N*m/(deg/s)</P>
      <P Name="UpperLimitTransitionRegionWidth">0.1</P>
      <P Name="UpperLimitTransitionRegionWidth_conf">compiletime</P>
      <P Name="UpperLimitTransitionRegionWidthUnits">deg</P>
      <P Name="TorqueActuationMode">NoTorque</P>
      <P Name="MotionActuationMode">ComputedMotion</P>
      <P Name="SensePosition">off</P>
      <P Name="SenseVelocity">off</P>
      <P Name="SenseAcceleration">off</P>
      <P Name="SenseTorqueForce">off</P>
      <P Name="SenseLowerLimitTorqueForce">off</P>
      <P Name="SenseUpperLimitTorqueForce">off</P>
    </InstanceData>
  </Block>
  <Block BlockType="Reference" Name="Revolute Joint3" SID="300">
    <PortCounts lconn="1" rconn="1"/>
    <P Name="Position">[785, 635, 825, 675]</P>
    <P Name="ZOrder">100000</P>
    <P Name="BlockRotation">270</P>
    <P Name="BlockMirror">on</P>
    <P Name="NameLocation">left</P>
    <P Name="LibraryVersion">24.21</P>
    <P Name="SourceBlock">sm_lib/Joints/Revolute Joint</P>
    <P Name="SourceType">Revolute Joint</P>
    <InstanceData>
      <P Name="LogSimulationData">off</P>
      <P Name="SimscapeInstrumentationLogging">off</P>
      <P Name="SimscapeInstrumentationVariables" Ref="bdmxdata:SimscapeInstrumentationVariables_300"/>
      <P Name="JointMode">Normal</P>
      <P Name="CompositeWrenchDir">FollowerOnBase</P>
      <P Name="CompositeWrenchFrame">BaseFrame</P>
      <P Name="SenseConstraintForce">off</P>
      <P Name="SenseConstraintTorque">off</P>
      <P Name="SenseTotalForce">off</P>
      <P Name="SenseTotalTorque">off</P>
      <P Name="PositionTargetSpecify">off</P>
      <P Name="PositionTargetPriority">High</P>
      <P Name="PositionTargetValue">0</P>
      <P Name="PositionTargetValue_conf">compiletime</P>
      <P Name="PositionTargetValueUnits">deg</P>
      <P Name="VelocityTargetSpecify">off</P>
      <P Name="VelocityTargetPriority">High</P>
      <P Name="VelocityTargetValue">0</P>
      <P Name="VelocityTargetValue_conf">compiletime</P>
      <P Name="VelocityTargetValueUnits">deg/s</P>
      <P Name="EquilibriumPosition">0</P>
      <P Name="EquilibriumPosition_conf">compiletime</P>
      <P Name="EquilibriumPositionUnits">deg</P>
      <P Name="SpringStiffness">0</P>
      <P Name="SpringStiffness_conf">compiletime</P>
      <P Name="SpringStiffnessUnits">N*m/deg</P>
      <P Name="DampingCoefficient">0</P>
      <P Name="DampingCoefficient_conf">compiletime</P>
      <P Name="DampingCoefficientUnits">N*m/(deg/s)</P>
      <P Name="LowerLimitSpecify">off</P>
      <P Name="LowerLimitBound">-90</P>
      <P Name="LowerLimitBound_conf">compiletime</P>
      <P Name="LowerLimitBoundUnits">deg</P>
      <P Name="LowerLimitStiffness">1e4</P>
      <P Name="LowerLimitStiffness_conf">compiletime</P>
      <P Name="LowerLimitStiffnessUnits">N*m/deg</P>
      <P Name="LowerLimitDamping">10</P>
      <P Name="LowerLimitDamping_conf">compiletime</P>
      <P Name="LowerLimitDampingUnits">N*m/(deg/s)</P>
      <P Name="LowerLimitTransitionRegionWidth">0.1</P>
      <P Name="LowerLimitTransitionRegionWidth_conf">compiletime</P>
      <P Name="LowerLimitTransitionRegionWidthUnits">deg</P>
      <P Name="UpperLimitSpecify">off</P>
      <P Name="UpperLimitBound">90</P>
      <P Name="UpperLimitBound_conf">compiletime</P>
      <P Name="UpperLimitBoundUnits">deg</P>
      <P Name="UpperLimitStiffness">1e4</P>
      <P Name="UpperLimitStiffness_conf">compiletime</P>
      <P Name="UpperLimitStiffnessUnits">N*m/deg</P>
      <P Name="UpperLimitDamping">10</P>
      <P Name="UpperLimitDamping_conf">compiletime</P>
      <P Name="UpperLimitDampingUnits">N*m/(deg/s)</P>
      <P Name="UpperLimitTransitionRegionWidth">0.1</P>
      <P Name="UpperLimitTransitionRegionWidth_conf">compiletime</P>
      <P Name="UpperLimitTransitionRegionWidthUnits">deg</P>
      <P Name="TorqueActuationMode">NoTorque</P>
      <P Name="MotionActuationMode">ComputedMotion</P>
      <P Name="SensePosition">off</P>
      <P Name="SenseVelocity">off</P>
      <P Name="SenseAcceleration">off</P>
      <P Name="SenseTorqueForce">off</P>
      <P Name="SenseLowerLimitTorqueForce">off</P>
      <P Name="SenseUpperLimitTorqueForce">off</P>
    </InstanceData>
  </Block>
  <Block BlockType="Reference" Name="Revolute Joint4" SID="301">
    <PortCounts lconn="1" rconn="1"/>
    <P Name="Position">[2145, 630, 2185, 670]</P>
    <P Name="ZOrder">100000</P>
    <P Name="BlockRotation">270</P>
    <P Name="BlockMirror">on</P>
    <P Name="NameLocation">left</P>
    <P Name="LibraryVersion">24.21</P>
    <P Name="SourceBlock">sm_lib/Joints/Revolute Joint</P>
    <P Name="SourceType">Revolute Joint</P>
    <InstanceData>
      <P Name="LogSimulationData">off</P>
      <P Name="SimscapeInstrumentationLogging">off</P>
      <P Name="SimscapeInstrumentationVariables" Ref="bdmxdata:SimscapeInstrumentationVariables_301"/>
      <P Name="JointMode">Normal</P>
      <P Name="CompositeWrenchDir">FollowerOnBase</P>
      <P Name="CompositeWrenchFrame">BaseFrame</P>
      <P Name="SenseConstraintForce">off</P>
      <P Name="SenseConstraintTorque">off</P>
      <P Name="SenseTotalForce">off</P>
      <P Name="SenseTotalTorque">off</P>
      <P Name="PositionTargetSpecify">off</P>
      <P Name="PositionTargetPriority">High</P>
      <P Name="PositionTargetValue">0</P>
      <P Name="PositionTargetValue_conf">compiletime</P>
      <P Name="PositionTargetValueUnits">deg</P>
      <P Name="VelocityTargetSpecify">off</P>
      <P Name="VelocityTargetPriority">High</P>
      <P Name="VelocityTargetValue">0</P>
      <P Name="VelocityTargetValue_conf">compiletime</P>
      <P Name="VelocityTargetValueUnits">deg/s</P>
      <P Name="EquilibriumPosition">0</P>
      <P Name="EquilibriumPosition_conf">compiletime</P>
      <P Name="EquilibriumPositionUnits">deg</P>
      <P Name="SpringStiffness">0</P>
      <P Name="SpringStiffness_conf">compiletime</P>
      <P Name="SpringStiffnessUnits">N*m/deg</P>
      <P Name="DampingCoefficient">0</P>
      <P Name="DampingCoefficient_conf">compiletime</P>
      <P Name="DampingCoefficientUnits">N*m/(deg/s)</P>
      <P Name="LowerLimitSpecify">off</P>
      <P Name="LowerLimitBound">-90</P>
      <P Name="LowerLimitBound_conf">compiletime</P>
      <P Name="LowerLimitBoundUnits">deg</P>
      <P Name="LowerLimitStiffness">1e4</P>
      <P Name="LowerLimitStiffness_conf">compiletime</P>
      <P Name="LowerLimitStiffnessUnits">N*m/deg</P>
      <P Name="LowerLimitDamping">10</P>
      <P Name="LowerLimitDamping_conf">compiletime</P>
      <P Name="LowerLimitDampingUnits">N*m/(deg/s)</P>
      <P Name="LowerLimitTransitionRegionWidth">0.1</P>
      <P Name="LowerLimitTransitionRegionWidth_conf">compiletime</P>
      <P Name="LowerLimitTransitionRegionWidthUnits">deg</P>
      <P Name="UpperLimitSpecify">off</P>
      <P Name="UpperLimitBound">90</P>
      <P Name="UpperLimitBound_conf">compiletime</P>
      <P Name="UpperLimitBoundUnits">deg</P>
      <P Name="UpperLimitStiffness">1e4</P>
      <P Name="UpperLimitStiffness_conf">compiletime</P>
      <P Name="UpperLimitStiffnessUnits">N*m/deg</P>
      <P Name="UpperLimitDamping">10</P>
      <P Name="UpperLimitDamping_conf">compiletime</P>
      <P Name="UpperLimitDampingUnits">N*m/(deg/s)</P>
      <P Name="UpperLimitTransitionRegionWidth">0.1</P>
      <P Name="UpperLimitTransitionRegionWidth_conf">compiletime</P>
      <P Name="UpperLimitTransitionRegionWidthUnits">deg</P>
      <P Name="TorqueActuationMode">NoTorque</P>
      <P Name="MotionActuationMode">ComputedMotion</P>
      <P Name="SensePosition">off</P>
      <P Name="SenseVelocity">off</P>
      <P Name="SenseAcceleration">off</P>
      <P Name="SenseTorqueForce">off</P>
      <P Name="SenseLowerLimitTorqueForce">off</P>
      <P Name="SenseUpperLimitTorqueForce">off</P>
    </InstanceData>
  </Block>
  <Block BlockType="Reference" Name="Rigid&#xA;Transform" SID="302">
    <PortCounts lconn="1" rconn="1"/>
    <P Name="Position">[1035, 300, 1075, 340]</P>
    <P Name="ZOrder">100000</P>
    <P Name="LibraryVersion">24.21</P>
    <P Name="SourceBlock">sm_lib/Frames and
Transforms/Rigid
Transform</P>
    <P Name="SourceType">Rigid
Transform</P>
    <InstanceData>
      <P Name="LogSimulationData">off</P>
      <P Name="SimscapeInstrumentationLogging">off</P>
      <P Name="SimscapeInstrumentationVariables" Ref="bdmxdata:SimscapeInstrumentationVariables_302"/>
      <P Name="RotationMethod">RotationSequence</P>
      <P Name="FollAlignAxisA">+X</P>
      <P Name="BaseAlignAxisA">+Y</P>
      <P Name="FollAlignAxisB">+Y</P>
      <P Name="BaseAlignAxisB">+Z</P>
      <P Name="RotationStandardAxis">+Z</P>
      <P Name="RotationAngle">0.0</P>
      <P Name="RotationAngle_conf">compiletime</P>
      <P Name="RotationAngleUnits">deg</P>
      <P Name="RotationArbitraryAxis">[0 0 1]</P>
      <P Name="RotationArbitraryAxis_conf">compiletime</P>
      <P Name="RotationSequenceAxes">FollowerAxes</P>
      <P Name="RotationSequence">XYZ</P>
      <P Name="RotationSequenceAngles">[270 0 90 ]</P>
      <P Name="RotationSequenceAngles_conf">compiletime</P>
      <P Name="RotationSequenceAnglesUnits">deg</P>
      <P Name="RotationMatrix">[1 0 0; 0 1 0; 0 0 1]</P>
      <P Name="RotationMatrix_conf">compiletime</P>
      <P Name="Quaternion">[1 0 0 0]</P>
      <P Name="Quaternion_conf">compiletime</P>
      <P Name="TranslationMethod">Cartesian</P>
      <P Name="TranslationCartesianOffset">[-0.428432514481263   0.152726418462722   0.125942297749365]</P>
      <P Name="TranslationCartesianOffset_conf">compiletime</P>
      <P Name="TranslationCartesianOffsetUnits">m</P>
      <P Name="TranslationStandardAxis">+Z</P>
      <P Name="TranslationStandardOffset">0</P>
      <P Name="TranslationStandardOffset_conf">compiletime</P>
      <P Name="TranslationStandardOffsetUnits">m</P>
      <P Name="TranslationROffset">0</P>
      <P Name="TranslationROffset_conf">compiletime</P>
      <P Name="TranslationROffsetUnits">m</P>
      <P Name="TranslationThetaOffset">0</P>
      <P Name="TranslationThetaOffset_conf">compiletime</P>
      <P Name="TranslationThetaOffsetUnits">deg</P>
      <P Name="TranslationZOffset">0</P>
      <P Name="TranslationZOffset_conf">compiletime</P>
      <P Name="TranslationZOffsetUnits">m</P>
    </InstanceData>
  </Block>
  <Block BlockType="Reference" Name="Spherical&#xA;Joint" SID="303">
    <PortCounts lconn="1" rconn="1"/>
    <P Name="Position">[870, 300, 910, 340]</P>
    <P Name="ZOrder">100000</P>
    <P Name="BlockRotation">270</P>
    <P Name="NameLocation">right</P>
    <P Name="LibraryVersion">24.21</P>
    <P Name="SourceBlock">sm_lib/Joints/Spherical
Joint</P>
    <P Name="SourceType">Spherical
Joint</P>
    <InstanceData>
      <P Name="LogSimulationData">off</P>
      <P Name="SimscapeInstrumentationLogging">off</P>
      <P Name="SimscapeInstrumentationVariables" Ref="bdmxdata:SimscapeInstrumentationVariables_303"/>
      <P Name="JointMode">Normal</P>
      <P Name="CompositeWrenchDir">FollowerOnBase</P>
      <P Name="CompositeWrenchFrame">BaseFrame</P>
      <P Name="SenseConstraintForce">off</P>
      <P Name="SenseConstraintTorque">off</P>
      <P Name="SenseTotalForce">off</P>
      <P Name="SenseTotalTorque">off</P>
      <P Name="PositionTargetSpecify">off</P>
      <P Name="PositionTargetPriority">High</P>
      <P Name="PositionTargetRotationMethod">None</P>
      <P Name="PositionTargetFollAlignAxisA">+X</P>
      <P Name="PositionTargetBaseAlignAxisA">+Y</P>
      <P Name="PositionTargetFollAlignAxisB">+Y</P>
      <P Name="PositionTargetBaseAlignAxisB">+Z</P>
      <P Name="PositionTargetRotationStandardAxis">+Z</P>
      <P Name="PositionTargetRotationAngle">0.0</P>
      <P Name="PositionTargetRotationAngle_conf">compiletime</P>
      <P Name="PositionTargetRotationAngleUnits">deg</P>
      <P Name="PositionTargetRotationArbitraryAxis">[0 0 1]</P>
      <P Name="PositionTargetRotationArbitraryAxis_conf">compiletime</P>
      <P Name="PositionTargetRotationSequenceAxes">FollowerAxes</P>
      <P Name="PositionTargetRotationSequence">XYX</P>
      <P Name="PositionTargetRotationSequenceAngles">[0 0 0]</P>
      <P Name="PositionTargetRotationSequenceAngles_conf">compiletime</P>
      <P Name="PositionTargetRotationSequenceAnglesUnits">deg</P>
      <P Name="PositionTargetRotationMatrix">[1 0 0; 0 1 0; 0 0 1]</P>
      <P Name="PositionTargetRotationMatrix_conf">compiletime</P>
      <P Name="PositionTargetQuaternion">[1 0 0 0]</P>
      <P Name="PositionTargetQuaternion_conf">compiletime</P>
      <P Name="VelocityTargetSpecify">off</P>
      <P Name="VelocityTargetPriority">High</P>
      <P Name="VelocityTargetValue">[0 0 0]</P>
      <P Name="VelocityTargetValue_conf">compiletime</P>
      <P Name="VelocityTargetValueUnits">deg/s</P>
      <P Name="VelocityTargetInFollowerFrame">on</P>
      <P Name="EqPosRotationMethod">None</P>
      <P Name="EqPosFollAlignAxisA">+X</P>
      <P Name="EqPosBaseAlignAxisA">+Y</P>
      <P Name="EqPosFollAlignAxisB">+Y</P>
      <P Name="EqPosBaseAlignAxisB">+Z</P>
      <P Name="EqPosRotationStandardAxis">+Z</P>
      <P Name="EqPosRotationAngle">0.0</P>
      <P Name="EqPosRotationAngle_conf">compiletime</P>
      <P Name="EqPosRotationAngleUnits">deg</P>
      <P Name="EqPosRotationArbitraryAxis">[0 0 1]</P>
      <P Name="EqPosRotationArbitraryAxis_conf">compiletime</P>
      <P Name="EqPosRotationSequenceAxes">FollowerAxes</P>
      <P Name="EqPosRotationSequence">XYX</P>
      <P Name="EqPosRotationSequenceAngles">[0 0 0]</P>
      <P Name="EqPosRotationSequenceAngles_conf">compiletime</P>
      <P Name="EqPosRotationSequenceAnglesUnits">deg</P>
      <P Name="EqPosRotationMatrix">[1 0 0; 0 1 0; 0 0 1]</P>
      <P Name="EqPosRotationMatrix_conf">compiletime</P>
      <P Name="EqPosQuaternion">[1 0 0 0]</P>
      <P Name="EqPosQuaternion_conf">compiletime</P>
      <P Name="SpringStiffness">0</P>
      <P Name="SpringStiffness_conf">compiletime</P>
      <P Name="SpringStiffnessUnits">N*m/deg</P>
      <P Name="DampingCoefficient">0</P>
      <P Name="DampingCoefficient_conf">compiletime</P>
      <P Name="DampingCoefficientUnits">N*m/(deg/s)</P>
      <P Name="LowerLimitSpecify">off</P>
      <P Name="LowerLimitBound">15</P>
      <P Name="LowerLimitBound_conf">compiletime</P>
      <P Name="LowerLimitBoundUnits">deg</P>
      <P Name="LowerLimitStiffness">1e4</P>
      <P Name="LowerLimitStiffness_conf">compiletime</P>
      <P Name="LowerLimitStiffnessUnits">N*m/deg</P>
      <P Name="LowerLimitDamping">10</P>
      <P Name="LowerLimitDamping_conf">compiletime</P>
      <P Name="LowerLimitDampingUnits">N*m/(deg/s)</P>
      <P Name="LowerLimitTransitionRegionWidth">0.1</P>
      <P Name="LowerLimitTransitionRegionWidth_conf">compiletime</P>
      <P Name="LowerLimitTransitionRegionWidthUnits">deg</P>
      <P Name="UpperLimitSpecify">off</P>
      <P Name="UpperLimitBound">45</P>
      <P Name="UpperLimitBound_conf">compiletime</P>
      <P Name="UpperLimitBoundUnits">deg</P>
      <P Name="UpperLimitStiffness">1e4</P>
      <P Name="UpperLimitStiffness_conf">compiletime</P>
      <P Name="UpperLimitStiffnessUnits">N*m/deg</P>
      <P Name="UpperLimitDamping">10</P>
      <P Name="UpperLimitDamping_conf">compiletime</P>
      <P Name="UpperLimitDampingUnits">N*m/(deg/s)</P>
      <P Name="UpperLimitTransitionRegionWidth">0.1</P>
      <P Name="UpperLimitTransitionRegionWidth_conf">compiletime</P>
      <P Name="UpperLimitTransitionRegionWidthUnits">deg</P>
      <P Name="TorqueActuationMode">NoTorque</P>
      <P Name="ActuateTorqueX">off</P>
      <P Name="ActuateTorqueY">off</P>
      <P Name="ActuateTorqueZ">off</P>
      <P Name="ActuateTorque">off</P>
      <P Name="ActuationFrame">BaseFrame</P>
      <P Name="SensePosition">off</P>
      <P Name="SenseVelocityX">off</P>
      <P Name="SenseVelocityY">off</P>
      <P Name="SenseVelocityZ">off</P>
      <P Name="SenseVelocity">off</P>
      <P Name="SenseAccelerationX">off</P>
      <P Name="SenseAccelerationY">off</P>
      <P Name="SenseAccelerationZ">off</P>
      <P Name="SenseAcceleration">off</P>
      <P Name="SenseLowerLimitTorqueMag">off</P>
      <P Name="SenseUpperLimitTorqueMag">off</P>
      <P Name="SensingFrame">BaseFrame</P>
    </InstanceData>
  </Block>
  <Block BlockType="Reference" Name="Spherical&#xA;Joint2" SID="304">
    <PortCounts lconn="1" rconn="1"/>
    <P Name="Position">[2035, 290, 2075, 330]</P>
    <P Name="ZOrder">100000</P>
    <P Name="BlockRotation">270</P>
    <P Name="NameLocation">right</P>
    <P Name="LibraryVersion">24.21</P>
    <P Name="SourceBlock">sm_lib/Joints/Spherical
Joint</P>
    <P Name="SourceType">Spherical
Joint</P>
    <InstanceData>
      <P Name="LogSimulationData">off</P>
      <P Name="SimscapeInstrumentationLogging">off</P>
      <P Name="SimscapeInstrumentationVariables" Ref="bdmxdata:SimscapeInstrumentationVariables_304"/>
      <P Name="JointMode">Normal</P>
      <P Name="CompositeWrenchDir">FollowerOnBase</P>
      <P Name="CompositeWrenchFrame">BaseFrame</P>
      <P Name="SenseConstraintForce">off</P>
      <P Name="SenseConstraintTorque">off</P>
      <P Name="SenseTotalForce">off</P>
      <P Name="SenseTotalTorque">off</P>
      <P Name="PositionTargetSpecify">off</P>
      <P Name="PositionTargetPriority">High</P>
      <P Name="PositionTargetRotationMethod">None</P>
      <P Name="PositionTargetFollAlignAxisA">+X</P>
      <P Name="PositionTargetBaseAlignAxisA">+Y</P>
      <P Name="PositionTargetFollAlignAxisB">+Y</P>
      <P Name="PositionTargetBaseAlignAxisB">+Z</P>
      <P Name="PositionTargetRotationStandardAxis">+Z</P>
      <P Name="PositionTargetRotationAngle">0.0</P>
      <P Name="PositionTargetRotationAngle_conf">compiletime</P>
      <P Name="PositionTargetRotationAngleUnits">deg</P>
      <P Name="PositionTargetRotationArbitraryAxis">[0 0 1]</P>
      <P Name="PositionTargetRotationArbitraryAxis_conf">compiletime</P>
      <P Name="PositionTargetRotationSequenceAxes">FollowerAxes</P>
      <P Name="PositionTargetRotationSequence">XYX</P>
      <P Name="PositionTargetRotationSequenceAngles">[0 0 0]</P>
      <P Name="PositionTargetRotationSequenceAngles_conf">compiletime</P>
      <P Name="PositionTargetRotationSequenceAnglesUnits">deg</P>
      <P Name="PositionTargetRotationMatrix">[1 0 0; 0 1 0; 0 0 1]</P>
      <P Name="PositionTargetRotationMatrix_conf">compiletime</P>
      <P Name="PositionTargetQuaternion">[1 0 0 0]</P>
      <P Name="PositionTargetQuaternion_conf">compiletime</P>
      <P Name="VelocityTargetSpecify">off</P>
      <P Name="VelocityTargetPriority">High</P>
      <P Name="VelocityTargetValue">[0 0 0]</P>
      <P Name="VelocityTargetValue_conf">compiletime</P>
      <P Name="VelocityTargetValueUnits">deg/s</P>
      <P Name="VelocityTargetInFollowerFrame">on</P>
      <P Name="EqPosRotationMethod">None</P>
      <P Name="EqPosFollAlignAxisA">+X</P>
      <P Name="EqPosBaseAlignAxisA">+Y</P>
      <P Name="EqPosFollAlignAxisB">+Y</P>
      <P Name="EqPosBaseAlignAxisB">+Z</P>
      <P Name="EqPosRotationStandardAxis">+Z</P>
      <P Name="EqPosRotationAngle">0.0</P>
      <P Name="EqPosRotationAngle_conf">compiletime</P>
      <P Name="EqPosRotationAngleUnits">deg</P>
      <P Name="EqPosRotationArbitraryAxis">[0 0 1]</P>
      <P Name="EqPosRotationArbitraryAxis_conf">compiletime</P>
      <P Name="EqPosRotationSequenceAxes">FollowerAxes</P>
      <P Name="EqPosRotationSequence">XYX</P>
      <P Name="EqPosRotationSequenceAngles">[0 0 0]</P>
      <P Name="EqPosRotationSequenceAngles_conf">compiletime</P>
      <P Name="EqPosRotationSequenceAnglesUnits">deg</P>
      <P Name="EqPosRotationMatrix">[1 0 0; 0 1 0; 0 0 1]</P>
      <P Name="EqPosRotationMatrix_conf">compiletime</P>
      <P Name="EqPosQuaternion">[1 0 0 0]</P>
      <P Name="EqPosQuaternion_conf">compiletime</P>
      <P Name="SpringStiffness">0</P>
      <P Name="SpringStiffness_conf">compiletime</P>
      <P Name="SpringStiffnessUnits">N*m/deg</P>
      <P Name="DampingCoefficient">0</P>
      <P Name="DampingCoefficient_conf">compiletime</P>
      <P Name="DampingCoefficientUnits">N*m/(deg/s)</P>
      <P Name="LowerLimitSpecify">off</P>
      <P Name="LowerLimitBound">15</P>
      <P Name="LowerLimitBound_conf">compiletime</P>
      <P Name="LowerLimitBoundUnits">deg</P>
      <P Name="LowerLimitStiffness">1e4</P>
      <P Name="LowerLimitStiffness_conf">compiletime</P>
      <P Name="LowerLimitStiffnessUnits">N*m/deg</P>
      <P Name="LowerLimitDamping">10</P>
      <P Name="LowerLimitDamping_conf">compiletime</P>
      <P Name="LowerLimitDampingUnits">N*m/(deg/s)</P>
      <P Name="LowerLimitTransitionRegionWidth">0.1</P>
      <P Name="LowerLimitTransitionRegionWidth_conf">compiletime</P>
      <P Name="LowerLimitTransitionRegionWidthUnits">deg</P>
      <P Name="UpperLimitSpecify">off</P>
      <P Name="UpperLimitBound">45</P>
      <P Name="UpperLimitBound_conf">compiletime</P>
      <P Name="UpperLimitBoundUnits">deg</P>
      <P Name="UpperLimitStiffness">1e4</P>
      <P Name="UpperLimitStiffness_conf">compiletime</P>
      <P Name="UpperLimitStiffnessUnits">N*m/deg</P>
      <P Name="UpperLimitDamping">10</P>
      <P Name="UpperLimitDamping_conf">compiletime</P>
      <P Name="UpperLimitDampingUnits">N*m/(deg/s)</P>
      <P Name="UpperLimitTransitionRegionWidth">0.1</P>
      <P Name="UpperLimitTransitionRegionWidth_conf">compiletime</P>
      <P Name="UpperLimitTransitionRegionWidthUnits">deg</P>
      <P Name="TorqueActuationMode">NoTorque</P>
      <P Name="ActuateTorqueX">off</P>
      <P Name="ActuateTorqueY">off</P>
      <P Name="ActuateTorqueZ">off</P>
      <P Name="ActuateTorque">off</P>
      <P Name="ActuationFrame">BaseFrame</P>
      <P Name="SensePosition">off</P>
      <P Name="SenseVelocityX">off</P>
      <P Name="SenseVelocityY">off</P>
      <P Name="SenseVelocityZ">off</P>
      <P Name="SenseVelocity">off</P>
      <P Name="SenseAccelerationX">off</P>
      <P Name="SenseAccelerationY">off</P>
      <P Name="SenseAccelerationZ">off</P>
      <P Name="SenseAcceleration">off</P>
      <P Name="SenseLowerLimitTorqueMag">off</P>
      <P Name="SenseUpperLimitTorqueMag">off</P>
      <P Name="SensingFrame">BaseFrame</P>
    </InstanceData>
  </Block>
  <Block BlockType="SubSystem" Name="Wheels" SID="305">
    <PortCounts in="2" out="2" lconn="4" rconn="3"/>
    <P Name="Position">[1235, 514, 1685, 876]</P>
    <P Name="ZOrder">100000</P>
    <P Name="BlockMirror">on</P>
    <P Name="ContentPreviewEnabled">on</P>
    <P Name="PortSchema">{&quot;entries&quot;:[{&quot;content&quot;:{&quot;sides&quot;:[{&quot;content&quot;:{&quot;connectorIds&quot;:[&quot;LConn1&quot;,&quot;Out1&quot;,&quot;Out2&quot;,&quot;LConn2&quot;,&quot;LConn3&quot;,&quot;LConn4&quot;]},&quot;type&quot;:&quot;ConnectorPlacement.EquallySpacedRectSide&quot;,&quot;uuid&quot;:&quot;cdf43ca8-8411-4f39-b474-303a5f1c499c&quot;},{&quot;content&quot;:{&quot;connectorIds&quot;:[&quot;In1&quot;,&quot;In2&quot;,&quot;RConn1&quot;,&quot;RConn2&quot;,&quot;RConn3&quot;],&quot;side&quot;:&quot;RIGHT&quot;},&quot;type&quot;:&quot;ConnectorPlacement.EquallySpacedRectSide&quot;,&quot;uuid&quot;:&quot;d4854d09-b42d-4485-ae4e-6bf21ff8a87a&quot;},{&quot;content&quot;:{&quot;connectorIds&quot;:[],&quot;side&quot;:&quot;TOP&quot;},&quot;type&quot;:&quot;ConnectorPlacement.EquallySpacedRectSide&quot;,&quot;uuid&quot;:&quot;a4064992-91cb-45a7-9803-721b4b939007&quot;}]},&quot;type&quot;:&quot;ConnectorPlacement.EquallySpacedConnector&quot;,&quot;uuid&quot;:&quot;1bcf6f8b-d41b-4f0f-8286-d52df80441b9&quot;}],&quot;packageUris&quot;:[&quot;http://schema.mathworks.com/mf0/Connector/R2020b&quot;],&quot;version&quot;:&quot;1.0&quot;}</P>
    <Mask>
      <Display IconOpaque="opaque-with-ports" RunInitForIconRedraw="off" PortRotate="physical">image(&apos;$imagefile&apos;); % Use &quot;Edit Image&quot; on toolstrip to change.</Display>
      <SaveImageFileWithModel>on</SaveImageFileWithModel>
      <StringList PropName="ImageFiles">
        <String>slx:/simulink/maskimages/wheels.JPG</String>
      </StringList>
    </Mask>
    <System Ref="system_305"/>
  </Block>
  <Block BlockType="PMIOPort" Name="RoverRef" SID="472">
    <P Name="Position">[1120, 173, 1150, 187]</P>
    <P Name="ZOrder">100000</P>
    <P Name="Side">Left</P>
  </Block>
  <Block BlockType="PMIOPort" Name="ArmB" SID="473">
    <P Name="Position">[945, 273, 975, 287]</P>
    <P Name="ZOrder">100000</P>
    <P Name="Port">2</P>
    <P Name="Side">Right</P>
  </Block>
  <Block BlockType="PMIOPort" Name="SampleDropLoc" SID="474">
    <P Name="Position">[1125, 313, 1155, 327]</P>
    <P Name="ZOrder">100000</P>
    <P Name="BlockMirror">on</P>
    <P Name="Port">3</P>
    <P Name="Side">Right</P>
  </Block>
  <Block BlockType="PMIOPort" Name="WheelsG" SID="475">
    <P Name="Position">[1725, 538, 1755, 552]</P>
    <P Name="ZOrder">100000</P>
    <P Name="BlockMirror">on</P>
    <P Name="Port">4</P>
    <P Name="Side">Right</P>
  </Block>
  <Block BlockType="Outport" Name="ActSteerAng" SID="476">
    <P Name="Position">[1725, 598, 1755, 612]</P>
    <P Name="ZOrder">100000</P>
  </Block>
  <Block BlockType="Outport" Name="ActWheelSpeeds" SID="477">
    <P Name="Position">[1725, 658, 1755, 672]</P>
    <P Name="ZOrder">100000</P>
    <P Name="Port">2</P>
  </Block>
  <Line LineType="Connection">
    <P Name="ZOrder">1</P>
    <P Name="Src">204#rconn:1</P>
    <P Name="Dst">472#rconn:1</P>
  </Line>
  <Line LineType="Connection">
    <P Name="ZOrder">2</P>
    <P Name="Src">298#rconn:1</P>
    <P Name="Dst">251#lconn:2</P>
  </Line>
  <Line LineType="Connection">
    <P Name="ZOrder">3</P>
    <P Name="Src">299#lconn:1</P>
    <P Name="Dst">204#lconn:3</P>
  </Line>
  <Line LineType="Connection">
    <P Name="ZOrder">4</P>
    <P Name="Src">298#lconn:1</P>
    <P Name="Points">[1, 0; 0, 10]</P>
    <P Name="Dst">204#rconn:3</P>
  </Line>
  <Line LineType="Connection">
    <P Name="ZOrder">5</P>
    <P Name="Src">204#lconn:1</P>
    <P Name="Dst">297#lconn:1</P>
  </Line>
  <Line LineType="Connection">
    <P Name="ZOrder">6</P>
    <P Name="Src">299#rconn:1</P>
    <P Name="Points">[125, 0]</P>
    <P Name="Dst">264#lconn:1</P>
  </Line>
  <Line LineType="Connection">
    <P Name="ZOrder">7</P>
    <P Name="Src">297#rconn:1</P>
    <P Name="Dst">234#rconn:2</P>
  </Line>
  <Line LineType="Connection">
    <P Name="ZOrder">8</P>
    <P Name="Src">251#lconn:1</P>
    <P Name="Dst">303#lconn:1</P>
  </Line>
  <Line LineType="Connection">
    <P Name="ZOrder">9</P>
    <P Name="Src">264#lconn:2</P>
    <P Name="Dst">304#lconn:1</P>
  </Line>
  <Line LineType="Connection">
    <P Name="ZOrder">10</P>
    <P Name="Src">305#lconn:2</P>
    <P Name="Points">[85, 0; 0, -93; 90, 0]</P>
    <P Name="Dst">264#rconn:1</P>
  </Line>
  <Line LineType="Connection">
    <P Name="ZOrder">11</P>
    <P Name="Src">301#lconn:1</P>
    <P Name="Points">[0, -2; -110, 0]</P>
    <P Name="Dst">264#rconn:2</P>
  </Line>
  <Line LineType="Connection">
    <P Name="ZOrder">12</P>
    <P Name="Src">473#rconn:1</P>
    <P Name="Points">[28, 0]</P>
    <Branch ConnectType="DEST_DEST">
      <P Name="Src">302#lconn:1</P>
      <P Name="Points">[-2, 0; 0, -40]</P>
    </Branch>
    <Branch ConnectType="DEST_SRC">
      <P Name="Dst">204#rconn:2</P>
    </Branch>
  </Line>
  <Line LineType="Connection">
    <P Name="ZOrder">15</P>
    <P Name="Src">169#lconn:1</P>
    <P Name="Dst">204#lconn:2</P>
  </Line>
  <Line LineType="Connection">
    <P Name="ZOrder">16</P>
    <P Name="Src">474#rconn:1</P>
    <P Name="Dst">302#rconn:1</P>
  </Line>
  <Line LineType="Connection">
    <P Name="ZOrder">17</P>
    <P Name="Src">305#rconn:3</P>
    <P Name="Dst">277#lconn:2</P>
  </Line>
  <Line LineType="Connection">
    <P Name="ZOrder">18</P>
    <P Name="Src">277#rconn:1</P>
    <P Name="Points">[-20, 0]</P>
    <P Name="Dst">300#rconn:1</P>
  </Line>
  <Line LineType="Connection">
    <P Name="ZOrder">19</P>
    <P Name="Src">301#rconn:1</P>
    <P Name="Points">[0, 100]</P>
    <P Name="Dst">287#rconn:1</P>
  </Line>
  <Line LineType="Connection">
    <P Name="ZOrder">20</P>
    <P Name="Src">305#lconn:3</P>
    <P Name="Points">[94, 0; 0, -65]</P>
    <P Name="Dst">287#lconn:1</P>
  </Line>
  <Line>
    <P Name="ZOrder">21</P>
    <P Name="Src">168#out:1</P>
    <P Name="Dst">305#in:2</P>
  </Line>
  <Line LineType="Connection">
    <P Name="ZOrder">22</P>
    <P Name="Src">305#lconn:4</P>
    <P Name="Dst">287#lconn:2</P>
  </Line>
  <Line>
    <P Name="ZOrder">23</P>
    <P Name="Src">167#out:1</P>
    <P Name="Dst">305#in:1</P>
  </Line>
  <Line>
    <P Name="ZOrder">24</P>
    <P Name="Src">305#out:2</P>
    <P Name="Dst">477#in:1</P>
  </Line>
  <Line>
    <P Name="ZOrder">25</P>
    <P Name="Src">305#out:1</P>
    <P Name="Dst">476#in:1</P>
  </Line>
  <Line LineType="Connection">
    <P Name="ZOrder">26</P>
    <P Name="Src">475#rconn:1</P>
    <P Name="Dst">305#lconn:1</P>
  </Line>
  <Line LineType="Connection">
    <P Name="ZOrder">27</P>
    <P Name="Src">300#lconn:1</P>
    <P Name="Points">[0, 11; 85, 0]</P>
    <P Name="Dst">251#rconn:1</P>
  </Line>
  <Line LineType="Connection">
    <P Name="ZOrder">28</P>
    <P Name="Src">305#rconn:1</P>
    <P Name="Points">[-63, 0; 0, -41; -102, 0]</P>
    <P Name="Dst">251#rconn:2</P>
  </Line>
  <Line LineType="Connection">
    <P Name="ZOrder">29</P>
    <P Name="Src">305#rconn:2</P>
    <P Name="Points">[-63, 0; 0, -45]</P>
    <P Name="Dst">277#lconn:1</P>
  </Line>
  <Line LineType="Connection">
    <P Name="ZOrder">30</P>
    <P Name="Src">303#rconn:1</P>
    <P Name="Points">[0, -241]</P>
    <P Name="Dst">234#lconn:1</P>
  </Line>
  <Line LineType="Connection">
    <P Name="ZOrder">31</P>
    <P Name="Src">304#rconn:1</P>
    <P Name="Points">[0, -231]</P>
    <P Name="Dst">234#rconn:1</P>
  </Line>
</System>
