<?xml version="1.0" encoding="utf-8"?>
<System>
  <P Name="Location">[-1, -7, 1537, 817]</P>
  <P Name="ZoomFactor">125</P>
  <Block BlockType="SubSystem" Name=" Trajectory Planner" SID="1355">
    <PortCounts in="2" out="1"/>
    <P Name="Position">[570, 436, 735, 574]</P>
    <P Name="ZOrder">100000</P>
    <P Name="ContentPreviewEnabled">on</P>
    <Mask>
      <Display RunInitForIconRedraw="off"/>
    </Mask>
    <System Ref="system_1355"/>
  </Block>
  <Block BlockType="Sum" Name="Add" SID="1428">
    <PortCounts in="2" out="1"/>
    <P Name="Position">[820, 497, 850, 528]</P>
    <P Name="ZOrder">100000</P>
    <P Name="IconShape">rectangular</P>
    <P Name="Inputs">+-</P>
  </Block>
  <Block BlockType="SubSystem" Name="ArmLock" SID="1429">
    <PortCounts lconn="1" rconn="1"/>
    <P Name="Position">[1480, 543, 1565, 617]</P>
    <P Name="ZOrder">100000</P>
    <P Name="BlockMirror">on</P>
    <P Name="ContentPreviewEnabled">on</P>
    <Mask>
      <Display RunInitForIconRedraw="off"/>
    </Mask>
    <System Ref="system_1429"/>
  </Block>
  <Block BlockType="SubSystem" Name="End Effector Sense" SID="1442">
    <PortCounts lconn="1" rconn="1"/>
    <P Name="Position">[1205, 369, 1280, 401]</P>
    <P Name="ZOrder">100000</P>
    <P Name="ContentPreviewEnabled">on</P>
    <Mask>
      <Display RunInitForIconRedraw="off" PortRotate="physical"/>
    </Mask>
    <System Ref="system_1442"/>
  </Block>
  <Block BlockType="Goto" Name="Goto1" SID="1451">
    <P Name="Position">[800, 611, 895, 629]</P>
    <P Name="ZOrder">100000</P>
    <P Name="GotoTag">ActJointAngles</P>
    <P Name="TagVisibility">global</P>
  </Block>
  <Block BlockType="Goto" Name="Goto2" SID="1452">
    <P Name="Position">[820, 349, 920, 381]</P>
    <P Name="ZOrder">100000</P>
    <P Name="GotoTag">DesiredJointAngles</P>
    <P Name="TagVisibility">global</P>
  </Block>
  <Block BlockType="Goto" Name="Goto3" SID="1453">
    <P Name="Position">[960, 609, 1045, 631]</P>
    <P Name="ZOrder">100000</P>
    <P Name="GotoTag">JointActuatorTrqs</P>
    <P Name="TagVisibility">global</P>
  </Block>
  <Block BlockType="Reference" Name="PID Control" SID="1454">
    <PortCounts in="1" out="1"/>
    <P Name="Position">[875, 462, 940, 568]</P>
    <P Name="ZOrder">100000</P>
    <P Name="LibraryVersion">9.15</P>
    <P Name="SourceBlock">slpidlib/PID Controller</P>
    <P Name="SourceType">PID 1dof</P>
    <InstanceData>
      <P Name="RTWMemSecFuncInitTerm">Inherit from model</P>
      <P Name="RTWMemSecFuncExecute">Inherit from model</P>
      <P Name="RTWMemSecDataConstants">Inherit from model</P>
      <P Name="RTWMemSecDataInternal">Inherit from model</P>
      <P Name="RTWMemSecDataParameters">Inherit from model</P>
      <P Name="ContentPreviewEnabled">on</P>
      <P Name="Controller">PID</P>
      <P Name="Form">Parallel</P>
      <P Name="TimeDomain">Continuous-time</P>
      <P Name="UseExternalTs">off</P>
      <P Name="SampleTime">-1</P>
      <P Name="IntegratorMethod">Forward Euler</P>
      <P Name="FilterMethod">Forward Euler</P>
      <P Name="ControllerParametersSource">internal</P>
      <P Name="P">Kp_arm</P>
      <P Name="I">Ki_arm</P>
      <P Name="UseKiTs">off</P>
      <P Name="D">Kd_arm</P>
      <P Name="UseExternalDerivativeSource">off</P>
      <P Name="N">100</P>
      <P Name="UseFilter">on</P>
      <P Name="TunerSelectOption">Transfer Function Based (PID Tuner App)</P>
      <P Name="ZeroCross">on</P>
      <P Name="InitialConditionSource">internal</P>
      <P Name="InitialConditionForIntegrator">0</P>
      <P Name="InitialConditionForFilter">0</P>
      <P Name="DifferentiatorICPrevScaledInput">0</P>
      <P Name="ExternalReset">none</P>
      <P Name="IgnoreLimit">off</P>
      <P Name="TrackingMode">off</P>
      <P Name="Kt">1</P>
      <P Name="LimitOutput">off</P>
      <P Name="SatLimitsSource">internal</P>
      <P Name="UpperSaturationLimit">inf</P>
      <P Name="LowerSaturationLimit">-inf</P>
      <P Name="LinearizeAsGain">on</P>
      <P Name="AntiWindupMode">none</P>
      <P Name="Kb">1</P>
      <P Name="LimitIntegrator">off</P>
      <P Name="UpperIntegratorSaturationLimit">inf</P>
      <P Name="LowerIntegratorSaturationLimit">-inf</P>
      <P Name="RndMeth">Floor</P>
      <P Name="SaturateOnIntegerOverflow">off</P>
      <P Name="LockScale">off</P>
      <P Name="PGainOutDataTypeStr">Inherit: Inherit via internal rule</P>
      <P Name="PProdOutDataTypeStr">Inherit: Inherit via internal rule</P>
      <P Name="POutMin">[]</P>
      <P Name="POutMax">[]</P>
      <P Name="IGainOutDataTypeStr">Inherit: Inherit via internal rule</P>
      <P Name="IProdOutDataTypeStr">Inherit: Inherit via internal rule</P>
      <P Name="IOutMin">[]</P>
      <P Name="IOutMax">[]</P>
      <P Name="DGainOutDataTypeStr">Inherit: Inherit via internal rule</P>
      <P Name="DProdOutDataTypeStr">Inherit: Inherit via internal rule</P>
      <P Name="DOutMin">[]</P>
      <P Name="DOutMax">[]</P>
      <P Name="NGainOutDataTypeStr">Inherit: Inherit via internal rule</P>
      <P Name="NProdOutDataTypeStr">Inherit: Inherit via internal rule</P>
      <P Name="NOutMin">[]</P>
      <P Name="NOutMax">[]</P>
      <P Name="SumOutDataTypeStr">Inherit: Inherit via internal rule</P>
      <P Name="SumOutMin">[]</P>
      <P Name="SumOutMax">[]</P>
      <P Name="SaturationOutDataTypeStr">Inherit: Same as input</P>
      <P Name="SaturationOutMin">[]</P>
      <P Name="SaturationOutMax">[]</P>
      <P Name="PParamDataTypeStr">Inherit: Inherit via internal rule</P>
      <P Name="PParamMin">[]</P>
      <P Name="PParamMax">[]</P>
      <P Name="IParamDataTypeStr">Inherit: Inherit via internal rule</P>
      <P Name="IParamMin">[]</P>
      <P Name="IParamMax">[]</P>
      <P Name="DParamDataTypeStr">Inherit: Inherit via internal rule</P>
      <P Name="DParamMin">[]</P>
      <P Name="DParamMax">[]</P>
      <P Name="NParamDataTypeStr">Inherit: Inherit via internal rule</P>
      <P Name="NParamMin">[]</P>
      <P Name="NParamMax">[]</P>
      <P Name="KbParamDataTypeStr">Inherit: Inherit via internal rule</P>
      <P Name="KbParamMin">[]</P>
      <P Name="KbParamMax">[]</P>
      <P Name="KtParamDataTypeStr">Inherit: Inherit via internal rule</P>
      <P Name="KtParamMin">[]</P>
      <P Name="KtParamMax">[]</P>
      <P Name="KbOutDataTypeStr">Inherit: Inherit via internal rule</P>
      <P Name="KbOutMin">[]</P>
      <P Name="KbOutMax">[]</P>
      <P Name="KtOutDataTypeStr">Inherit: Inherit via internal rule</P>
      <P Name="KtOutMin">[]</P>
      <P Name="KtOutMax">[]</P>
      <P Name="IntegratorOutDataTypeStr">Inherit: Inherit via internal rule</P>
      <P Name="IntegratorOutMin">[]</P>
      <P Name="IntegratorOutMax">[]</P>
      <P Name="FilterOutDataTypeStr">Inherit: Inherit via internal rule</P>
      <P Name="FilterOutMin">[]</P>
      <P Name="FilterOutMax">[]</P>
      <P Name="SumI1OutDataTypeStr">Inherit: Inherit via internal rule</P>
      <P Name="SumI1OutMin">[]</P>
      <P Name="SumI1OutMax">[]</P>
      <P Name="SumI2OutDataTypeStr">Inherit: Inherit via internal rule</P>
      <P Name="SumI2OutMin">[]</P>
      <P Name="SumI2OutMax">[]</P>
      <P Name="SumI3OutDataTypeStr">Inherit: Inherit via internal rule</P>
      <P Name="SumI3OutMin">[]</P>
      <P Name="SumI3OutMax">[]</P>
      <P Name="SumI4OutDataTypeStr">Inherit: Inherit via internal rule</P>
      <P Name="SumI4OutMin">[]</P>
      <P Name="SumI4OutMax">[]</P>
      <P Name="SumDOutDataTypeStr">Inherit: Inherit via internal rule</P>
      <P Name="SumDOutMin">[]</P>
      <P Name="SumDOutMax">[]</P>
      <P Name="SumAccumDataTypeStr">Inherit: Inherit via internal rule</P>
      <P Name="SumI1AccumDataTypeStr">Inherit: Inherit via internal rule</P>
      <P Name="SumI2AccumDataTypeStr">Inherit: Inherit via internal rule</P>
      <P Name="SumI3AccumDataTypeStr">Inherit: Inherit via internal rule</P>
      <P Name="SumI4AccumDataTypeStr">Inherit: Inherit via internal rule</P>
      <P Name="SumDAccumDataTypeStr">Inherit: Inherit via internal rule</P>
      <P Name="DifferentiatorOutDataTypeStr">Inherit: Inherit via internal rule</P>
      <P Name="DifferentiatorOutMin">[]</P>
      <P Name="DifferentiatorOutMax">[]</P>
      <P Name="FilterDiffNumProductOutputDataTypeStr">Inherit: Inherit via internal rule</P>
      <P Name="FilterDiffDenProductOutputDataTypeStr">Inherit: Inherit via internal rule</P>
      <P Name="FilterDiffNumAccumDataTypeStr">Inherit: Inherit via internal rule</P>
      <P Name="FilterDiffDenAccumDataTypeStr">Inherit: Inherit via internal rule</P>
      <P Name="FilterDiffOutCoefDataTypeStr">Inherit: Inherit via internal rule</P>
      <P Name="FilterDiffOutCoefMin">[]</P>
      <P Name="FilterDiffOutCoefMax">[]</P>
      <P Name="ReciprocalOutDataTypeStr">Inherit: Inherit via internal rule</P>
      <P Name="ReciprocalOutMin">[]</P>
      <P Name="ReciprocalOutMax">[]</P>
      <P Name="SumDenOutDataTypeStr">Inherit: Inherit via internal rule</P>
      <P Name="SumDenOutMin">[]</P>
      <P Name="SumDenOutMax">[]</P>
      <P Name="SumNumOutDataTypeStr">Inherit: Inherit via internal rule</P>
      <P Name="SumNumOutMin">[]</P>
      <P Name="SumNumOutMax">[]</P>
      <P Name="SumDenAccumDataTypeStr">Inherit: Inherit via internal rule</P>
      <P Name="SumNumAccumDataTypeStr">Inherit: Inherit via internal rule</P>
      <P Name="DivideOutDataTypeStr">Inherit: Inherit via internal rule</P>
      <P Name="DivideOutMin">[]</P>
      <P Name="DivideOutMax">[]</P>
      <P Name="UdiffTsProdOutDataTypeStr">Inherit: Inherit via internal rule</P>
      <P Name="UdiffTsProdOutMin">[]</P>
      <P Name="UdiffTsProdOutMax">[]</P>
      <P Name="NTsProdOutDataTypeStr">Inherit: Inherit via internal rule</P>
      <P Name="NTsProdOutMin">[]</P>
      <P Name="NTsProdOutMax">[]</P>
      <P Name="UintegralTsProdOutDataTypeStr">Inherit: Inherit via internal rule</P>
      <P Name="UintegralTsProdOutMin">[]</P>
      <P Name="UintegralTsProdOutMax">[]</P>
      <P Name="UngainTsProdOutDataTypeStr">Inherit: Inherit via internal rule</P>
      <P Name="UngainTsProdOutMin">[]</P>
      <P Name="UngainTsProdOutMax">[]</P>
      <P Name="ClampingZeroOutDataTypeStr">Inherit: Inherit via back propagation</P>
      <P Name="ClampingZeroOutMin">[]</P>
      <P Name="ClampingZeroOutMax">[]</P>
      <P Name="FilterDenConstantOutDataTypeStr">Inherit: Inherit via back propagation</P>
      <P Name="FilterDenConstantOutMin">[]</P>
      <P Name="FilterDenConstantOutMax">[]</P>
      <P Name="PCopyOutDataTypeStr">Inherit: Inherit via back propagation</P>
      <P Name="PCopyOutMin">[]</P>
      <P Name="PCopyOutMax">[]</P>
      <P Name="NCopyOutDataTypeStr">Inherit: Inherit via back propagation</P>
      <P Name="NCopyOutMin">[]</P>
      <P Name="NCopyOutMax">[]</P>
      <P Name="IntegratorContinuousStateAttributes">&apos;&apos;</P>
      <P Name="IntegratorStateMustResolveToSignalObject">off</P>
      <P Name="IntegratorRTWStateStorageClass">Auto</P>
      <P Name="FilterContinuousStateAttributes">&apos;&apos;</P>
      <P Name="FilterStateMustResolveToSignalObject">off</P>
      <P Name="FilterRTWStateStorageClass">Auto</P>
      <P Name="ParallelPVariant">InternalParameters</P>
      <P Name="IdealPVariant">Disabled</P>
      <P Name="IVariant">InternalParameters</P>
      <P Name="DVariant">InternalParameters</P>
      <P Name="IntegratorVariant">Continuous</P>
      <P Name="SatVariant">Disabled</P>
      <P Name="AWVariant">Passthrough</P>
      <P Name="PCopyVariant">Disabled</P>
      <P Name="TRVariant">Disabled</P>
      <P Name="FdbkBlocksVariant">Forward</P>
      <P Name="IdealPFdbkVariant">Disabled</P>
      <P Name="SatFdbkVariant">Disabled</P>
      <P Name="DerivativeFilterVariant">ContFilter</P>
      <P Name="NVariant">InternalParameters</P>
      <P Name="NCopyVariant">Disabled</P>
      <P Name="FilterICVariant">InternalICsFilter</P>
      <P Name="IntegratorICVariant">InternalICs</P>
      <P Name="ExternalResetVariant">Disabled</P>
      <P Name="TRSumVariant">Passthrough</P>
      <P Name="SumFdbkVariant">Disabled</P>
      <P Name="SumVariant">Sum_PID</P>
      <P Name="TsampFilterVariant">InternalTs</P>
      <P Name="TsampNgainVariant">Passthrough</P>
      <P Name="TsampIntegralVariant">Disabled_SignalSpec</P>
      <P Name="ExternalSaturationOutDataTypeStr">Inherit: Same as second input</P>
      <P Name="DerivativeSourceVariant">ErrorSignal</P>
      <P Name="InitialConditionSetting">Auto</P>
      <P Name="PreIntVariant">InternalPreInt</P>
    </InstanceData>
  </Block>
  <Block BlockType="SubSystem" Name="Rover Arm" SID="1455">
    <PortCounts in="1" out="1" lconn="2"/>
    <P Name="Position">[1100, 417, 1393, 619]</P>
    <P Name="ZOrder">100000</P>
    <P Name="ContentPreviewEnabled">on</P>
    <P Name="PortSchema">{&quot;entries&quot;:[{&quot;content&quot;:{&quot;sides&quot;:[{&quot;content&quot;:{&quot;connectorIds&quot;:[&quot;In1&quot;]},&quot;type&quot;:&quot;ConnectorPlacement.EquallySpacedRectSide&quot;,&quot;uuid&quot;:&quot;44c8adb7-00ac-400a-98ed-ead5e12ad105&quot;},{&quot;content&quot;:{&quot;connectorIds&quot;:[&quot;Out1&quot;],&quot;side&quot;:&quot;RIGHT&quot;},&quot;type&quot;:&quot;ConnectorPlacement.EquallySpacedRectSide&quot;,&quot;uuid&quot;:&quot;fdc7bd8f-ace2-488d-8919-cf5c650dd1d7&quot;},{&quot;content&quot;:{&quot;connectorIds&quot;:[&quot;LConn1&quot;,&quot;LConn2&quot;],&quot;side&quot;:&quot;TOP&quot;},&quot;type&quot;:&quot;ConnectorPlacement.EquallySpacedRectSide&quot;,&quot;uuid&quot;:&quot;e6b89b0c-12bb-4698-b60e-60c64a8f3314&quot;}]},&quot;type&quot;:&quot;ConnectorPlacement.EquallySpacedConnector&quot;,&quot;uuid&quot;:&quot;42e45278-5e8a-4850-9160-494ec176052c&quot;}],&quot;packageUris&quot;:[&quot;http://schema.mathworks.com/mf0/Connector/R2020b&quot;],&quot;version&quot;:&quot;1.0&quot;}</P>
    <Mask>
      <Display IconOpaque="opaque-with-ports" RunInitForIconRedraw="off" PortRotate="physical">image(&apos;rover_manip_subsys_1.JPG&apos;);</Display>
      <SaveImageFileWithModel>on</SaveImageFileWithModel>
      <StringList PropName="ImageFiles">
        <String>slx:/simulink/maskimages/rover_manip_subsys_1.JPG</String>
      </StringList>
    </Mask>
    <PortProperties>
      <Port Type="out" Index="1">
        <P Name="PropagatedSignals">y</P>
      </Port>
    </PortProperties>
    <System Ref="system_1455"/>
  </Block>
  <Block BlockType="SubSystem" Name="Sample Interaction Logic" SID="1558">
    <PortCounts lconn="3" rconn="1"/>
    <P Name="Position">[1475, 416, 1570, 494]</P>
    <P Name="ZOrder">100000</P>
    <P Name="ContentPreviewEnabled">on</P>
    <Mask>
      <Display RunInitForIconRedraw="off">image(&apos;sample_1.JPG&apos;);</Display>
      <SaveImageFileWithModel>on</SaveImageFileWithModel>
      <StringList PropName="ImageFiles">
        <String>slx:/simulink/maskimages/sample_1.JPG</String>
      </StringList>
    </Mask>
    <System Ref="system_1558"/>
  </Block>
  <Block BlockType="SubSystem" Name="Sample Loc Sense" SID="1618">
    <PortCounts out="1" lconn="1" rconn="1"/>
    <P Name="Position">[1200, 323, 1285, 352]</P>
    <P Name="ZOrder">100000</P>
    <P Name="ContentPreviewEnabled">on</P>
    <Mask>
      <Display RunInitForIconRedraw="off"/>
    </Mask>
    <PortProperties>
      <Port Type="out" Index="1">
        <P Name="PropagatedSignals">SampleLoc</P>
      </Port>
    </PortProperties>
    <System Ref="system_1618"/>
  </Block>
  <Block BlockType="PMIOPort" Name="ArmBase" SID="1627">
    <P Name="Position">[1100, 378, 1130, 392]</P>
    <P Name="ZOrder">100000</P>
    <P Name="Side">Left</P>
  </Block>
  <Block BlockType="PMIOPort" Name="SampleB" SID="1628">
    <P Name="Position">[1430, 473, 1460, 487]</P>
    <P Name="ZOrder">100000</P>
    <P Name="Port">2</P>
    <P Name="Side">Left</P>
  </Block>
  <Block BlockType="PMIOPort" Name="ToArmLock" SID="1629">
    <P Name="Position">[1600, 573, 1630, 587]</P>
    <P Name="ZOrder">100000</P>
    <P Name="BlockMirror">on</P>
    <P Name="Port">3</P>
    <P Name="Side">Left</P>
  </Block>
  <Block BlockType="PMIOPort" Name="SampleDrop" SID="1630">
    <P Name="Position">[1600, 448, 1630, 462]</P>
    <P Name="ZOrder">100000</P>
    <P Name="BlockMirror">on</P>
    <P Name="Port">4</P>
    <P Name="Side">Right</P>
  </Block>
  <Line LineType="Connection">
    <P Name="ZOrder">25</P>
    <P Name="Points">[1320, 385; 0, 17]</P>
    <P Name="Dst">1455#lconn:2</P>
    <Branch ConnectType="SRC_DEST">
      <P Name="Points">[1426, 460; -24, 0; 0, -75; -82, 0]</P>
      <Branch ConnectType="SRC_DEST">
        <P Name="Src">1558#lconn:2</P>
        <P Name="Points">[-34, 0; 0, 5]</P>
      </Branch>
      <Branch ConnectType="SRC_SRC">
        <P Name="Points">[0, 120]</P>
        <P Name="Dst">1429#rconn:1</P>
      </Branch>
    </Branch>
    <Branch ConnectType="SRC_DEST">
      <P Name="Src">1442#rconn:1</P>
      <P Name="Points">[25, 0]</P>
    </Branch>
  </Line>
  <Line LineType="Connection">
    <P Name="ZOrder">30</P>
    <P Name="Points">[1175, 385; 0, 17]</P>
    <P Name="Dst">1455#lconn:1</P>
    <Branch ConnectType="SRC_DEST">
      <P Name="Src">1627#rconn:1</P>
      <P Name="Points">[30, 0]</P>
    </Branch>
    <Branch ConnectType="SRC_DEST">
      <P Name="Src">1618#lconn:1</P>
      <P Name="Points">[-10, 0; 0, 45]</P>
    </Branch>
    <Branch ConnectType="SRC_DEST">
      <P Name="Src">1442#lconn:1</P>
      <P Name="Points">[-15, 0]</P>
    </Branch>
  </Line>
  <Line LineType="Connection">
    <P Name="ZOrder">2</P>
    <P Name="Src">1628#rconn:1</P>
    <P Name="Dst">1558#lconn:3</P>
  </Line>
  <Line LineType="Connection">
    <P Name="ZOrder">3</P>
    <P Name="Src">1618#rconn:1</P>
    <P Name="Points">[152, 0; 0, 85]</P>
    <P Name="Dst">1558#lconn:1</P>
  </Line>
  <Line>
    <P Name="ZOrder">4</P>
    <P Name="Src">1428#out:1</P>
    <P Name="Dst">1454#in:1</P>
  </Line>
  <Line>
    <P Name="ZOrder">9</P>
    <P Name="Src">1455#out:1</P>
    <P Name="Points">[19, 0; 0, 129; -632, 0]</P>
    <Branch>
      <P Name="ZOrder">8</P>
      <P Name="Points">[-239, 0; 0, -109]</P>
      <P Name="Dst">1355#in:2</P>
    </Branch>
    <Branch>
      <P Name="ZOrder">7</P>
      <P Name="Points">[0, -29]</P>
      <Branch>
        <P Name="ZOrder">6</P>
        <P Name="Points">[0, -100]</P>
        <P Name="Dst">1428#in:2</P>
      </Branch>
      <Branch>
        <P Name="ZOrder">5</P>
        <P Name="Dst">1451#in:1</P>
      </Branch>
    </Branch>
  </Line>
  <Line>
    <P Name="ZOrder">12</P>
    <P Name="Src">1355#out:1</P>
    <P Name="Points">[56, 0]</P>
    <Branch>
      <P Name="ZOrder">11</P>
      <P Name="Points">[0, -140]</P>
      <P Name="Dst">1452#in:1</P>
    </Branch>
    <Branch>
      <P Name="ZOrder">10</P>
      <P Name="Dst">1428#in:1</P>
    </Branch>
  </Line>
  <Line>
    <P Name="ZOrder">15</P>
    <P Name="Src">1454#out:1</P>
    <P Name="Points">[4, 0; 0, 5]</P>
    <Branch>
      <P Name="ZOrder">14</P>
      <P Name="Points">[0, 100]</P>
      <P Name="Dst">1453#in:1</P>
    </Branch>
    <Branch>
      <P Name="ZOrder">13</P>
      <P Name="Dst">1455#in:1</P>
    </Branch>
  </Line>
  <Line>
    <P Name="ZOrder">16</P>
    <P Name="Src">1618#out:1</P>
    <P Name="Points">[44, 0; 0, -19; -779, 0]</P>
    <P Name="Dst">1355#in:1</P>
  </Line>
  <Line LineType="Connection">
    <P Name="ZOrder">17</P>
    <P Name="Src">1630#rconn:1</P>
    <P Name="Dst">1558#rconn:1</P>
  </Line>
  <Line LineType="Connection">
    <P Name="ZOrder">18</P>
    <P Name="Src">1629#rconn:1</P>
    <P Name="Dst">1429#lconn:1</P>
  </Line>
</System>
