<?xml version="1.0" encoding="utf-8"?>
<System>
  <P Name="Location">[-1, -7, 1537, 817]</P>
  <Block BlockType="SubSystem" Name="CalcSpeed" SID="978">
    <PortCounts in="1" out="1"/>
    <P Name="Position">[420, 707, 490, 753]</P>
    <P Name="ZOrder">100000</P>
    <P Name="ErrorFcn">Stateflow.Translate.translate</P>
    <P Name="PermitHierarchicalResolution">ExplicitOnly</P>
    <P Name="TreatAsAtomicUnit">on</P>
    <P Name="SFBlockType">MATLAB Function</P>
    <P Name="ContentPreviewEnabled">on</P>
    <PortProperties>
      <Port Type="out" Index="1">
        <P Name="PropagatedSignals">y</P>
      </Port>
    </PortProperties>
    <System Ref="system_978"/>
  </Block>
  <Block BlockType="From" Name="From" SID="979">
    <P Name="Position">[310, 298, 395, 332]</P>
    <P Name="ZOrder">100000</P>
    <P Name="GotoTag">DesWheelSpeeds</P>
    <P Name="TagVisibility">global</P>
  </Block>
  <Block BlockType="From" Name="From1" SID="980">
    <P Name="Position">[310, 363, 395, 397]</P>
    <P Name="ZOrder">100000</P>
    <P Name="GotoTag">ActWheelSpeeds</P>
    <P Name="TagVisibility">global</P>
  </Block>
  <Block BlockType="From" Name="From10" SID="981">
    <P Name="Position">[315, 713, 400, 747]</P>
    <P Name="ZOrder">100000</P>
    <P Name="GotoTag">RoverLinearVel</P>
    <P Name="TagVisibility">global</P>
  </Block>
  <Block BlockType="From" Name="From11" SID="982">
    <P Name="Position">[315, 660, 450, 690]</P>
    <P Name="ZOrder">100000</P>
    <P Name="GotoTag">RoverDesiredLinearSpeed</P>
    <P Name="TagVisibility">global</P>
    <PortProperties>
      <Port Type="out" Index="1">
        <P Name="PropagatedSignals">lin_Vel_out</P>
      </Port>
    </PortProperties>
  </Block>
  <Block BlockType="From" Name="From2" SID="983">
    <P Name="Position">[315, 463, 400, 497]</P>
    <P Name="ZOrder">100000</P>
    <P Name="GotoTag">ActSteerAng</P>
    <P Name="TagVisibility">global</P>
  </Block>
  <Block BlockType="From" Name="From3" SID="984">
    <P Name="Position">[315, 413, 400, 447]</P>
    <P Name="ZOrder">100000</P>
    <P Name="GotoTag">DesSteerAng</P>
    <P Name="TagVisibility">global</P>
  </Block>
  <Block BlockType="From" Name="From4" SID="985">
    <P Name="Position">[605, 323, 710, 357]</P>
    <P Name="ZOrder">100000</P>
    <P Name="GotoTag">WheelActuatorTrqs</P>
    <P Name="TagVisibility">global</P>
  </Block>
  <Block BlockType="From" Name="From5" SID="986">
    <P Name="Position">[605, 433, 710, 467]</P>
    <P Name="ZOrder">100000</P>
    <P Name="GotoTag">SteerActuatorTrqs</P>
    <P Name="TagVisibility">global</P>
  </Block>
  <Block BlockType="From" Name="From6" SID="987">
    <P Name="Position">[315, 573, 400, 607]</P>
    <P Name="ZOrder">100000</P>
    <P Name="GotoTag">RoverOrientation</P>
    <P Name="TagVisibility">global</P>
  </Block>
  <Block BlockType="From" Name="From7" SID="988">
    <P Name="Position">[315, 538, 400, 572]</P>
    <P Name="ZOrder">100000</P>
    <P Name="GotoTag">RoverTranslation</P>
    <P Name="TagVisibility">global</P>
  </Block>
  <Block BlockType="From" Name="From8" SID="989">
    <P Name="Position">[525, 538, 610, 572]</P>
    <P Name="ZOrder">100000</P>
    <P Name="GotoTag">RoverLinearVel</P>
    <P Name="TagVisibility">global</P>
  </Block>
  <Block BlockType="From" Name="From9" SID="990">
    <P Name="Position">[525, 573, 610, 607]</P>
    <P Name="ZOrder">100000</P>
    <P Name="GotoTag">RoverAngVel_Z</P>
    <P Name="TagVisibility">global</P>
  </Block>
  <Block BlockType="Scope" Name="Rover Linear and Ang Vel" SID="991">
    <PortCounts in="2"/>
    <P Name="Position">[640, 551, 680, 604]</P>
    <P Name="ZOrder">100000</P>
    <P Name="ScopeSpecificationString">Simulink.scopes.TimeScopeBlockCfg(&apos;CurrentConfiguration&apos;, extmgr.ConfigurationSet(extmgr.Configuration(&apos;Core&apos;,&apos;General UI&apos;,true),extmgr.Configuration(&apos;Core&apos;,&apos;Source UI&apos;,true),extmgr.Configuration(&apos;Sources&apos;,&apos;WiredSimulink&apos;,true,&apos;DataLoggingVariableName&apos;,&apos;ScopeData1&apos;),extmgr.Configuration(&apos;Visuals&apos;,&apos;Time Domain&apos;,true,&apos;SerializedDisplays&apos;,{struct(&apos;MinYLimReal&apos;,&apos;-0.5914&apos;,&apos;MaxYLimReal&apos;,&apos;0.62271&apos;,&apos;YLabelReal&apos;,&apos;Rover Linear Vel (m/s)&apos;,&apos;MinYLimMag&apos;,&apos;0.00000&apos;,&apos;MaxYLimMag&apos;,&apos;0.62271&apos;,&apos;LegendVisibility&apos;,&apos;On&apos;,&apos;XGrid&apos;,true,&apos;YGrid&apos;,true,&apos;PlotMagPhase&apos;,false,&apos;AxesColor&apos;,[0 0 0],&apos;AxesTickColor&apos;,[0.686274509803922 0.686274509803922 0.686274509803922],&apos;ColorOrder&apos;,[1 1 0.0666666666666667;0.0745098039215686 0.623529411764706 1;1 0.411764705882353 0.16078431372549;0.392156862745098 0.831372549019608 0.0745098039215686;0.717647058823529 0.274509803921569 1;0.0588235294117647 1 1;1 0.0745098039215686 0.650980392156863],&apos;Title&apos;,&apos;Rover Linear and Ang Velocities&apos;,&apos;LinePropertiesCache&apos;,{{struct(&apos;Visible&apos;,&apos;on&apos;),struct(&apos;Visible&apos;,&apos;on&apos;),struct(&apos;Visible&apos;,&apos;on&apos;)}},&apos;UserDefinedChannelNames&apos;,{{&apos;x&apos;,&apos;y&apos;,&apos;z&apos;}},&apos;NumLines&apos;,2,&apos;LineNames&apos;,{{&apos;x&apos;,&apos;y&apos;}},&apos;ShowContent&apos;,true,&apos;Placement&apos;,1),struct(&apos;MinYLimReal&apos;,&apos;-0.23243&apos;,&apos;MaxYLimReal&apos;,&apos;0.23879&apos;,&apos;YLabelReal&apos;,&apos;Rover Omega Z (rad/s)&apos;,&apos;MinYLimMag&apos;,&apos;0.00000&apos;,&apos;MaxYLimMag&apos;,&apos;0.23649&apos;,&apos;LegendVisibility&apos;,&apos;On&apos;,&apos;XGrid&apos;,true,&apos;YGrid&apos;,true,&apos;PlotMagPhase&apos;,false,&apos;AxesColor&apos;,[0 0 0],&apos;AxesTickColor&apos;,[0.686274509803922 0.686274509803922 0.686274509803922],&apos;ColorOrder&apos;,[1 1 0.0666666666666667;0.0745098039215686 0.623529411764706 1;1 0.411764705882353 0.16078431372549;0.392156862745098 0.831372549019608 0.0745098039215686;0.717647058823529 0.274509803921569 1;0.0588235294117647 1 1;1 0.0745098039215686 0.650980392156863],&apos;Title&apos;,&apos;&apos;,&apos;LinePropertiesCache&apos;,{{struct(&apos;Color&apos;,[0 1 0],&apos;LineStyle&apos;,&apos;-&apos;,&apos;LineWidth&apos;,0.75,&apos;Marker&apos;,&apos;none&apos;,&apos;Visible&apos;,&apos;on&apos;),struct(&apos;Visible&apos;,&apos;on&apos;),struct(&apos;Visible&apos;,&apos;on&apos;)}},&apos;UserDefinedChannelNames&apos;,{{&apos;omega_Z&apos;}},&apos;NumLines&apos;,1,&apos;LineNames&apos;,{{&apos;omega_Z&apos;}},&apos;ShowContent&apos;,true,&apos;Placement&apos;,2)},&apos;ShowTimeAxisLabel&apos;,true,&apos;DisplayPropertyDefaults&apos;,struct(&apos;AxesColor&apos;,[0 0 0],&apos;AxesTickColor&apos;,[0.686274509803922 0.686274509803922 0.686274509803922],&apos;ColorOrder&apos;,[1 1 0.0666666666666667;0.0745098039215686 0.623529411764706 1;1 0.411764705882353 0.16078431372549;0.392156862745098 0.831372549019608 0.0745098039215686;0.717647058823529 0.274509803921569 1;0.0588235294117647 1 1;1 0.0745098039215686 0.650980392156863]),&apos;DisplayLayoutDimensions&apos;,[2 1],&apos;DisplayContentCache&apos;,[]),extmgr.Configuration(&apos;Tools&apos;,&apos;Plot Navigation&apos;,true,&apos;OnceAtStop&apos;,false,&apos;PreviousAutoscale&apos;,&apos;XY&apos;),extmgr.Configuration(&apos;Tools&apos;,&apos;Measurements&apos;,true,&apos;Version&apos;,&apos;2022a&apos;)),&apos;Version&apos;,&apos;2022b&apos;,&apos;Position&apos;,[-1 169 1077 665])</P>
    <P Name="NumInputPorts">2</P>
    <P Name="Floating">off</P>
  </Block>
  <Block BlockType="Scope" Name="Rover Position and Orientation" SID="992">
    <PortCounts in="2"/>
    <P Name="Position">[430, 552, 475, 603]</P>
    <P Name="ZOrder">100000</P>
    <P Name="ScopeSpecificationString">Simulink.scopes.TimeScopeBlockCfg(&apos;CurrentConfiguration&apos;, extmgr.ConfigurationSet(extmgr.Configuration(&apos;Core&apos;,&apos;General UI&apos;,true),extmgr.Configuration(&apos;Core&apos;,&apos;Source UI&apos;,true),extmgr.Configuration(&apos;Sources&apos;,&apos;WiredSimulink&apos;,true,&apos;DataLoggingVariableName&apos;,&apos;ScopeData2&apos;),extmgr.Configuration(&apos;Visuals&apos;,&apos;Time Domain&apos;,true,&apos;SerializedDisplays&apos;,{struct(&apos;MinYLimReal&apos;,&apos;-6.42806&apos;,&apos;MaxYLimReal&apos;,&apos;84.03238&apos;,&apos;YLabelReal&apos;,&apos;Rover XYZ Position (m)&apos;,&apos;MinYLimMag&apos;,&apos;0.00000&apos;,&apos;MaxYLimMag&apos;,&apos;84.03238&apos;,&apos;LegendVisibility&apos;,&apos;On&apos;,&apos;XGrid&apos;,true,&apos;YGrid&apos;,true,&apos;PlotMagPhase&apos;,false,&apos;AxesColor&apos;,[0 0 0],&apos;AxesTickColor&apos;,[0.686274509803922 0.686274509803922 0.686274509803922],&apos;ColorOrder&apos;,[1 1 0.0666666666666667;0.0745098039215686 0.623529411764706 1;1 0.411764705882353 0.16078431372549;0.392156862745098 0.831372549019608 0.0745098039215686;0.717647058823529 0.274509803921569 1;0.0588235294117647 1 1;1 0.0745098039215686 0.650980392156863],&apos;Title&apos;,&apos;Rover Position and Orientation&apos;,&apos;LinePropertiesCache&apos;,{{struct(&apos;Visible&apos;,&apos;on&apos;),struct(&apos;Visible&apos;,&apos;on&apos;),struct(&apos;Visible&apos;,&apos;on&apos;)}},&apos;UserDefinedChannelNames&apos;,{{&apos;x&apos;,&apos;y&apos;,&apos;z&apos;}},&apos;NumLines&apos;,3,&apos;LineNames&apos;,{{&apos;x&apos;,&apos;y&apos;,&apos;z&apos;}},&apos;ShowContent&apos;,true,&apos;Placement&apos;,1),struct(&apos;MinYLimReal&apos;,&apos;-157.88683&apos;,&apos;MaxYLimReal&apos;,&apos;24.94239&apos;,&apos;YLabelReal&apos;,&apos;Rover XYZ Orientation (deg)&apos;,&apos;MinYLimMag&apos;,&apos;0.00000&apos;,&apos;MaxYLimMag&apos;,&apos;1.25273&apos;,&apos;LegendVisibility&apos;,&apos;On&apos;,&apos;XGrid&apos;,true,&apos;YGrid&apos;,true,&apos;PlotMagPhase&apos;,false,&apos;AxesColor&apos;,[0 0 0],&apos;AxesTickColor&apos;,[0.686274509803922 0.686274509803922 0.686274509803922],&apos;ColorOrder&apos;,[1 1 0.0666666666666667;0.0745098039215686 0.623529411764706 1;1 0.411764705882353 0.16078431372549;0.392156862745098 0.831372549019608 0.0745098039215686;0.717647058823529 0.274509803921569 1;0.0588235294117647 1 1;1 0.0745098039215686 0.650980392156863],&apos;Title&apos;,&apos;&apos;,&apos;LinePropertiesCache&apos;,{{struct(&apos;Visible&apos;,&apos;on&apos;),struct(&apos;Visible&apos;,&apos;on&apos;),struct(&apos;Visible&apos;,&apos;off&apos;)}},&apos;UserDefinedChannelNames&apos;,{{&apos;Theta_X&apos;,&apos;Theta_Y&apos;,&apos;Theta_Z&apos;}},&apos;NumLines&apos;,3,&apos;LineNames&apos;,{{&apos;Theta_X&apos;,&apos;Theta_Y&apos;,&apos;Theta_Z&apos;}},&apos;ShowContent&apos;,true,&apos;Placement&apos;,2)},&apos;ShowTimeAxisLabel&apos;,true,&apos;DisplayPropertyDefaults&apos;,struct(&apos;AxesColor&apos;,[0 0 0],&apos;AxesTickColor&apos;,[0.686274509803922 0.686274509803922 0.686274509803922],&apos;ColorOrder&apos;,[1 1 0.0666666666666667;0.0745098039215686 0.623529411764706 1;1 0.411764705882353 0.16078431372549;0.392156862745098 0.831372549019608 0.0745098039215686;0.717647058823529 0.274509803921569 1;0.0588235294117647 1 1;1 0.0745098039215686 0.650980392156863]),&apos;DisplayLayoutDimensions&apos;,[2 1],&apos;DisplayContentCache&apos;,[]),extmgr.Configuration(&apos;Tools&apos;,&apos;Plot Navigation&apos;,true,&apos;OnceAtStop&apos;,false,&apos;PreviousAutoscale&apos;,&apos;XY&apos;),extmgr.Configuration(&apos;Tools&apos;,&apos;Measurements&apos;,true,&apos;Version&apos;,&apos;2022b&apos;)),&apos;Version&apos;,&apos;2022b&apos;,&apos;Position&apos;,[197 212 980 633])</P>
    <P Name="NumInputPorts">2</P>
    <P Name="Floating">off</P>
  </Block>
  <Block BlockType="Scope" Name="Rover Steer Angles" SID="993">
    <PortCounts in="4"/>
    <P Name="Position">[510, 426, 550, 479]</P>
    <P Name="ZOrder">100000</P>
    <P Name="ScopeSpecificationString">Simulink.scopes.TimeScopeBlockCfg(&apos;CurrentConfiguration&apos;, extmgr.ConfigurationSet(extmgr.Configuration(&apos;Core&apos;,&apos;General UI&apos;,true),extmgr.Configuration(&apos;Core&apos;,&apos;Source UI&apos;,true),extmgr.Configuration(&apos;Sources&apos;,&apos;WiredSimulink&apos;,true,&apos;DataLoggingVariableName&apos;,&apos;ScopeData3&apos;),extmgr.Configuration(&apos;Visuals&apos;,&apos;Time Domain&apos;,true,&apos;SerializedDisplays&apos;,{struct(&apos;MinYLimReal&apos;,&apos;-11.41467&apos;,&apos;MaxYLimReal&apos;,&apos;36.6647&apos;,&apos;YLabelReal&apos;,&apos;Steer Angle (Deg)&apos;,&apos;MinYLimMag&apos;,&apos;0.00000&apos;,&apos;MaxYLimMag&apos;,&apos;36.6647&apos;,&apos;LegendVisibility&apos;,&apos;On&apos;,&apos;XGrid&apos;,true,&apos;YGrid&apos;,true,&apos;PlotMagPhase&apos;,false,&apos;AxesColor&apos;,[0 0 0],&apos;AxesTickColor&apos;,[0.686274509803922 0.686274509803922 0.686274509803922],&apos;ColorOrder&apos;,[1 1 0.0666666666666667;0.0745098039215686 0.623529411764706 1;1 0.411764705882353 0.16078431372549;0.392156862745098 0.831372549019608 0.0745098039215686;0.717647058823529 0.274509803921569 1;0.0588235294117647 1 1;1 0.0745098039215686 0.650980392156863],&apos;Title&apos;,&apos;LB Wheel&apos;,&apos;LinePropertiesCache&apos;,{{struct(&apos;Color&apos;,[1 1 0.0666666666666667],&apos;LineStyle&apos;,&apos;--&apos;,&apos;LineWidth&apos;,2,&apos;Marker&apos;,&apos;none&apos;,&apos;Visible&apos;,&apos;on&apos;),struct(&apos;Color&apos;,[0.0745098039215686 0.623529411764706 1],&apos;LineStyle&apos;,&apos;-&apos;,&apos;LineWidth&apos;,1,&apos;Marker&apos;,&apos;none&apos;,&apos;Visible&apos;,&apos;on&apos;)}},&apos;UserDefinedChannelNames&apos;,{{&apos;Des&apos;,&apos;Act&apos;}},&apos;NumLines&apos;,2,&apos;LineNames&apos;,{{&apos;Des&apos;,&apos;Act&apos;}},&apos;ShowContent&apos;,true,&apos;Placement&apos;,1),struct(&apos;MinYLimReal&apos;,&apos;-36.37385&apos;,&apos;MaxYLimReal&apos;,&apos;11.38235&apos;,&apos;YLabelReal&apos;,&apos;Steer Angle (Deg)&apos;,&apos;MinYLimMag&apos;,&apos;0.00000&apos;,&apos;MaxYLimMag&apos;,&apos;2.9278&apos;,&apos;LegendVisibility&apos;,&apos;On&apos;,&apos;XGrid&apos;,true,&apos;YGrid&apos;,true,&apos;PlotMagPhase&apos;,false,&apos;AxesColor&apos;,[0 0 0],&apos;AxesTickColor&apos;,[0.686274509803922 0.686274509803922 0.686274509803922],&apos;ColorOrder&apos;,[1 1 0.0666666666666667;0.0745098039215686 0.623529411764706 1;1 0.411764705882353 0.16078431372549;0.392156862745098 0.831372549019608 0.0745098039215686;0.717647058823529 0.274509803921569 1;0.0588235294117647 1 1;1 0.0745098039215686 0.650980392156863],&apos;Title&apos;,&apos;LF Wheel&apos;,&apos;LinePropertiesCache&apos;,{{struct(&apos;Color&apos;,[1 1 0.0666666666666667],&apos;LineStyle&apos;,&apos;--&apos;,&apos;LineWidth&apos;,2,&apos;Marker&apos;,&apos;none&apos;,&apos;Visible&apos;,&apos;on&apos;),struct(&apos;Color&apos;,[0.0745098039215686 0.623529411764706 1],&apos;LineStyle&apos;,&apos;-&apos;,&apos;LineWidth&apos;,1,&apos;Marker&apos;,&apos;none&apos;,&apos;Visible&apos;,&apos;on&apos;)}},&apos;UserDefinedChannelNames&apos;,{{&apos;Des&apos;,&apos;Act&apos;}},&apos;NumLines&apos;,2,&apos;LineNames&apos;,{{&apos;Des&apos;,&apos;Act&apos;}},&apos;ShowContent&apos;,true,&apos;Placement&apos;,2),struct(&apos;MinYLimReal&apos;,&apos;-13.82567&apos;,&apos;MaxYLimReal&apos;,&apos;69.48079&apos;,&apos;YLabelReal&apos;,&apos;&apos;,&apos;MinYLimMag&apos;,&apos;0.00000&apos;,&apos;MaxYLimMag&apos;,&apos;2.9278&apos;,&apos;LegendVisibility&apos;,&apos;On&apos;,&apos;XGrid&apos;,true,&apos;YGrid&apos;,true,&apos;PlotMagPhase&apos;,false,&apos;AxesColor&apos;,[0 0 0],&apos;AxesTickColor&apos;,[0.686274509803922 0.686274509803922 0.686274509803922],&apos;ColorOrder&apos;,[1 1 0.0666666666666667;0.0745098039215686 0.623529411764706 1;1 0.411764705882353 0.16078431372549;0.392156862745098 0.831372549019608 0.0745098039215686;0.717647058823529 0.274509803921569 1;0.0588235294117647 1 1;1 0.0745098039215686 0.650980392156863],&apos;Title&apos;,&apos;RB Wheel&apos;,&apos;LinePropertiesCache&apos;,{{struct(&apos;Color&apos;,[1 1 0.0666666666666667],&apos;LineStyle&apos;,&apos;--&apos;,&apos;LineWidth&apos;,2,&apos;Marker&apos;,&apos;none&apos;,&apos;Visible&apos;,&apos;on&apos;),struct(&apos;Color&apos;,[0.0745098039215686 0.623529411764706 1],&apos;LineStyle&apos;,&apos;-&apos;,&apos;LineWidth&apos;,1,&apos;Marker&apos;,&apos;none&apos;,&apos;Visible&apos;,&apos;on&apos;)}},&apos;UserDefinedChannelNames&apos;,{{&apos;Des&apos;,&apos;Act&apos;}},&apos;NumLines&apos;,2,&apos;LineNames&apos;,{{&apos;Des&apos;,&apos;Act&apos;}},&apos;ShowContent&apos;,true,&apos;Placement&apos;,3),struct(&apos;MinYLimReal&apos;,&apos;-68.32342&apos;,&apos;MaxYLimReal&apos;,&apos;13.69772&apos;,&apos;YLabelReal&apos;,&apos;&apos;,&apos;MinYLimMag&apos;,&apos;0.00000&apos;,&apos;MaxYLimMag&apos;,&apos;68.3236&apos;,&apos;LegendVisibility&apos;,&apos;On&apos;,&apos;XGrid&apos;,true,&apos;YGrid&apos;,true,&apos;PlotMagPhase&apos;,false,&apos;AxesColor&apos;,[0 0 0],&apos;AxesTickColor&apos;,[0.686274509803922 0.686274509803922 0.686274509803922],&apos;ColorOrder&apos;,[1 1 0.0666666666666667;0.0745098039215686 0.623529411764706 1;1 0.411764705882353 0.16078431372549;0.392156862745098 0.831372549019608 0.0745098039215686;0.717647058823529 0.274509803921569 1;0.0588235294117647 1 1;1 0.0745098039215686 0.650980392156863],&apos;Title&apos;,&apos;RF Wheel&apos;,&apos;LinePropertiesCache&apos;,{{struct(&apos;Color&apos;,[1 1 0.0666666666666667],&apos;LineStyle&apos;,&apos;--&apos;,&apos;LineWidth&apos;,2,&apos;Marker&apos;,&apos;none&apos;,&apos;Visible&apos;,&apos;on&apos;),struct(&apos;Color&apos;,[0.0745098039215686 0.623529411764706 1],&apos;LineStyle&apos;,&apos;-&apos;,&apos;LineWidth&apos;,1,&apos;Marker&apos;,&apos;none&apos;,&apos;Visible&apos;,&apos;on&apos;)}},&apos;UserDefinedChannelNames&apos;,{{&apos;Des&apos;,&apos;Act&apos;}},&apos;NumLines&apos;,2,&apos;LineNames&apos;,{{&apos;Des&apos;,&apos;Act&apos;}},&apos;ShowContent&apos;,true,&apos;Placement&apos;,4)},&apos;ShowTimeAxisLabel&apos;,true,&apos;DisplayPropertyDefaults&apos;,struct(&apos;AxesColor&apos;,[0 0 0],&apos;ColorOrder&apos;,[1 1 0.0666666666666667;0.0745098039215686 0.623529411764706 1;1 0.411764705882353 0.16078431372549;0.392156862745098 0.831372549019608 0.0745098039215686;0.717647058823529 0.274509803921569 1;0.0588235294117647 1 1;1 0.0745098039215686 0.650980392156863]),&apos;DisplayLayoutDimensions&apos;,[2 2],&apos;DisplayContentCache&apos;,[]),extmgr.Configuration(&apos;Tools&apos;,&apos;Plot Navigation&apos;,true,&apos;OnceAtStop&apos;,false,&apos;PreviousAutoscale&apos;,&apos;XY&apos;),extmgr.Configuration(&apos;Tools&apos;,&apos;Measurements&apos;,true,&apos;Version&apos;,&apos;2022a&apos;)),&apos;Version&apos;,&apos;2022b&apos;,&apos;Position&apos;,[262 315 829 499])</P>
    <P Name="NumInputPorts">4</P>
    <P Name="Floating">off</P>
  </Block>
  <Block BlockType="Scope" Name="Rover Steering Actuator Trqs" SID="994">
    <PortCounts in="4"/>
    <P Name="Position">[775, 426, 815, 479]</P>
    <P Name="ZOrder">100000</P>
    <P Name="ScopeSpecificationString">Simulink.scopes.TimeScopeBlockCfg(&apos;CurrentConfiguration&apos;, extmgr.ConfigurationSet(extmgr.Configuration(&apos;Core&apos;,&apos;General UI&apos;,true),extmgr.Configuration(&apos;Core&apos;,&apos;Source UI&apos;,true),extmgr.Configuration(&apos;Sources&apos;,&apos;WiredSimulink&apos;,true,&apos;DataLoggingVariableName&apos;,&apos;ScopeData4&apos;),extmgr.Configuration(&apos;Visuals&apos;,&apos;Time Domain&apos;,true,&apos;SerializedDisplays&apos;,{struct(&apos;MinYLimReal&apos;,&apos;-847.15457&apos;,&apos;MaxYLimReal&apos;,&apos;1017.66065&apos;,&apos;YLabelReal&apos;,&apos;Torque (N*m)&apos;,&apos;MinYLimMag&apos;,&apos; 0.00000&apos;,&apos;MaxYLimMag&apos;,&apos;1017.66065&apos;,&apos;LegendVisibility&apos;,&apos;Off&apos;,&apos;XGrid&apos;,true,&apos;YGrid&apos;,true,&apos;PlotMagPhase&apos;,false,&apos;AxesColor&apos;,[0 0 0],&apos;AxesTickColor&apos;,[0.686274509803922 0.686274509803922 0.686274509803922],&apos;ColorOrder&apos;,[1 1 0.0666666666666667;0.0745098039215686 0.623529411764706 1;1 0.411764705882353 0.16078431372549;0.392156862745098 0.831372549019608 0.0745098039215686;0.717647058823529 0.274509803921569 1;0.0588235294117647 1 1;1 0.0745098039215686 0.650980392156863],&apos;Title&apos;,&apos;LB Wheel&apos;,&apos;LinePropertiesCache&apos;,{{struct(&apos;Visible&apos;,&apos;on&apos;),struct(&apos;Visible&apos;,&apos;on&apos;)}},&apos;UserDefinedChannelNames&apos;,{{&apos;Des&apos;,&apos;Act&apos;}},&apos;NumLines&apos;,1,&apos;LineNames&apos;,{{&apos;Des&apos;}},&apos;ShowContent&apos;,true,&apos;Placement&apos;,1),struct(&apos;MinYLimReal&apos;,&apos;-1048.80724&apos;,&apos;MaxYLimReal&apos;,&apos;850.6153&apos;,&apos;YLabelReal&apos;,&apos;Torque (N*m)&apos;,&apos;MinYLimMag&apos;,&apos;0.00000&apos;,&apos;MaxYLimMag&apos;,&apos;2.9278&apos;,&apos;LegendVisibility&apos;,&apos;Off&apos;,&apos;XGrid&apos;,true,&apos;YGrid&apos;,true,&apos;PlotMagPhase&apos;,false,&apos;AxesColor&apos;,[0 0 0],&apos;AxesTickColor&apos;,[0.686274509803922 0.686274509803922 0.686274509803922],&apos;ColorOrder&apos;,[1 1 0.0666666666666667;0.0745098039215686 0.623529411764706 1;1 0.411764705882353 0.16078431372549;0.392156862745098 0.831372549019608 0.0745098039215686;0.717647058823529 0.274509803921569 1;0.0588235294117647 1 1;1 0.0745098039215686 0.650980392156863],&apos;Title&apos;,&apos;LF Wheel&apos;,&apos;LinePropertiesCache&apos;,{{struct(&apos;Visible&apos;,&apos;on&apos;),struct(&apos;Visible&apos;,&apos;on&apos;)}},&apos;UserDefinedChannelNames&apos;,{{&apos;Des&apos;,&apos;Act&apos;}},&apos;NumLines&apos;,1,&apos;LineNames&apos;,{{&apos;Des&apos;}},&apos;ShowContent&apos;,true,&apos;Placement&apos;,2),struct(&apos;MinYLimReal&apos;,&apos;-747.59459&apos;,&apos;MaxYLimReal&apos;,&apos;1001.52372&apos;,&apos;YLabelReal&apos;,&apos;Torque (N*m)&apos;,&apos;MinYLimMag&apos;,&apos;0.00000&apos;,&apos;MaxYLimMag&apos;,&apos;2.9278&apos;,&apos;LegendVisibility&apos;,&apos;Off&apos;,&apos;XGrid&apos;,true,&apos;YGrid&apos;,true,&apos;PlotMagPhase&apos;,false,&apos;AxesColor&apos;,[0 0 0],&apos;AxesTickColor&apos;,[0.686274509803922 0.686274509803922 0.686274509803922],&apos;ColorOrder&apos;,[1 1 0.0666666666666667;0.0745098039215686 0.623529411764706 1;1 0.411764705882353 0.16078431372549;0.392156862745098 0.831372549019608 0.0745098039215686;0.717647058823529 0.274509803921569 1;0.0588235294117647 1 1;1 0.0745098039215686 0.650980392156863],&apos;Title&apos;,&apos;RB Wheel&apos;,&apos;LinePropertiesCache&apos;,{{struct(&apos;Visible&apos;,&apos;on&apos;),struct(&apos;Visible&apos;,&apos;on&apos;)}},&apos;UserDefinedChannelNames&apos;,{{&apos;Des&apos;,&apos;Act&apos;}},&apos;NumLines&apos;,1,&apos;LineNames&apos;,{{&apos;Des&apos;}},&apos;ShowContent&apos;,true,&apos;Placement&apos;,3),struct(&apos;MinYLimReal&apos;,&apos;-989.57724&apos;,&apos;MaxYLimReal&apos;,&apos;723.79544&apos;,&apos;YLabelReal&apos;,&apos;Torque (N*m)&apos;,&apos;MinYLimMag&apos;,&apos; 0.00000&apos;,&apos;MaxYLimMag&apos;,&apos;241.01074&apos;,&apos;LegendVisibility&apos;,&apos;Off&apos;,&apos;XGrid&apos;,true,&apos;YGrid&apos;,true,&apos;PlotMagPhase&apos;,false,&apos;AxesColor&apos;,[0 0 0],&apos;AxesTickColor&apos;,[0.686274509803922 0.686274509803922 0.686274509803922],&apos;ColorOrder&apos;,[1 1 0.0666666666666667;0.0745098039215686 0.623529411764706 1;1 0.411764705882353 0.16078431372549;0.392156862745098 0.831372549019608 0.0745098039215686;0.717647058823529 0.274509803921569 1;0.0588235294117647 1 1;1 0.0745098039215686 0.650980392156863],&apos;Title&apos;,&apos;RF Wheel&apos;,&apos;LinePropertiesCache&apos;,{{struct(&apos;Visible&apos;,&apos;on&apos;),struct(&apos;Visible&apos;,&apos;on&apos;)}},&apos;UserDefinedChannelNames&apos;,{{&apos;Des&apos;,&apos;Act&apos;}},&apos;NumLines&apos;,1,&apos;LineNames&apos;,{{&apos;Des&apos;}},&apos;ShowContent&apos;,true,&apos;Placement&apos;,4)},&apos;ShowTimeAxisLabel&apos;,true,&apos;DisplayPropertyDefaults&apos;,struct(&apos;AxesColor&apos;,[0 0 0],&apos;AxesTickColor&apos;,[0.686274509803922 0.686274509803922 0.686274509803922],&apos;ColorOrder&apos;,[1 1 0.0666666666666667;0.0745098039215686 0.623529411764706 1;1 0.411764705882353 0.16078431372549;0.392156862745098 0.831372549019608 0.0745098039215686;0.717647058823529 0.274509803921569 1;0.0588235294117647 1 1;1 0.0745098039215686 0.650980392156863]),&apos;DisplayLayoutDimensions&apos;,[2 2],&apos;DisplayContentCache&apos;,[]),extmgr.Configuration(&apos;Tools&apos;,&apos;Plot Navigation&apos;,true,&apos;OnceAtStop&apos;,false,&apos;PreviousAutoscale&apos;,&apos;XY&apos;),extmgr.Configuration(&apos;Tools&apos;,&apos;Measurements&apos;,true,&apos;Version&apos;,&apos;2022a&apos;)),&apos;Version&apos;,&apos;2022b&apos;,&apos;Position&apos;,[5 203 1166 612])</P>
    <P Name="NumInputPorts">4</P>
    <P Name="Floating">off</P>
  </Block>
  <Block BlockType="Scope" Name="Rover Wheel Speeds" SID="995">
    <PortCounts in="6"/>
    <P Name="Position">[510, 312, 555, 368]</P>
    <P Name="ZOrder">100000</P>
    <P Name="ScopeSpecificationString">Simulink.scopes.TimeScopeBlockCfg(&apos;CurrentConfiguration&apos;, extmgr.ConfigurationSet(extmgr.Configuration(&apos;Core&apos;,&apos;General UI&apos;,true),extmgr.Configuration(&apos;Core&apos;,&apos;Source UI&apos;,true),extmgr.Configuration(&apos;Sources&apos;,&apos;WiredSimulink&apos;,true,&apos;DataLoggingVariableName&apos;,&apos;ScopeData5&apos;),extmgr.Configuration(&apos;Visuals&apos;,&apos;Time Domain&apos;,true,&apos;SerializedDisplays&apos;,{struct(&apos;MinYLimReal&apos;,&apos;-0.45101&apos;,&apos;MaxYLimReal&apos;,&apos;4.02142&apos;,&apos;YLabelReal&apos;,&apos;&apos;,&apos;MinYLimMag&apos;,&apos;0.00000&apos;,&apos;MaxYLimMag&apos;,&apos;4.02291&apos;,&apos;LegendVisibility&apos;,&apos;On&apos;,&apos;XGrid&apos;,true,&apos;YGrid&apos;,true,&apos;PlotMagPhase&apos;,false,&apos;AxesColor&apos;,[0 0 0],&apos;AxesTickColor&apos;,[0.686274509803922 0.686274509803922 0.686274509803922],&apos;ColorOrder&apos;,[1 0.909803921568627 0.392156862745098;0.149019607843137 0.549019607843137 0.866666666666667;0.96078431372549 0.466666666666667 0.16078431372549;0.286274509803922 0.858823529411765 0.250980392156863;0.752941176470588 0.36078431372549 0.984313725490196;0.423529411764706 0.956862745098039 1;0.949019607843137 0.403921568627451 0.772549019607843],&apos;Title&apos;,&apos;LF Wheel&apos;,&apos;LinePropertiesCache&apos;,{{struct(&apos;Color&apos;,[1 1 0.0666666666666667],&apos;LineStyle&apos;,&apos;--&apos;,&apos;LineWidth&apos;,2,&apos;Marker&apos;,&apos;none&apos;,&apos;Visible&apos;,&apos;on&apos;),struct(&apos;Color&apos;,[0.0745098039215686 0.623529411764706 1],&apos;LineStyle&apos;,&apos;-&apos;,&apos;LineWidth&apos;,1,&apos;Marker&apos;,&apos;none&apos;,&apos;Visible&apos;,&apos;on&apos;)}},&apos;UserDefinedChannelNames&apos;,{{&apos;Des&apos;,&apos;Act&apos;}},&apos;NumLines&apos;,2,&apos;LineNames&apos;,{{&apos;Des&apos;,&apos;Act&apos;}},&apos;ShowContent&apos;,true,&apos;Placement&apos;,1),struct(&apos;MinYLimReal&apos;,&apos;-0.38731&apos;,&apos;MaxYLimReal&apos;,&apos;3.42557&apos;,&apos;YLabelReal&apos;,&apos;Wheel Speed (rad/s)&apos;,&apos;MinYLimMag&apos;,&apos;0.00000&apos;,&apos;MaxYLimMag&apos;,&apos;3.4266&apos;,&apos;LegendVisibility&apos;,&apos;On&apos;,&apos;XGrid&apos;,true,&apos;YGrid&apos;,true,&apos;PlotMagPhase&apos;,false,&apos;AxesColor&apos;,[0 0 0],&apos;AxesTickColor&apos;,[0.686274509803922 0.686274509803922 0.686274509803922],&apos;ColorOrder&apos;,[1 0.909803921568627 0.392156862745098;0.149019607843137 0.549019607843137 0.866666666666667;0.96078431372549 0.466666666666667 0.16078431372549;0.286274509803922 0.858823529411765 0.250980392156863;0.752941176470588 0.36078431372549 0.984313725490196;0.423529411764706 0.956862745098039 1;0.949019607843137 0.403921568627451 0.772549019607843],&apos;Title&apos;,&apos;LM Wheel&apos;,&apos;LinePropertiesCache&apos;,{{struct(&apos;Color&apos;,[1 1 0.0666666666666667],&apos;LineStyle&apos;,&apos;--&apos;,&apos;LineWidth&apos;,2,&apos;Marker&apos;,&apos;none&apos;,&apos;Visible&apos;,&apos;on&apos;),struct(&apos;Color&apos;,[0.0745098039215686 0.623529411764706 1],&apos;LineStyle&apos;,&apos;-&apos;,&apos;LineWidth&apos;,1,&apos;Marker&apos;,&apos;none&apos;,&apos;Visible&apos;,&apos;on&apos;)}},&apos;UserDefinedChannelNames&apos;,{{&apos;Des&apos;,&apos;Act&apos;}},&apos;NumLines&apos;,2,&apos;LineNames&apos;,{{&apos;Des&apos;,&apos;Act&apos;}},&apos;ShowContent&apos;,true,&apos;Placement&apos;,2),struct(&apos;MinYLimReal&apos;,&apos;-0.45347&apos;,&apos;MaxYLimReal&apos;,&apos;4.0217&apos;,&apos;YLabelReal&apos;,&apos;&apos;,&apos;MinYLimMag&apos;,&apos;0.00000&apos;,&apos;MaxYLimMag&apos;,&apos;2.9278&apos;,&apos;LegendVisibility&apos;,&apos;On&apos;,&apos;XGrid&apos;,true,&apos;YGrid&apos;,true,&apos;PlotMagPhase&apos;,false,&apos;AxesColor&apos;,[0 0 0],&apos;AxesTickColor&apos;,[0.686274509803922 0.686274509803922 0.686274509803922],&apos;ColorOrder&apos;,[1 0.909803921568627 0.392156862745098;0.149019607843137 0.549019607843137 0.866666666666667;0.96078431372549 0.466666666666667 0.16078431372549;0.286274509803922 0.858823529411765 0.250980392156863;0.752941176470588 0.36078431372549 0.984313725490196;0.423529411764706 0.956862745098039 1;0.949019607843137 0.403921568627451 0.772549019607843],&apos;Title&apos;,&apos;LB Wheel&apos;,&apos;LinePropertiesCache&apos;,{{struct(&apos;Color&apos;,[1 1 0.0666666666666667],&apos;LineStyle&apos;,&apos;--&apos;,&apos;LineWidth&apos;,2,&apos;Marker&apos;,&apos;none&apos;,&apos;Visible&apos;,&apos;on&apos;),struct(&apos;Color&apos;,[0.0745098039215686 0.623529411764706 1],&apos;LineStyle&apos;,&apos;-&apos;,&apos;LineWidth&apos;,1,&apos;Marker&apos;,&apos;none&apos;,&apos;Visible&apos;,&apos;on&apos;)}},&apos;UserDefinedChannelNames&apos;,{{&apos;Des&apos;,&apos;Act&apos;}},&apos;NumLines&apos;,2,&apos;LineNames&apos;,{{&apos;Des&apos;,&apos;Act&apos;}},&apos;ShowContent&apos;,true,&apos;Placement&apos;,3),struct(&apos;MinYLimReal&apos;,&apos;-2.12687&apos;,&apos;MaxYLimReal&apos;,&apos;0.24368&apos;,&apos;YLabelReal&apos;,&apos;&apos;,&apos;MinYLimMag&apos;,&apos;0.00000&apos;,&apos;MaxYLimMag&apos;,&apos;2.9278&apos;,&apos;LegendVisibility&apos;,&apos;On&apos;,&apos;XGrid&apos;,true,&apos;YGrid&apos;,true,&apos;PlotMagPhase&apos;,false,&apos;AxesColor&apos;,[0 0 0],&apos;AxesTickColor&apos;,[0.686274509803922 0.686274509803922 0.686274509803922],&apos;ColorOrder&apos;,[1 0.909803921568627 0.392156862745098;0.149019607843137 0.549019607843137 0.866666666666667;0.96078431372549 0.466666666666667 0.16078431372549;0.286274509803922 0.858823529411765 0.250980392156863;0.752941176470588 0.36078431372549 0.984313725490196;0.423529411764706 0.956862745098039 1;0.949019607843137 0.403921568627451 0.772549019607843],&apos;Title&apos;,&apos;RF Wheel&apos;,&apos;LinePropertiesCache&apos;,{{struct(&apos;Color&apos;,[1 1 0.0666666666666667],&apos;LineStyle&apos;,&apos;--&apos;,&apos;LineWidth&apos;,2,&apos;Marker&apos;,&apos;none&apos;,&apos;Visible&apos;,&apos;on&apos;),struct(&apos;Color&apos;,[0.0745098039215686 0.623529411764706 1],&apos;LineStyle&apos;,&apos;-&apos;,&apos;LineWidth&apos;,1,&apos;Marker&apos;,&apos;none&apos;,&apos;Visible&apos;,&apos;on&apos;)}},&apos;UserDefinedChannelNames&apos;,{{&apos;Des&apos;,&apos;Act&apos;}},&apos;NumLines&apos;,2,&apos;LineNames&apos;,{{&apos;Des&apos;,&apos;Act&apos;}},&apos;ShowContent&apos;,true,&apos;Placement&apos;,4),struct(&apos;MinYLimReal&apos;,&apos;-1.70911&apos;,&apos;MaxYLimReal&apos;,&apos;0.47166&apos;,&apos;YLabelReal&apos;,&apos;&apos;,&apos;MinYLimMag&apos;,&apos;0.00000&apos;,&apos;MaxYLimMag&apos;,&apos;2.63536&apos;,&apos;LegendVisibility&apos;,&apos;On&apos;,&apos;XGrid&apos;,true,&apos;YGrid&apos;,true,&apos;PlotMagPhase&apos;,false,&apos;AxesColor&apos;,[0 0 0],&apos;AxesTickColor&apos;,[0.686274509803922 0.686274509803922 0.686274509803922],&apos;ColorOrder&apos;,[1 0.909803921568627 0.392156862745098;0.149019607843137 0.549019607843137 0.866666666666667;0.96078431372549 0.466666666666667 0.16078431372549;0.286274509803922 0.858823529411765 0.250980392156863;0.752941176470588 0.36078431372549 0.984313725490196;0.423529411764706 0.956862745098039 1;0.949019607843137 0.403921568627451 0.772549019607843],&apos;Title&apos;,&apos;RM Wheel&apos;,&apos;LinePropertiesCache&apos;,{{struct(&apos;Color&apos;,[1 1 0.0666666666666667],&apos;LineStyle&apos;,&apos;--&apos;,&apos;LineWidth&apos;,2,&apos;Marker&apos;,&apos;none&apos;,&apos;Visible&apos;,&apos;on&apos;),struct(&apos;Color&apos;,[0.0745098039215686 0.623529411764706 1],&apos;LineStyle&apos;,&apos;-&apos;,&apos;LineWidth&apos;,1,&apos;Marker&apos;,&apos;none&apos;,&apos;Visible&apos;,&apos;on&apos;)}},&apos;UserDefinedChannelNames&apos;,{{&apos;Des&apos;,&apos;Act&apos;}},&apos;NumLines&apos;,2,&apos;LineNames&apos;,{{&apos;Des&apos;,&apos;Act&apos;}},&apos;ShowContent&apos;,true,&apos;Placement&apos;,5),struct(&apos;MinYLimReal&apos;,&apos;-2.12857&apos;,&apos;MaxYLimReal&apos;,&apos;0.25896&apos;,&apos;YLabelReal&apos;,&apos;&apos;,&apos;MinYLimMag&apos;,&apos;0.00000&apos;,&apos;MaxYLimMag&apos;,&apos;2.12857&apos;,&apos;LegendVisibility&apos;,&apos;On&apos;,&apos;XGrid&apos;,true,&apos;YGrid&apos;,true,&apos;PlotMagPhase&apos;,false,&apos;AxesColor&apos;,[0 0 0],&apos;AxesTickColor&apos;,[0.686274509803922 0.686274509803922 0.686274509803922],&apos;ColorOrder&apos;,[1 0.909803921568627 0.392156862745098;0.149019607843137 0.549019607843137 0.866666666666667;0.96078431372549 0.466666666666667 0.16078431372549;0.286274509803922 0.858823529411765 0.250980392156863;0.752941176470588 0.36078431372549 0.984313725490196;0.423529411764706 0.956862745098039 1;0.949019607843137 0.403921568627451 0.772549019607843],&apos;Title&apos;,&apos;RB Wheel&apos;,&apos;LinePropertiesCache&apos;,{{struct(&apos;Color&apos;,[1 1 0],&apos;LineStyle&apos;,&apos;--&apos;,&apos;LineWidth&apos;,2,&apos;Marker&apos;,&apos;none&apos;,&apos;Visible&apos;,&apos;on&apos;),struct(&apos;Color&apos;,[0.2 0.6 1],&apos;LineStyle&apos;,&apos;-&apos;,&apos;LineWidth&apos;,1,&apos;Marker&apos;,&apos;none&apos;,&apos;Visible&apos;,&apos;on&apos;)}},&apos;UserDefinedChannelNames&apos;,{{&apos;Des&apos;,&apos;Act&apos;}},&apos;NumLines&apos;,2,&apos;LineNames&apos;,{{&apos;Des&apos;,&apos;Act&apos;}},&apos;ShowContent&apos;,true,&apos;Placement&apos;,6)},&apos;ShowTimeAxisLabel&apos;,true,&apos;DisplayPropertyDefaults&apos;,struct(&apos;AxesColor&apos;,[0 0 0],&apos;ColorOrder&apos;,[1 1 0.0666666666666667;0.0745098039215686 0.623529411764706 1;1 0.411764705882353 0.16078431372549;0.392156862745098 0.831372549019608 0.0745098039215686;0.717647058823529 0.274509803921569 1;0.0588235294117647 1 1;1 0.0745098039215686 0.650980392156863]),&apos;DisplayLayoutDimensions&apos;,[3 2],&apos;DisplayContentCache&apos;,[]),extmgr.Configuration(&apos;Tools&apos;,&apos;Plot Navigation&apos;,true,&apos;OnceAtStop&apos;,false,&apos;PreviousAutoscale&apos;,&apos;XY&apos;),extmgr.Configuration(&apos;Tools&apos;,&apos;Measurements&apos;,true,&apos;Version&apos;,&apos;2024b&apos;)),&apos;Version&apos;,&apos;2024b&apos;,&apos;Position&apos;,[409 230 719 404])</P>
    <P Name="NumInputPorts">6</P>
    <P Name="Floating">off</P>
  </Block>
  <Block BlockType="Scope" Name="Rover Wheel Trqs" SID="996">
    <PortCounts in="6"/>
    <P Name="Position">[785, 314, 830, 366]</P>
    <P Name="ZOrder">100000</P>
    <P Name="ScopeSpecificationString">Simulink.scopes.TimeScopeBlockCfg(&apos;CurrentConfiguration&apos;, extmgr.ConfigurationSet(extmgr.Configuration(&apos;Core&apos;,&apos;General UI&apos;,true),extmgr.Configuration(&apos;Core&apos;,&apos;Source UI&apos;,true),extmgr.Configuration(&apos;Sources&apos;,&apos;WiredSimulink&apos;,true,&apos;DataLoggingVariableName&apos;,&apos;ScopeData6&apos;),extmgr.Configuration(&apos;Visuals&apos;,&apos;Time Domain&apos;,true,&apos;SerializedDisplays&apos;,{struct(&apos;MinYLimReal&apos;,&apos;-625.00000&apos;,&apos;MaxYLimReal&apos;,&apos;625.00000&apos;,&apos;YLabelReal&apos;,&apos;&apos;,&apos;MinYLimMag&apos;,&apos; 0.00000&apos;,&apos;MaxYLimMag&apos;,&apos;625.00000&apos;,&apos;LegendVisibility&apos;,&apos;Off&apos;,&apos;XGrid&apos;,true,&apos;YGrid&apos;,true,&apos;PlotMagPhase&apos;,false,&apos;AxesColor&apos;,[0 0 0],&apos;AxesTickColor&apos;,[0.686274509803922 0.686274509803922 0.686274509803922],&apos;ColorOrder&apos;,[1 1 0.0666666666666667;0.0745098039215686 0.623529411764706 1;1 0.411764705882353 0.16078431372549;0.392156862745098 0.831372549019608 0.0745098039215686;0.717647058823529 0.274509803921569 1;0.0588235294117647 1 1;1 0.0745098039215686 0.650980392156863],&apos;Title&apos;,&apos;LB Wheel&apos;,&apos;LinePropertiesCache&apos;,{{struct(&apos;Visible&apos;,&apos;on&apos;),struct(&apos;Visible&apos;,&apos;on&apos;)}},&apos;UserDefinedChannelNames&apos;,{{&apos;Des&apos;,&apos;Act&apos;}},&apos;NumLines&apos;,1,&apos;LineNames&apos;,{{&apos;Des&apos;}},&apos;ShowContent&apos;,true,&apos;Placement&apos;,1),struct(&apos;MinYLimReal&apos;,&apos;-597.35111&apos;,&apos;MaxYLimReal&apos;,&apos;376.16003&apos;,&apos;YLabelReal&apos;,&apos;Torque (N*m)&apos;,&apos;MinYLimMag&apos;,&apos;0.00000&apos;,&apos;MaxYLimMag&apos;,&apos;2.9278&apos;,&apos;LegendVisibility&apos;,&apos;Off&apos;,&apos;XGrid&apos;,true,&apos;YGrid&apos;,true,&apos;PlotMagPhase&apos;,false,&apos;AxesColor&apos;,[0 0 0],&apos;AxesTickColor&apos;,[0.686274509803922 0.686274509803922 0.686274509803922],&apos;ColorOrder&apos;,[1 1 0.0666666666666667;0.0745098039215686 0.623529411764706 1;1 0.411764705882353 0.16078431372549;0.392156862745098 0.831372549019608 0.0745098039215686;0.717647058823529 0.274509803921569 1;0.0588235294117647 1 1;1 0.0745098039215686 0.650980392156863],&apos;Title&apos;,&apos;LM Wheel&apos;,&apos;LinePropertiesCache&apos;,{{struct(&apos;Visible&apos;,&apos;on&apos;),struct(&apos;Visible&apos;,&apos;on&apos;)}},&apos;UserDefinedChannelNames&apos;,{{&apos;Des&apos;,&apos;Act&apos;}},&apos;NumLines&apos;,1,&apos;LineNames&apos;,{{&apos;Des&apos;}},&apos;ShowContent&apos;,true,&apos;Placement&apos;,2),struct(&apos;MinYLimReal&apos;,&apos;-625.00000&apos;,&apos;MaxYLimReal&apos;,&apos;625.00000&apos;,&apos;YLabelReal&apos;,&apos;&apos;,&apos;MinYLimMag&apos;,&apos;0.00000&apos;,&apos;MaxYLimMag&apos;,&apos;2.9278&apos;,&apos;LegendVisibility&apos;,&apos;Off&apos;,&apos;XGrid&apos;,true,&apos;YGrid&apos;,true,&apos;PlotMagPhase&apos;,false,&apos;AxesColor&apos;,[0 0 0],&apos;AxesTickColor&apos;,[0.686274509803922 0.686274509803922 0.686274509803922],&apos;ColorOrder&apos;,[1 1 0.0666666666666667;0.0745098039215686 0.623529411764706 1;1 0.411764705882353 0.16078431372549;0.392156862745098 0.831372549019608 0.0745098039215686;0.717647058823529 0.274509803921569 1;0.0588235294117647 1 1;1 0.0745098039215686 0.650980392156863],&apos;Title&apos;,&apos;LF Wheel&apos;,&apos;LinePropertiesCache&apos;,{{struct(&apos;Visible&apos;,&apos;on&apos;),struct(&apos;Visible&apos;,&apos;on&apos;)}},&apos;UserDefinedChannelNames&apos;,{{&apos;Des&apos;,&apos;Act&apos;}},&apos;NumLines&apos;,1,&apos;LineNames&apos;,{{&apos;Des&apos;}},&apos;ShowContent&apos;,true,&apos;Placement&apos;,3),struct(&apos;MinYLimReal&apos;,&apos;-242.90805&apos;,&apos;MaxYLimReal&apos;,&apos;582.54534&apos;,&apos;YLabelReal&apos;,&apos;&apos;,&apos;MinYLimMag&apos;,&apos;0.00000&apos;,&apos;MaxYLimMag&apos;,&apos;2.9278&apos;,&apos;LegendVisibility&apos;,&apos;Off&apos;,&apos;XGrid&apos;,true,&apos;YGrid&apos;,true,&apos;PlotMagPhase&apos;,false,&apos;AxesColor&apos;,[0 0 0],&apos;AxesTickColor&apos;,[0.686274509803922 0.686274509803922 0.686274509803922],&apos;ColorOrder&apos;,[1 1 0.0666666666666667;0.0745098039215686 0.623529411764706 1;1 0.411764705882353 0.16078431372549;0.392156862745098 0.831372549019608 0.0745098039215686;0.717647058823529 0.274509803921569 1;0.0588235294117647 1 1;1 0.0745098039215686 0.650980392156863],&apos;Title&apos;,&apos;RB Wheel&apos;,&apos;LinePropertiesCache&apos;,{{struct(&apos;Visible&apos;,&apos;on&apos;),struct(&apos;Visible&apos;,&apos;on&apos;)}},&apos;UserDefinedChannelNames&apos;,{{&apos;Des&apos;,&apos;Act&apos;}},&apos;NumLines&apos;,1,&apos;LineNames&apos;,{{&apos;Des&apos;}},&apos;ShowContent&apos;,true,&apos;Placement&apos;,4),struct(&apos;MinYLimReal&apos;,&apos;-255.69081&apos;,&apos;MaxYLimReal&apos;,&apos;583.96565&apos;,&apos;YLabelReal&apos;,&apos;&apos;,&apos;MinYLimMag&apos;,&apos;0.00000&apos;,&apos;MaxYLimMag&apos;,&apos;2.63536&apos;,&apos;LegendVisibility&apos;,&apos;Off&apos;,&apos;XGrid&apos;,true,&apos;YGrid&apos;,true,&apos;PlotMagPhase&apos;,false,&apos;AxesColor&apos;,[0 0 0],&apos;AxesTickColor&apos;,[0.686274509803922 0.686274509803922 0.686274509803922],&apos;ColorOrder&apos;,[1 1 0.0666666666666667;0.0745098039215686 0.623529411764706 1;1 0.411764705882353 0.16078431372549;0.392156862745098 0.831372549019608 0.0745098039215686;0.717647058823529 0.274509803921569 1;0.0588235294117647 1 1;1 0.0745098039215686 0.650980392156863],&apos;Title&apos;,&apos;RM Wheel&apos;,&apos;LinePropertiesCache&apos;,{{struct(&apos;Visible&apos;,&apos;on&apos;),struct(&apos;Visible&apos;,&apos;on&apos;)}},&apos;UserDefinedChannelNames&apos;,{{&apos;Des&apos;,&apos;Act&apos;}},&apos;NumLines&apos;,1,&apos;LineNames&apos;,{{&apos;Des&apos;}},&apos;ShowContent&apos;,true,&apos;Placement&apos;,5),struct(&apos;MinYLimReal&apos;,&apos;-389.90935&apos;,&apos;MaxYLimReal&apos;,&apos;598.87882&apos;,&apos;YLabelReal&apos;,&apos;&apos;,&apos;MinYLimMag&apos;,&apos; 0.00000&apos;,&apos;MaxYLimMag&apos;,&apos;235.2695&apos;,&apos;LegendVisibility&apos;,&apos;Off&apos;,&apos;XGrid&apos;,true,&apos;YGrid&apos;,true,&apos;PlotMagPhase&apos;,false,&apos;AxesColor&apos;,[0 0 0],&apos;AxesTickColor&apos;,[0.686274509803922 0.686274509803922 0.686274509803922],&apos;ColorOrder&apos;,[1 1 0.0666666666666667;0.0745098039215686 0.623529411764706 1;1 0.411764705882353 0.16078431372549;0.392156862745098 0.831372549019608 0.0745098039215686;0.717647058823529 0.274509803921569 1;0.0588235294117647 1 1;1 0.0745098039215686 0.650980392156863],&apos;Title&apos;,&apos;RF Wheel&apos;,&apos;LinePropertiesCache&apos;,{{struct(&apos;Color&apos;,[1 1 0],&apos;LineStyle&apos;,&apos;-&apos;,&apos;LineWidth&apos;,0.75,&apos;Marker&apos;,&apos;none&apos;,&apos;Visible&apos;,&apos;on&apos;),struct(&apos;Color&apos;,[0.2 0.6 1],&apos;LineStyle&apos;,&apos;-&apos;,&apos;LineWidth&apos;,0.75,&apos;Marker&apos;,&apos;none&apos;,&apos;Visible&apos;,&apos;on&apos;)}},&apos;UserDefinedChannelNames&apos;,{{&apos;Des&apos;,&apos;Act&apos;}},&apos;NumLines&apos;,1,&apos;LineNames&apos;,{{&apos;Des&apos;}},&apos;ShowContent&apos;,true,&apos;Placement&apos;,6)},&apos;ShowTimeAxisLabel&apos;,true,&apos;DisplayPropertyDefaults&apos;,struct(&apos;AxesColor&apos;,[0 0 0],&apos;AxesTickColor&apos;,[0.686274509803922 0.686274509803922 0.686274509803922],&apos;ColorOrder&apos;,[1 1 0.0666666666666667;0.0745098039215686 0.623529411764706 1;1 0.411764705882353 0.16078431372549;0.392156862745098 0.831372549019608 0.0745098039215686;0.717647058823529 0.274509803921569 1;0.0588235294117647 1 1;1 0.0745098039215686 0.650980392156863]),&apos;DisplayLayoutDimensions&apos;,[3 2],&apos;DisplayContentCache&apos;,[]),extmgr.Configuration(&apos;Tools&apos;,&apos;Plot Navigation&apos;,true,&apos;OnceAtStop&apos;,false,&apos;PreviousAutoscale&apos;,&apos;XY&apos;),extmgr.Configuration(&apos;Tools&apos;,&apos;Measurements&apos;,true,&apos;Version&apos;,&apos;2022a&apos;)),&apos;Version&apos;,&apos;2022b&apos;,&apos;Position&apos;,[679 248 863 592])</P>
    <P Name="NumInputPorts">6</P>
    <P Name="Floating">off</P>
  </Block>
  <Block BlockType="Scope" Name="RoverLinearSpeed" SID="997">
    <PortCounts in="2"/>
    <P Name="Position">[550, 691, 580, 724]</P>
    <P Name="ZOrder">100000</P>
    <P Name="ScopeSpecificationString">Simulink.scopes.TimeScopeBlockCfg(&apos;CurrentConfiguration&apos;, extmgr.ConfigurationSet(extmgr.Configuration(&apos;Core&apos;,&apos;General UI&apos;,true),extmgr.Configuration(&apos;Core&apos;,&apos;Source UI&apos;,true),extmgr.Configuration(&apos;Sources&apos;,&apos;WiredSimulink&apos;,true,&apos;DataLoggingVariableName&apos;,&apos;ScopeData7&apos;),extmgr.Configuration(&apos;Visuals&apos;,&apos;Time Domain&apos;,true,&apos;SerializedDisplays&apos;,{struct(&apos;MinYLimReal&apos;,&apos;-0.03944&apos;,&apos;MaxYLimReal&apos;,&apos;0.35496&apos;,&apos;YLabelReal&apos;,&apos;&apos;,&apos;MinYLimMag&apos;,&apos;0.00000&apos;,&apos;MaxYLimMag&apos;,&apos;0.35496&apos;,&apos;LegendVisibility&apos;,&apos;On&apos;,&apos;XGrid&apos;,true,&apos;YGrid&apos;,true,&apos;PlotMagPhase&apos;,false,&apos;AxesColor&apos;,[0 0 0],&apos;AxesTickColor&apos;,[0.686274509803922 0.686274509803922 0.686274509803922],&apos;ColorOrder&apos;,[1 1 0.0666666666666667;0.0745098039215686 0.623529411764706 1;1 0.411764705882353 0.16078431372549;0.392156862745098 0.831372549019608 0.0745098039215686;0.717647058823529 0.274509803921569 1;0.0588235294117647 1 1;1 0.0745098039215686 0.650980392156863],&apos;Title&apos;,&apos;%&lt;SignalLabel&gt;&apos;,&apos;LinePropertiesCache&apos;,{{struct(&apos;Visible&apos;,&apos;on&apos;),struct(&apos;Visible&apos;,&apos;on&apos;)}},&apos;UserDefinedChannelNames&apos;,{{&apos;Des&apos;,&apos;Act&apos;}},&apos;NumLines&apos;,2,&apos;LineNames&apos;,{{&apos;Des&apos;,&apos;Act&apos;}},&apos;ShowContent&apos;,true,&apos;Placement&apos;,1)},&apos;DisplayPropertyDefaults&apos;,struct(&apos;MinYLimReal&apos;,&apos;-0.03944&apos;,&apos;MaxYLimReal&apos;,&apos;0.35496&apos;,&apos;YLabelReal&apos;,&apos;&apos;,&apos;MinYLimMag&apos;,&apos;0.00000&apos;,&apos;MaxYLimMag&apos;,&apos;0.35496&apos;,&apos;LegendVisibility&apos;,&apos;On&apos;,&apos;XGrid&apos;,true,&apos;YGrid&apos;,true,&apos;PlotMagPhase&apos;,false,&apos;AxesColor&apos;,[0 0 0],&apos;AxesTickColor&apos;,[0.686274509803922 0.686274509803922 0.686274509803922],&apos;ColorOrder&apos;,[0.0745098039215686 0.623529411764706 1;1 0.411764705882353 0.16078431372549;1 1 0.0666666666666667;0.717647058823529 0.274509803921569 1;0.392156862745098 0.831372549019608 0.0745098039215686;0.0588235294117647 1 1;1 0.0745098039215686 0.650980392156863])),extmgr.Configuration(&apos;Tools&apos;,&apos;Plot Navigation&apos;,true,&apos;OnceAtStop&apos;,false,&apos;PreviousAutoscale&apos;,&apos;XY&apos;),extmgr.Configuration(&apos;Tools&apos;,&apos;Measurements&apos;,true,&apos;Version&apos;,&apos;2022a&apos;)),&apos;Version&apos;,&apos;2022b&apos;,&apos;Position&apos;,[2 286 854 533])</P>
    <P Name="NumInputPorts">2</P>
    <P Name="Floating">off</P>
  </Block>
  <Block BlockType="SubSystem" Name="SelectSignal" SID="998">
    <PortCounts in="2" out="6"/>
    <P Name="Position">[440, 311, 470, 369]</P>
    <P Name="ZOrder">100000</P>
    <P Name="ShowName">off</P>
    <P Name="ContentPreviewEnabled">on</P>
    <System Ref="system_998"/>
  </Block>
  <Block BlockType="SubSystem" Name="SelectSignal1" SID="1025">
    <PortCounts in="2" out="4"/>
    <P Name="Position">[440, 425, 470, 475]</P>
    <P Name="ZOrder">100000</P>
    <P Name="ShowName">off</P>
    <P Name="ContentPreviewEnabled">on</P>
    <System Ref="system_1025"/>
  </Block>
  <Block BlockType="SubSystem" Name="SelectSignal2" SID="1044">
    <PortCounts in="1" out="6"/>
    <P Name="Position">[730, 313, 755, 367]</P>
    <P Name="ZOrder">100000</P>
    <P Name="ShowName">off</P>
    <P Name="ContentPreviewEnabled">on</P>
    <System Ref="system_1044"/>
  </Block>
  <Block BlockType="SubSystem" Name="SelectSignal3" SID="1058">
    <PortCounts in="1" out="4"/>
    <P Name="Position">[730, 425, 755, 475]</P>
    <P Name="ZOrder">100000</P>
    <P Name="ShowName">off</P>
    <P Name="ContentPreviewEnabled">on</P>
    <System Ref="system_1058"/>
  </Block>
  <Line>
    <P Name="ZOrder">1</P>
    <P Name="Src">978#out:1</P>
    <P Name="Points">[14, 0; 0, -15]</P>
    <P Name="Dst">997#in:2</P>
  </Line>
  <Line>
    <P Name="ZOrder">2</P>
    <P Name="Src">1058#out:1</P>
    <P Name="Dst">994#in:1</P>
  </Line>
  <Line>
    <P Name="ZOrder">3</P>
    <P Name="Src">981#out:1</P>
    <P Name="Dst">978#in:1</P>
  </Line>
  <Line>
    <P Name="ZOrder">4</P>
    <P Name="Src">990#out:1</P>
    <P Name="Dst">991#in:2</P>
  </Line>
  <Line>
    <P Name="ZOrder">5</P>
    <P Name="Src">989#out:1</P>
    <P Name="Points">[10, 0]</P>
    <P Name="Dst">991#in:1</P>
  </Line>
  <Line>
    <P Name="ZOrder">6</P>
    <P Name="Src">979#out:1</P>
    <P Name="Points">[12, 0; 0, 10]</P>
    <P Name="Dst">998#in:1</P>
  </Line>
  <Line>
    <P Name="ZOrder">7</P>
    <P Name="Src">1044#out:4</P>
    <P Name="Dst">996#in:4</P>
  </Line>
  <Line>
    <P Name="ZOrder">8</P>
    <P Name="Src">985#out:1</P>
    <P Name="Dst">1044#in:1</P>
  </Line>
  <Line>
    <P Name="ZOrder">9</P>
    <P Name="Src">1025#out:2</P>
    <P Name="Dst">993#in:2</P>
  </Line>
  <Line>
    <P Name="ZOrder">10</P>
    <P Name="Src">988#out:1</P>
    <P Name="Points">[10, 0]</P>
    <P Name="Dst">992#in:1</P>
  </Line>
  <Line>
    <P Name="ZOrder">11</P>
    <P Name="Src">1058#out:2</P>
    <P Name="Dst">994#in:2</P>
  </Line>
  <Line>
    <P Name="ZOrder">12</P>
    <P Name="Src">1058#out:3</P>
    <P Name="Dst">994#in:3</P>
  </Line>
  <Line>
    <P Name="ZOrder">13</P>
    <P Name="Src">984#out:1</P>
    <P Name="Points">[10, 0; 0, 10]</P>
    <P Name="Dst">1025#in:1</P>
  </Line>
  <Line>
    <P Name="ZOrder">14</P>
    <P Name="Src">1044#out:3</P>
    <P Name="Dst">996#in:3</P>
  </Line>
  <Line>
    <P Name="ZOrder">15</P>
    <P Name="Src">987#out:1</P>
    <P Name="Dst">992#in:2</P>
  </Line>
  <Line>
    <P Name="ZOrder">16</P>
    <P Name="Src">1058#out:4</P>
    <P Name="Dst">994#in:4</P>
  </Line>
  <Line>
    <P Name="ZOrder">17</P>
    <P Name="Src">1044#out:6</P>
    <P Name="Dst">996#in:6</P>
  </Line>
  <Line>
    <P Name="ZOrder">18</P>
    <P Name="Src">998#out:3</P>
    <P Name="Dst">995#in:3</P>
  </Line>
  <Line>
    <P Name="ZOrder">19</P>
    <P Name="Src">1044#out:5</P>
    <P Name="Dst">996#in:5</P>
  </Line>
  <Line>
    <P Name="ZOrder">20</P>
    <P Name="Src">998#out:1</P>
    <P Name="Dst">995#in:1</P>
  </Line>
  <Line>
    <P Name="ZOrder">21</P>
    <P Name="Src">998#out:6</P>
    <P Name="Dst">995#in:6</P>
  </Line>
  <Line>
    <P Name="ZOrder">22</P>
    <P Name="Src">980#out:1</P>
    <P Name="Points">[12, 0; 0, -25]</P>
    <P Name="Dst">998#in:2</P>
  </Line>
  <Line>
    <P Name="ZOrder">23</P>
    <P Name="Src">1044#out:1</P>
    <P Name="Dst">996#in:1</P>
  </Line>
  <Line>
    <P Name="ZOrder">24</P>
    <P Name="Src">1025#out:4</P>
    <P Name="Points">[15, 0; 0, 10]</P>
    <P Name="Dst">993#in:4</P>
  </Line>
  <Line>
    <P Name="ZOrder">25</P>
    <P Name="Src">983#out:1</P>
    <P Name="Points">[10, 0; 0, -15]</P>
    <P Name="Dst">1025#in:2</P>
  </Line>
  <Line>
    <P Name="ZOrder">26</P>
    <P Name="Src">998#out:2</P>
    <P Name="Dst">995#in:2</P>
  </Line>
  <Line>
    <P Name="ZOrder">27</P>
    <P Name="Src">986#out:1</P>
    <P Name="Dst">1058#in:1</P>
  </Line>
  <Line>
    <P Name="ZOrder">28</P>
    <P Name="Src">998#out:5</P>
    <P Name="Dst">995#in:5</P>
  </Line>
  <Line>
    <P Name="ZOrder">29</P>
    <P Name="Src">1044#out:2</P>
    <P Name="Dst">996#in:2</P>
  </Line>
  <Line>
    <P Name="ZOrder">30</P>
    <P Name="Src">998#out:4</P>
    <P Name="Dst">995#in:4</P>
  </Line>
  <Line>
    <P Name="ZOrder">31</P>
    <P Name="Src">1025#out:1</P>
    <P Name="Points">[10, 0; 0, -5]</P>
    <P Name="Dst">993#in:1</P>
  </Line>
  <Line>
    <P Name="ZOrder">32</P>
    <P Name="Src">1025#out:3</P>
    <P Name="Points">[10, 0; 0, 5]</P>
    <P Name="Dst">993#in:3</P>
  </Line>
  <Line>
    <P Name="ZOrder">33</P>
    <P Name="Src">982#out:1</P>
    <P Name="Points">[54, 0; 0, 25]</P>
    <P Name="Dst">997#in:1</P>
  </Line>
</System>
