<?xml version="1.0" encoding="utf-8"?>
<System>
  <P Name="Location">[-7, 1, 1195, 834]</P>
  <Block BlockType="Mux" Name="Mux" SID="1619">
    <PortCounts in="3" out="1"/>
    <P Name="Position">[1045, 33, 1050, 87]</P>
    <P Name="ZOrder">100000</P>
    <P Name="Inputs">3</P>
    <P Name="DisplayOption">bar</P>
    <PortProperties>
      <Port Type="out" Index="1">
        <P Name="Name">SampleLoc</P>
      </Port>
    </PortProperties>
  </Block>
  <Block BlockType="Reference" Name="PS-Simulink&#xA;Converter" SID="1620">
    <PortCounts out="1" lconn="1"/>
    <P Name="Position">[1000, 37, 1015, 53]</P>
    <P Name="ZOrder">100000</P>
    <P Name="LibraryVersion">7.0</P>
    <P Name="SourceBlock">nesl_utility/PS-Simulink
Converter</P>
    <P Name="SourceType">PS-Simulink
Converter</P>
    <InstanceData>
      <P Name="RTWMemSecFuncInitTerm">Inherit from model</P>
      <P Name="RTWMemSecFuncExecute">Inherit from model</P>
      <P Name="RTWMemSecDataConstants">Inherit from model</P>
      <P Name="RTWMemSecDataInternal">Inherit from model</P>
      <P Name="RTWMemSecDataParameters">Inherit from model</P>
      <P Name="ContentPreviewEnabled">on</P>
      <P Name="PhysicalDomain">network_engine_domain</P>
      <P Name="SubClassName">ps_output</P>
      <P Name="LeftPortType">input</P>
      <P Name="RightPortType">output</P>
      <P Name="PseudoPeriodic">off</P>
      <P Name="Frequencies">[]</P>
      <P Name="VectorFormat">1-D array</P>
      <P Name="Unit">inherit</P>
      <P Name="AffineConversion">off</P>
    </InstanceData>
  </Block>
  <Block BlockType="Reference" Name="PS-Simulink&#xA;Converter1" SID="1621">
    <PortCounts out="1" lconn="1"/>
    <P Name="Position">[1000, 52, 1015, 68]</P>
    <P Name="ZOrder">100000</P>
    <P Name="LibraryVersion">7.0</P>
    <P Name="SourceBlock">nesl_utility/PS-Simulink
Converter</P>
    <P Name="SourceType">PS-Simulink
Converter</P>
    <InstanceData>
      <P Name="RTWMemSecFuncInitTerm">Inherit from model</P>
      <P Name="RTWMemSecFuncExecute">Inherit from model</P>
      <P Name="RTWMemSecDataConstants">Inherit from model</P>
      <P Name="RTWMemSecDataInternal">Inherit from model</P>
      <P Name="RTWMemSecDataParameters">Inherit from model</P>
      <P Name="ContentPreviewEnabled">on</P>
      <P Name="PhysicalDomain">network_engine_domain</P>
      <P Name="SubClassName">ps_output</P>
      <P Name="LeftPortType">input</P>
      <P Name="RightPortType">output</P>
      <P Name="PseudoPeriodic">off</P>
      <P Name="Frequencies">[]</P>
      <P Name="VectorFormat">1-D array</P>
      <P Name="Unit">inherit</P>
      <P Name="AffineConversion">off</P>
    </InstanceData>
  </Block>
  <Block BlockType="Reference" Name="PS-Simulink&#xA;Converter2" SID="1622">
    <PortCounts out="1" lconn="1"/>
    <P Name="Position">[1000, 67, 1015, 83]</P>
    <P Name="ZOrder">100000</P>
    <P Name="LibraryVersion">7.0</P>
    <P Name="SourceBlock">nesl_utility/PS-Simulink
Converter</P>
    <P Name="SourceType">PS-Simulink
Converter</P>
    <InstanceData>
      <P Name="RTWMemSecFuncInitTerm">Inherit from model</P>
      <P Name="RTWMemSecFuncExecute">Inherit from model</P>
      <P Name="RTWMemSecDataConstants">Inherit from model</P>
      <P Name="RTWMemSecDataInternal">Inherit from model</P>
      <P Name="RTWMemSecDataParameters">Inherit from model</P>
      <P Name="ContentPreviewEnabled">on</P>
      <P Name="PhysicalDomain">network_engine_domain</P>
      <P Name="SubClassName">ps_output</P>
      <P Name="LeftPortType">input</P>
      <P Name="RightPortType">output</P>
      <P Name="PseudoPeriodic">off</P>
      <P Name="Frequencies">[]</P>
      <P Name="VectorFormat">1-D array</P>
      <P Name="Unit">inherit</P>
      <P Name="AffineConversion">off</P>
    </InstanceData>
  </Block>
  <Block BlockType="Reference" Name="Transform&#xA;Sensor" SID="1623">
    <PortCounts lconn="1" rconn="4"/>
    <P Name="Position">[930, 20, 970, 85]</P>
    <P Name="ZOrder">100000</P>
    <P Name="LibraryVersion">24.21</P>
    <P Name="SourceBlock">sm_lib/Frames and
Transforms/Transform
Sensor</P>
    <P Name="SourceType">Transform
Sensor</P>
    <InstanceData>
      <P Name="LogSimulationData">off</P>
      <P Name="SimscapeInstrumentationLogging">off</P>
      <P Name="SimscapeInstrumentationVariables" Ref="bdmxdata:SimscapeInstrumentationVariables_1623"/>
      <P Name="MeasurementFrame">Base</P>
      <P Name="RotationSequence">XYX</P>
      <P Name="SenseAngle">off</P>
      <P Name="SenseAxis">off</P>
      <P Name="SenseQ">off</P>
      <P Name="SenseR">off</P>
      <P Name="SenseRotationSequence">off</P>
      <P Name="SenseOmegaX">off</P>
      <P Name="SenseOmegaY">off</P>
      <P Name="SenseOmegaZ">off</P>
      <P Name="SenseOmega">off</P>
      <P Name="SenseQDot">off</P>
      <P Name="SenseRDot">off</P>
      <P Name="SenseRotationSequenceDot">off</P>
      <P Name="SenseAlphaX">off</P>
      <P Name="SenseAlphaY">off</P>
      <P Name="SenseAlphaZ">off</P>
      <P Name="SenseAlpha">off</P>
      <P Name="SenseQDDot">off</P>
      <P Name="SenseRDDot">off</P>
      <P Name="SenseX">on</P>
      <P Name="SenseY">on</P>
      <P Name="SenseZ">on</P>
      <P Name="SenseXYZ">off</P>
      <P Name="SenseRad">off</P>
      <P Name="SenseAzim">off</P>
      <P Name="SenseDist">off</P>
      <P Name="SenseInc">off</P>
      <P Name="SenseXDot">off</P>
      <P Name="SenseYDot">off</P>
      <P Name="SenseZDot">off</P>
      <P Name="SenseXYZDot">off</P>
      <P Name="SenseRadDot">off</P>
      <P Name="SenseAzimDot">off</P>
      <P Name="SenseDistDot">off</P>
      <P Name="SenseIncDot">off</P>
      <P Name="SenseXDDot">off</P>
      <P Name="SenseYDDot">off</P>
      <P Name="SenseZDDot">off</P>
      <P Name="SenseXYZDDot">off</P>
      <P Name="SenseRadDDot">off</P>
      <P Name="SenseAzimDDot">off</P>
      <P Name="SenseDistDDot">off</P>
      <P Name="SenseIncDDot">off</P>
    </InstanceData>
  </Block>
  <Block BlockType="PMIOPort" Name="ArmB" SID="1624">
    <P Name="Position">[810, 48, 840, 62]</P>
    <P Name="ZOrder">100000</P>
    <P Name="Side">Left</P>
  </Block>
  <Block BlockType="PMIOPort" Name="SampleB" SID="1625">
    <P Name="Position">[1030, -12, 1060, 2]</P>
    <P Name="ZOrder">100000</P>
    <P Name="BlockMirror">on</P>
    <P Name="Port">2</P>
    <P Name="Side">Right</P>
  </Block>
  <Block BlockType="Outport" Name="SamplePos" SID="1626">
    <P Name="Position">[1135, 53, 1165, 67]</P>
    <P Name="ZOrder">100000</P>
  </Block>
  <Line LineType="Connection">
    <P Name="ZOrder">1</P>
    <P Name="Src">1622#lconn:1</P>
    <P Name="Dst">1623#rconn:4</P>
  </Line>
  <Line>
    <P Name="ZOrder">2</P>
    <P Name="Src">1622#out:1</P>
    <P Name="Points">[-5, 0; 5, 0; 5, 2; 5, 0]</P>
    <P Name="Dst">1619#in:3</P>
  </Line>
  <Line>
    <P Name="ZOrder">3</P>
    <P Name="Src">1621#out:1</P>
    <P Name="Dst">1619#in:2</P>
  </Line>
  <Line>
    <P Name="ZOrder">4</P>
    <P Name="Src">1620#out:1</P>
    <P Name="Dst">1619#in:1</P>
  </Line>
  <Line LineType="Connection">
    <P Name="ZOrder">5</P>
    <P Name="Src">1623#lconn:1</P>
    <P Name="Dst">1624#rconn:1</P>
  </Line>
  <Line LineType="Connection">
    <P Name="ZOrder">6</P>
    <P Name="Src">1620#lconn:1</P>
    <P Name="Dst">1623#rconn:2</P>
  </Line>
  <Line LineType="Connection">
    <P Name="ZOrder">7</P>
    <P Name="Src">1621#lconn:1</P>
    <P Name="Dst">1623#rconn:3</P>
  </Line>
  <Line LineType="Connection">
    <P Name="ZOrder">8</P>
    <P Name="Src">1623#rconn:1</P>
    <P Name="Points">[15, 0; 0, -35]</P>
    <P Name="Dst">1625#rconn:1</P>
  </Line>
  <Line>
    <P Name="Name">SampleLoc</P>
    <P Name="ZOrder">9</P>
    <P Name="Labels">[1, 1]</P>
    <P Name="Src">1619#out:1</P>
    <P Name="Dst">1626#in:1</P>
  </Line>
</System>
