<?xml version="1.0" encoding="utf-8"?>
<System>
  <P Name="Location">[-1, -7, 1537, 817]</P>
  <Block BlockType="SubSystem" Name="GridSurfaceWheelContact" SID="148">
    <PortCounts lconn="1" rconn="6"/>
    <P Name="Position">[425, 588, 490, 702]</P>
    <P Name="ZOrder">432</P>
    <P Name="BlockMirror">on</P>
    <P Name="ContentPreviewEnabled">on</P>
    <Mask>
      <Display RunInitForIconRedraw="off"/>
    </Mask>
    <System Ref="system_148"/>
  </Block>
  <Block BlockType="Reference" Name="Rigid Terrain Grid Surface" SID="162">
    <PortCounts lconn="1" rconn="1"/>
    <P Name="Position">[510, 599, 640, 691]</P>
    <P Name="ZOrder">100000</P>
    <P Name="BlockMirror">on</P>
    <P Name="LibraryVersion">24.21</P>
    <P Name="SourceBlock">sm_lib/Curves and Surfaces/Grid Surface</P>
    <P Name="SourceType">Grid Surface</P>
    <InstanceData>
      <P Name="LogSimulationData">off</P>
      <P Name="SimscapeInstrumentationLogging">off</P>
      <P Name="SimscapeInstrumentationVariables" Ref="bdmxdata:SimscapeInstrumentationVariables_162"/>
      <P Name="XGridVector">xg</P>
      <P Name="XGridVectorUnits">m</P>
      <P Name="YGridVector">yg</P>
      <P Name="YGridVectorUnits">m</P>
      <P Name="ZHeights">z_heights</P>
      <P Name="ZHeightsUnits">m</P>
      <P Name="GraphicType">FromGeometry</P>
      <P Name="GraphicVisPropType">SimpleVisualProperties</P>
      <P Name="GraphicDiffuseColor">[0.8902 0.5333 0.2941]</P>
      <P Name="GraphicDiffuseColor_conf">compiletime</P>
      <P Name="GraphicOpacity">1.0</P>
      <P Name="GraphicOpacity_conf">compiletime</P>
      <P Name="GraphicSpecularColor">[0.5 0.5 0.5 1.0]</P>
      <P Name="GraphicSpecularColor_conf">compiletime</P>
      <P Name="GraphicAmbientColor">[0.15 0.15 0.15 1.0]</P>
      <P Name="GraphicAmbientColor_conf">compiletime</P>
      <P Name="GraphicEmissiveColor">[0.0 0.0 0.0 1.0]</P>
      <P Name="GraphicEmissiveColor_conf">compiletime</P>
      <P Name="GraphicShininess">75</P>
      <P Name="GraphicShininess_conf">compiletime</P>
    </InstanceData>
  </Block>
  <Block BlockType="SimscapeBus" Name="Simscape Bus" SID="163">
    <PortCounts lconn="6" rconn="1"/>
    <P Name="Position">[330, 585, 390, 705]</P>
    <P Name="ZOrder">100000</P>
    <P Name="BlockMirror">on</P>
    <P Name="NameLocation">top</P>
    <P Name="HierarchyStrings">Wheel1_G;Wheel2_G;Wheel3_G;Wheel4_G;Wheel5_G;Wheel6_G</P>
  </Block>
  <Block BlockType="PMIOPort" Name="WheelsG" SID="164">
    <P Name="Position">[245, 638, 275, 652]</P>
    <P Name="ZOrder">100000</P>
    <P Name="Side">Left</P>
  </Block>
  <Block BlockType="PMIOPort" Name="RigidTerrainR" SID="165">
    <P Name="Position">[705, 638, 735, 652]</P>
    <P Name="ZOrder">437</P>
    <P Name="BlockMirror">on</P>
    <P Name="Port">2</P>
    <P Name="Side">Right</P>
  </Block>
  <Line LineType="Connection">
    <P Name="ZOrder">1</P>
    <P Name="Src">162#rconn:1</P>
    <P Name="Dst">148#lconn:1</P>
  </Line>
  <Line LineType="Connection">
    <P Name="ZOrder">2</P>
    <P Name="Src">165#rconn:1</P>
    <P Name="Dst">162#lconn:1</P>
  </Line>
  <Line LineType="Connection">
    <P Name="ZOrder">3</P>
    <P Name="Src">163#lconn:1</P>
    <P Name="Dst">148#rconn:1</P>
  </Line>
  <Line LineType="Connection">
    <P Name="ZOrder">4</P>
    <P Name="Src">163#lconn:2</P>
    <P Name="Dst">148#rconn:2</P>
  </Line>
  <Line LineType="Connection">
    <P Name="ZOrder">5</P>
    <P Name="Src">163#lconn:3</P>
    <P Name="Dst">148#rconn:3</P>
  </Line>
  <Line LineType="Connection">
    <P Name="ZOrder">6</P>
    <P Name="Src">163#lconn:4</P>
    <P Name="Dst">148#rconn:4</P>
  </Line>
  <Line LineType="Connection">
    <P Name="ZOrder">7</P>
    <P Name="Src">163#lconn:5</P>
    <P Name="Dst">148#rconn:5</P>
  </Line>
  <Line LineType="Connection">
    <P Name="ZOrder">8</P>
    <P Name="Src">163#lconn:6</P>
    <P Name="Dst">148#rconn:6</P>
  </Line>
  <Line LineType="Connection">
    <P Name="ZOrder">9</P>
    <P Name="Src">164#rconn:1</P>
    <P Name="Dst">163#rconn:1</P>
  </Line>
</System>
