<?xml version="1.0" encoding="utf-8"?>
<System>
  <P Name="Location">[223, 338, 826, 833]</P>
  <P Name="SIDHighWatermark">69</P>
  <Block BlockType="Inport" Name="actJointAngles" SID="1378::41">
    <P Name="Position">[20, 101, 40, 119]</P>
    <P Name="ZOrder">32</P>
    <PortProperties>
      <Port Type="out" Index="1">
        <P Name="PropagatedSignals">y</P>
      </Port>
    </PortProperties>
  </Block>
  <Block BlockType="Inport" Name="desJointAngles" SID="1378::42">
    <P Name="Position">[20, 136, 40, 154]</P>
    <P Name="ZOrder">33</P>
    <P Name="Port">2</P>
    <PortProperties>
      <Port Type="out" Index="1">
        <P Name="PropagatedSignals">jointSpaceWayPts</P>
      </Port>
    </PortProperties>
  </Block>
  <Block BlockType="Inport" Name="samplePickSense" SID="1378::49">
    <P Name="Position">[20, 171, 40, 189]</P>
    <P Name="ZOrder">35</P>
    <P Name="Port">3</P>
  </Block>
  <Block BlockType="Inport" Name="sampleDropSense" SID="1378::50">
    <P Name="Position">[20, 206, 40, 224]</P>
    <P Name="ZOrder">36</P>
    <P Name="Port">4</P>
  </Block>
  <Block BlockType="Inport" Name="currentTime" SID="1378::51">
    <P Name="Position">[20, 246, 40, 264]</P>
    <P Name="ZOrder">37</P>
    <P Name="Port">5</P>
  </Block>
  <Block BlockType="Demux" Name=" Demux " SID="1378::68">
    <PortCounts in="1" out="1"/>
    <P Name="Position">[270, 315, 320, 355]</P>
    <P Name="ZOrder">54</P>
    <P Name="Outputs">1</P>
  </Block>
  <Block BlockType="S-Function" Name=" SFunction " SID="1378::67">
    <P Name="Tag">Stateflow S-Function 15</P>
    <PortCounts in="5" out="6"/>
    <P Name="Position">[180, 102, 230, 243]</P>
    <P Name="ZOrder">53</P>
    <P Name="FunctionName">sf_sfun</P>
    <P Name="PortCounts">[5 6]</P>
    <P Name="SFunctionDeploymentMode">off</P>
    <P Name="EnableBusSupport">on</P>
    <P Name="SFcnIsStateOwnerBlock">off</P>
    <PortProperties>
      <Port Type="out" Index="2">
        <P Name="Name">wayPts</P>
      </Port>
      <Port Type="out" Index="3">
        <P Name="Name">reset_t</P>
      </Port>
      <Port Type="out" Index="4">
        <P Name="Name">samplePickCmd</P>
      </Port>
      <Port Type="out" Index="5">
        <P Name="Name">sampleDropCmd</P>
      </Port>
      <Port Type="out" Index="6">
        <P Name="Name">stop</P>
      </Port>
    </PortProperties>
  </Block>
  <Block BlockType="Terminator" Name=" Terminator " SID="1378::69">
    <P Name="Position">[460, 326, 480, 344]</P>
    <P Name="ZOrder">55</P>
  </Block>
  <Block BlockType="Outport" Name="wayPts" SID="1378::5">
    <P Name="Position">[460, 101, 480, 119]</P>
    <P Name="ZOrder">-5</P>
  </Block>
  <Block BlockType="Outport" Name="reset_t" SID="1378::52">
    <P Name="Position">[460, 136, 480, 154]</P>
    <P Name="ZOrder">38</P>
    <P Name="Port">2</P>
  </Block>
  <Block BlockType="Outport" Name="samplePickCmd" SID="1378::33">
    <P Name="Position">[460, 171, 480, 189]</P>
    <P Name="ZOrder">24</P>
    <P Name="Port">3</P>
  </Block>
  <Block BlockType="Outport" Name="sampleDropCmd" SID="1378::34">
    <P Name="Position">[460, 206, 480, 224]</P>
    <P Name="ZOrder">25</P>
    <P Name="Port">4</P>
  </Block>
  <Block BlockType="Outport" Name="stop" SID="1378::60">
    <P Name="Position">[460, 246, 480, 264]</P>
    <P Name="ZOrder">46</P>
    <P Name="Port">5</P>
  </Block>
  <Line>
    <P Name="ZOrder">1</P>
    <P Name="Src">1378::41#out:1</P>
    <P Name="Dst">1378::67#in:1</P>
  </Line>
  <Line>
    <P Name="ZOrder">2</P>
    <P Name="Src">1378::42#out:1</P>
    <P Name="Dst">1378::67#in:2</P>
  </Line>
  <Line>
    <P Name="ZOrder">3</P>
    <P Name="Src">1378::49#out:1</P>
    <P Name="Dst">1378::67#in:3</P>
  </Line>
  <Line>
    <P Name="ZOrder">4</P>
    <P Name="Src">1378::50#out:1</P>
    <P Name="Dst">1378::67#in:4</P>
  </Line>
  <Line>
    <P Name="ZOrder">5</P>
    <P Name="Src">1378::51#out:1</P>
    <P Name="Dst">1378::67#in:5</P>
  </Line>
  <Line>
    <P Name="Name">wayPts</P>
    <P Name="ZOrder">6</P>
    <P Name="Labels">[0, 0]</P>
    <P Name="Src">1378::67#out:2</P>
    <P Name="Dst">1378::5#in:1</P>
  </Line>
  <Line>
    <P Name="Name">reset_t</P>
    <P Name="ZOrder">7</P>
    <P Name="Labels">[0, 0]</P>
    <P Name="Src">1378::67#out:3</P>
    <P Name="Dst">1378::52#in:1</P>
  </Line>
  <Line>
    <P Name="Name">samplePickCmd</P>
    <P Name="ZOrder">8</P>
    <P Name="Labels">[0, 0]</P>
    <P Name="Src">1378::67#out:4</P>
    <P Name="Dst">1378::33#in:1</P>
  </Line>
  <Line>
    <P Name="Name">sampleDropCmd</P>
    <P Name="ZOrder">9</P>
    <P Name="Labels">[0, 0]</P>
    <P Name="Src">1378::67#out:5</P>
    <P Name="Dst">1378::34#in:1</P>
  </Line>
  <Line>
    <P Name="Name">stop</P>
    <P Name="ZOrder">10</P>
    <P Name="Labels">[0, 0]</P>
    <P Name="Src">1378::67#out:6</P>
    <P Name="Dst">1378::60#in:1</P>
  </Line>
  <Line>
    <P Name="ZOrder">11</P>
    <P Name="Src">1378::68#out:1</P>
    <P Name="Dst">1378::69#in:1</P>
  </Line>
  <Line>
    <P Name="ZOrder">12</P>
    <P Name="Src">1378::67#out:1</P>
    <P Name="Dst">1378::68#in:1</P>
  </Line>
</System>
