<?xml version="1.0" encoding="utf-8"?>
<System>
  <P Name="Location">[-1, -7, 1537, 817]</P>
  <P Name="ZoomFactor">75</P>
  <Block BlockType="Inport" Name="ActuatorTrqs" SID="1456">
    <P Name="Position">[-390, 18, -360, 32]</P>
    <P Name="ZOrder">100000</P>
  </Block>
  <Block BlockType="Demux" Name="Demux" SID="1457">
    <PortCounts in="1" out="6"/>
    <P Name="Position">[-335, -57, -330, 102]</P>
    <P Name="ZOrder">100000</P>
    <P Name="Outputs">6</P>
  </Block>
  <Block BlockType="SubSystem" Name="EndEff" SID="1458">
    <PortCounts lconn="1" rconn="1"/>
    <P Name="Position">[440, 131, 575, 279]</P>
    <P Name="ZOrder">23</P>
    <P Name="ContentPreviewEnabled">on</P>
    <Mask>
      <Display IconOpaque="opaque-with-ports" RunInitForIconRedraw="off">image(&apos;$imagefile&apos;); % Use &quot;Edit Image&quot; on toolstrip to change.</Display>
      <SaveImageFileWithModel>on</SaveImageFileWithModel>
      <StringList PropName="ImageFiles">
        <String>slx:/simulink/maskimages/endEff.JPG</String>
      </StringList>
    </Mask>
    <System Ref="system_1458"/>
  </Block>
  <Block BlockType="From" Name="From" SID="1466">
    <P Name="Position">[-255, -169, -200, -141]</P>
    <P Name="ZOrder">100000</P>
    <P Name="GotoTag">Rev1_T</P>
  </Block>
  <Block BlockType="From" Name="From1" SID="1467">
    <P Name="Position">[-235, -29, -180, -1]</P>
    <P Name="ZOrder">100000</P>
    <P Name="GotoTag">Rev2_T</P>
  </Block>
  <Block BlockType="From" Name="From10" SID="1468">
    <P Name="Position">[625, 91, 680, 119]</P>
    <P Name="ZOrder">100000</P>
    <P Name="GotoTag">Rev6_q</P>
  </Block>
  <Block BlockType="From" Name="From11" SID="1469">
    <P Name="Position">[625, 56, 680, 84]</P>
    <P Name="ZOrder">100000</P>
    <P Name="GotoTag">Rev5_q</P>
  </Block>
  <Block BlockType="From" Name="From2" SID="1470">
    <P Name="Position">[-245, 141, -190, 169]</P>
    <P Name="ZOrder">100000</P>
    <P Name="GotoTag">Rev3_T</P>
  </Block>
  <Block BlockType="From" Name="From3" SID="1471">
    <P Name="Position">[200, -164, 255, -136]</P>
    <P Name="ZOrder">100000</P>
    <P Name="GotoTag">Rev4_T</P>
  </Block>
  <Block BlockType="From" Name="From4" SID="1472">
    <P Name="Position">[190, -39, 245, -11]</P>
    <P Name="ZOrder">100000</P>
    <P Name="GotoTag">Rev5_T</P>
  </Block>
  <Block BlockType="From" Name="From5" SID="1473">
    <P Name="Position">[190, 156, 245, 184]</P>
    <P Name="ZOrder">100000</P>
    <P Name="GotoTag">Rev6_T</P>
  </Block>
  <Block BlockType="From" Name="From6" SID="1474">
    <P Name="Position">[625, -59, 680, -31]</P>
    <P Name="ZOrder">100000</P>
    <P Name="GotoTag">Rev1_q</P>
  </Block>
  <Block BlockType="From" Name="From7" SID="1475">
    <P Name="Position">[625, -24, 680, 4]</P>
    <P Name="ZOrder">100000</P>
    <P Name="GotoTag">Rev2_q</P>
  </Block>
  <Block BlockType="From" Name="From8" SID="1476">
    <P Name="Position">[625, 6, 680, 34]</P>
    <P Name="ZOrder">100000</P>
    <P Name="GotoTag">Rev3_q</P>
  </Block>
  <Block BlockType="From" Name="From9" SID="1477">
    <P Name="Position">[625, 31, 680, 59]</P>
    <P Name="ZOrder">100000</P>
    <P Name="GotoTag">Rev4_q</P>
  </Block>
  <Block BlockType="Goto" Name="Goto" SID="1478">
    <P Name="Position">[-315, -55, -265, -25]</P>
    <P Name="ZOrder">100000</P>
    <P Name="GotoTag">Rev1_T</P>
  </Block>
  <Block BlockType="Goto" Name="Goto1" SID="1479">
    <P Name="Position">[-315, -30, -265, 0]</P>
    <P Name="ZOrder">100000</P>
    <P Name="GotoTag">Rev2_T</P>
  </Block>
  <Block BlockType="Goto" Name="Goto10" SID="1480">
    <P Name="Position">[350, 25, 400, 55]</P>
    <P Name="ZOrder">100000</P>
    <P Name="GotoTag">Rev5_q</P>
  </Block>
  <Block BlockType="Goto" Name="Goto11" SID="1481">
    <P Name="Position">[345, 205, 395, 235]</P>
    <P Name="ZOrder">100000</P>
    <P Name="GotoTag">Rev6_q</P>
  </Block>
  <Block BlockType="Goto" Name="Goto2" SID="1482">
    <P Name="Position">[-315, -5, -265, 25]</P>
    <P Name="ZOrder">100000</P>
    <P Name="GotoTag">Rev3_T</P>
  </Block>
  <Block BlockType="Goto" Name="Goto3" SID="1483">
    <P Name="Position">[-315, 20, -265, 50]</P>
    <P Name="ZOrder">100000</P>
    <P Name="GotoTag">Rev4_T</P>
  </Block>
  <Block BlockType="Goto" Name="Goto4" SID="1484">
    <P Name="Position">[-315, 45, -265, 75]</P>
    <P Name="ZOrder">100000</P>
    <P Name="NameLocation">right</P>
    <P Name="GotoTag">Rev5_T</P>
  </Block>
  <Block BlockType="Goto" Name="Goto5" SID="1485">
    <P Name="Position">[-315, 70, -265, 100]</P>
    <P Name="ZOrder">100000</P>
    <P Name="GotoTag">Rev6_T</P>
  </Block>
  <Block BlockType="Goto" Name="Goto6" SID="1486">
    <P Name="Position">[-70, -170, -20, -140]</P>
    <P Name="ZOrder">100000</P>
    <P Name="GotoTag">Rev1_q</P>
  </Block>
  <Block BlockType="Goto" Name="Goto7" SID="1487">
    <P Name="Position">[-60, 20, -10, 50]</P>
    <P Name="ZOrder">100000</P>
    <P Name="GotoTag">Rev2_q</P>
  </Block>
  <Block BlockType="Goto" Name="Goto8" SID="1488">
    <P Name="Position">[-75, 190, -25, 220]</P>
    <P Name="ZOrder">100000</P>
    <P Name="GotoTag">Rev3_q</P>
  </Block>
  <Block BlockType="Goto" Name="Goto9" SID="1489">
    <P Name="Position">[380, -165, 430, -135]</P>
    <P Name="ZOrder">100000</P>
    <P Name="GotoTag">Rev4_q</P>
  </Block>
  <Block BlockType="SubSystem" Name="Link1" SID="1490">
    <PortCounts lconn="1" rconn="1"/>
    <P Name="Position">[5, -220, 125, -120]</P>
    <P Name="ZOrder">19</P>
    <P Name="ContentPreviewEnabled">on</P>
    <Mask>
      <Display IconOpaque="opaque-with-ports" RunInitForIconRedraw="off">image(&apos;$imagefile&apos;); % Use &quot;Edit Image&quot; on toolstrip to change.</Display>
      <SaveImageFileWithModel>on</SaveImageFileWithModel>
      <StringList PropName="ImageFiles">
        <String>slx:/simulink/maskimages/link1.JPG</String>
      </StringList>
    </Mask>
    <System Ref="system_1490"/>
  </Block>
  <Block BlockType="SubSystem" Name="Link2" SID="1499">
    <PortCounts lconn="1" rconn="1"/>
    <P Name="Position">[10, -58, 125, 58]</P>
    <P Name="ZOrder">21</P>
    <P Name="ContentPreviewEnabled">on</P>
    <Mask>
      <Display IconOpaque="opaque-with-ports" RunInitForIconRedraw="off">image(&apos;$imagefile&apos;); % Use &quot;Edit Image&quot; on toolstrip to change.</Display>
      <SaveImageFileWithModel>on</SaveImageFileWithModel>
      <StringList PropName="ImageFiles">
        <String>slx:/simulink/maskimages/link2.JPG</String>
      </StringList>
    </Mask>
    <System Ref="system_1499"/>
  </Block>
  <Block BlockType="SubSystem" Name="Link3" SID="1507">
    <PortCounts lconn="1" rconn="1"/>
    <P Name="Position">[5, 122, 130, 238]</P>
    <P Name="ZOrder">22</P>
    <P Name="ContentPreviewEnabled">on</P>
    <Mask>
      <Display IconOpaque="opaque-with-ports" RunInitForIconRedraw="off">image(&apos;$imagefile&apos;); % Use &quot;Edit Image&quot; on toolstrip to change.</Display>
      <SaveImageFileWithModel>on</SaveImageFileWithModel>
      <StringList PropName="ImageFiles">
        <String>slx:/simulink/maskimages/link3.JPG</String>
      </StringList>
    </Mask>
    <System Ref="system_1507"/>
  </Block>
  <Block BlockType="SubSystem" Name="Link4" SID="1515">
    <PortCounts lconn="1" rconn="1"/>
    <P Name="Position">[440, -227, 575, -113]</P>
    <P Name="ZOrder">100000</P>
    <P Name="ContentPreviewEnabled">on</P>
    <Mask>
      <Display IconOpaque="opaque-with-ports" RunInitForIconRedraw="off">image(&apos;$imagefile&apos;); % Use &quot;Edit Image&quot; on toolstrip to change.</Display>
      <SaveImageFileWithModel>on</SaveImageFileWithModel>
      <StringList PropName="ImageFiles">
        <String>slx:/simulink/maskimages/link4.JPG</String>
      </StringList>
    </Mask>
    <System Ref="system_1515"/>
  </Block>
  <Block BlockType="SubSystem" Name="Link5" SID="1524">
    <PortCounts lconn="1" rconn="1"/>
    <P Name="Position">[435, -50, 580, 70]</P>
    <P Name="ZOrder">100000</P>
    <P Name="ContentPreviewEnabled">on</P>
    <Mask>
      <Display IconOpaque="opaque-with-ports" RunInitForIconRedraw="off">image(&apos;$imagefile&apos;); % Use &quot;Edit Image&quot; on toolstrip to change.</Display>
      <SaveImageFileWithModel>on</SaveImageFileWithModel>
      <StringList PropName="ImageFiles">
        <String>slx:/simulink/maskimages/link5.JPG</String>
      </StringList>
    </Mask>
    <System Ref="system_1524"/>
  </Block>
  <Block BlockType="Mux" Name="Mux" SID="1534">
    <PortCounts in="6" out="1"/>
    <P Name="Position">[715, -42, 725, 107]</P>
    <P Name="ZOrder">100000</P>
    <P Name="Inputs">6</P>
    <P Name="DisplayOption">bar</P>
  </Block>
  <Block BlockType="Reference" Name="PS-Simulink&#xA;Converter10" SID="1535">
    <PortCounts out="1" lconn="1"/>
    <P Name="Position">[340, -33, 355, -17]</P>
    <P Name="ZOrder">100000</P>
    <P Name="LibraryVersion">7.0</P>
    <P Name="SourceBlock">nesl_utility/PS-Simulink
Converter</P>
    <P Name="SourceType">PS-Simulink
Converter</P>
    <InstanceData>
      <P Name="RTWMemSecFuncInitTerm">Inherit from model</P>
      <P Name="RTWMemSecFuncExecute">Inherit from model</P>
      <P Name="RTWMemSecDataConstants">Inherit from model</P>
      <P Name="RTWMemSecDataInternal">Inherit from model</P>
      <P Name="RTWMemSecDataParameters">Inherit from model</P>
      <P Name="ContentPreviewEnabled">on</P>
      <P Name="PhysicalDomain">network_engine_domain</P>
      <P Name="SubClassName">ps_output</P>
      <P Name="LeftPortType">input</P>
      <P Name="RightPortType">output</P>
      <P Name="PseudoPeriodic">off</P>
      <P Name="Frequencies">[]</P>
      <P Name="VectorFormat">1-D array</P>
      <P Name="Unit">inherit</P>
      <P Name="AffineConversion">off</P>
    </InstanceData>
  </Block>
  <Block BlockType="Reference" Name="PS-Simulink&#xA;Converter11" SID="1536">
    <PortCounts out="1" lconn="1"/>
    <P Name="Position">[350, 162, 365, 178]</P>
    <P Name="ZOrder">100000</P>
    <P Name="LibraryVersion">7.0</P>
    <P Name="SourceBlock">nesl_utility/PS-Simulink
Converter</P>
    <P Name="SourceType">PS-Simulink
Converter</P>
    <InstanceData>
      <P Name="RTWMemSecFuncInitTerm">Inherit from model</P>
      <P Name="RTWMemSecFuncExecute">Inherit from model</P>
      <P Name="RTWMemSecDataConstants">Inherit from model</P>
      <P Name="RTWMemSecDataInternal">Inherit from model</P>
      <P Name="RTWMemSecDataParameters">Inherit from model</P>
      <P Name="ContentPreviewEnabled">on</P>
      <P Name="PhysicalDomain">network_engine_domain</P>
      <P Name="SubClassName">ps_output</P>
      <P Name="LeftPortType">input</P>
      <P Name="RightPortType">output</P>
      <P Name="PseudoPeriodic">off</P>
      <P Name="Frequencies">[]</P>
      <P Name="VectorFormat">1-D array</P>
      <P Name="Unit">inherit</P>
      <P Name="AffineConversion">off</P>
    </InstanceData>
  </Block>
  <Block BlockType="Reference" Name="PS-Simulink&#xA;Converter6" SID="1537">
    <PortCounts out="1" lconn="1"/>
    <P Name="Position">[-100, -163, -85, -147]</P>
    <P Name="ZOrder">100000</P>
    <P Name="LibraryVersion">7.0</P>
    <P Name="SourceBlock">nesl_utility/PS-Simulink
Converter</P>
    <P Name="SourceType">PS-Simulink
Converter</P>
    <InstanceData>
      <P Name="RTWMemSecFuncInitTerm">Inherit from model</P>
      <P Name="RTWMemSecFuncExecute">Inherit from model</P>
      <P Name="RTWMemSecDataConstants">Inherit from model</P>
      <P Name="RTWMemSecDataInternal">Inherit from model</P>
      <P Name="RTWMemSecDataParameters">Inherit from model</P>
      <P Name="ContentPreviewEnabled">on</P>
      <P Name="PhysicalDomain">network_engine_domain</P>
      <P Name="SubClassName">ps_output</P>
      <P Name="LeftPortType">input</P>
      <P Name="RightPortType">output</P>
      <P Name="PseudoPeriodic">off</P>
      <P Name="Frequencies">[]</P>
      <P Name="VectorFormat">1-D array</P>
      <P Name="Unit">inherit</P>
      <P Name="AffineConversion">off</P>
    </InstanceData>
  </Block>
  <Block BlockType="Reference" Name="PS-Simulink&#xA;Converter7" SID="1538">
    <PortCounts out="1" lconn="1"/>
    <P Name="Position">[-75, -23, -60, -7]</P>
    <P Name="ZOrder">100000</P>
    <P Name="LibraryVersion">7.0</P>
    <P Name="SourceBlock">nesl_utility/PS-Simulink
Converter</P>
    <P Name="SourceType">PS-Simulink
Converter</P>
    <InstanceData>
      <P Name="RTWMemSecFuncInitTerm">Inherit from model</P>
      <P Name="RTWMemSecFuncExecute">Inherit from model</P>
      <P Name="RTWMemSecDataConstants">Inherit from model</P>
      <P Name="RTWMemSecDataInternal">Inherit from model</P>
      <P Name="RTWMemSecDataParameters">Inherit from model</P>
      <P Name="ContentPreviewEnabled">on</P>
      <P Name="PhysicalDomain">network_engine_domain</P>
      <P Name="SubClassName">ps_output</P>
      <P Name="LeftPortType">input</P>
      <P Name="RightPortType">output</P>
      <P Name="PseudoPeriodic">off</P>
      <P Name="Frequencies">[]</P>
      <P Name="VectorFormat">1-D array</P>
      <P Name="Unit">inherit</P>
      <P Name="AffineConversion">off</P>
    </InstanceData>
  </Block>
  <Block BlockType="Reference" Name="PS-Simulink&#xA;Converter8" SID="1539">
    <PortCounts out="1" lconn="1"/>
    <P Name="Position">[-75, 147, -60, 163]</P>
    <P Name="ZOrder">100000</P>
    <P Name="LibraryVersion">7.0</P>
    <P Name="SourceBlock">nesl_utility/PS-Simulink
Converter</P>
    <P Name="SourceType">PS-Simulink
Converter</P>
    <InstanceData>
      <P Name="RTWMemSecFuncInitTerm">Inherit from model</P>
      <P Name="RTWMemSecFuncExecute">Inherit from model</P>
      <P Name="RTWMemSecDataConstants">Inherit from model</P>
      <P Name="RTWMemSecDataInternal">Inherit from model</P>
      <P Name="RTWMemSecDataParameters">Inherit from model</P>
      <P Name="ContentPreviewEnabled">on</P>
      <P Name="PhysicalDomain">network_engine_domain</P>
      <P Name="SubClassName">ps_output</P>
      <P Name="LeftPortType">input</P>
      <P Name="RightPortType">output</P>
      <P Name="PseudoPeriodic">off</P>
      <P Name="Frequencies">[]</P>
      <P Name="VectorFormat">1-D array</P>
      <P Name="Unit">inherit</P>
      <P Name="AffineConversion">off</P>
    </InstanceData>
  </Block>
  <Block BlockType="Reference" Name="PS-Simulink&#xA;Converter9" SID="1540">
    <PortCounts out="1" lconn="1"/>
    <P Name="Position">[355, -158, 370, -142]</P>
    <P Name="ZOrder">100000</P>
    <P Name="LibraryVersion">7.0</P>
    <P Name="SourceBlock">nesl_utility/PS-Simulink
Converter</P>
    <P Name="SourceType">PS-Simulink
Converter</P>
    <InstanceData>
      <P Name="RTWMemSecFuncInitTerm">Inherit from model</P>
      <P Name="RTWMemSecFuncExecute">Inherit from model</P>
      <P Name="RTWMemSecDataConstants">Inherit from model</P>
      <P Name="RTWMemSecDataInternal">Inherit from model</P>
      <P Name="RTWMemSecDataParameters">Inherit from model</P>
      <P Name="ContentPreviewEnabled">on</P>
      <P Name="PhysicalDomain">network_engine_domain</P>
      <P Name="SubClassName">ps_output</P>
      <P Name="LeftPortType">input</P>
      <P Name="RightPortType">output</P>
      <P Name="PseudoPeriodic">off</P>
      <P Name="Frequencies">[]</P>
      <P Name="VectorFormat">1-D array</P>
      <P Name="Unit">inherit</P>
      <P Name="AffineConversion">off</P>
    </InstanceData>
  </Block>
  <Block BlockType="Reference" Name="R1" SID="1541">
    <PortCounts lconn="2" rconn="2"/>
    <P Name="Position">[-155, -185, -115, -145]</P>
    <P Name="ZOrder">28</P>
    <P Name="LibraryVersion">24.21</P>
    <P Name="SourceBlock">sm_lib/Joints/Revolute Joint</P>
    <P Name="SourceType">Revolute Joint</P>
    <InstanceData>
      <P Name="LogSimulationData">off</P>
      <P Name="SimscapeInstrumentationLogging">off</P>
      <P Name="SimscapeInstrumentationVariables" Ref="bdmxdata:SimscapeInstrumentationVariables_1541"/>
      <P Name="JointMode">Normal</P>
      <P Name="CompositeWrenchDir">FollowerOnBase</P>
      <P Name="CompositeWrenchFrame">BaseFrame</P>
      <P Name="SenseConstraintForce">off</P>
      <P Name="SenseConstraintTorque">off</P>
      <P Name="SenseTotalForce">off</P>
      <P Name="SenseTotalTorque">off</P>
      <P Name="PositionTargetSpecify">on</P>
      <P Name="PositionTargetPriority">High</P>
      <P Name="PositionTargetValue">arm_q0(1)</P>
      <P Name="PositionTargetValue_conf">compiletime</P>
      <P Name="PositionTargetValueUnits">deg</P>
      <P Name="VelocityTargetSpecify">off</P>
      <P Name="VelocityTargetPriority">High</P>
      <P Name="VelocityTargetValue">0</P>
      <P Name="VelocityTargetValue_conf">compiletime</P>
      <P Name="VelocityTargetValueUnits">deg/s</P>
      <P Name="EquilibriumPosition">0</P>
      <P Name="EquilibriumPosition_conf">compiletime</P>
      <P Name="EquilibriumPositionUnits">deg</P>
      <P Name="SpringStiffness">0</P>
      <P Name="SpringStiffness_conf">compiletime</P>
      <P Name="SpringStiffnessUnits">N*m/deg</P>
      <P Name="DampingCoefficient">D</P>
      <P Name="DampingCoefficient_conf">compiletime</P>
      <P Name="DampingCoefficientUnits">N*m/(deg/s)</P>
      <P Name="LowerLimitSpecify">off</P>
      <P Name="LowerLimitBound">-90</P>
      <P Name="LowerLimitBound_conf">compiletime</P>
      <P Name="LowerLimitBoundUnits">deg</P>
      <P Name="LowerLimitStiffness">1e4</P>
      <P Name="LowerLimitStiffness_conf">compiletime</P>
      <P Name="LowerLimitStiffnessUnits">N*m/deg</P>
      <P Name="LowerLimitDamping">10</P>
      <P Name="LowerLimitDamping_conf">compiletime</P>
      <P Name="LowerLimitDampingUnits">N*m/(deg/s)</P>
      <P Name="LowerLimitTransitionRegionWidth">0.1</P>
      <P Name="LowerLimitTransitionRegionWidth_conf">compiletime</P>
      <P Name="LowerLimitTransitionRegionWidthUnits">deg</P>
      <P Name="UpperLimitSpecify">off</P>
      <P Name="UpperLimitBound">90</P>
      <P Name="UpperLimitBound_conf">compiletime</P>
      <P Name="UpperLimitBoundUnits">deg</P>
      <P Name="UpperLimitStiffness">1e4</P>
      <P Name="UpperLimitStiffness_conf">compiletime</P>
      <P Name="UpperLimitStiffnessUnits">N*m/deg</P>
      <P Name="UpperLimitDamping">10</P>
      <P Name="UpperLimitDamping_conf">compiletime</P>
      <P Name="UpperLimitDampingUnits">N*m/(deg/s)</P>
      <P Name="UpperLimitTransitionRegionWidth">0.1</P>
      <P Name="UpperLimitTransitionRegionWidth_conf">compiletime</P>
      <P Name="UpperLimitTransitionRegionWidthUnits">deg</P>
      <P Name="TorqueActuationMode">InputTorque</P>
      <P Name="MotionActuationMode">ComputedMotion</P>
      <P Name="SensePosition">on</P>
      <P Name="SenseVelocity">off</P>
      <P Name="SenseAcceleration">off</P>
      <P Name="SenseTorqueForce">off</P>
      <P Name="SenseLowerLimitTorqueForce">off</P>
      <P Name="SenseUpperLimitTorqueForce">off</P>
    </InstanceData>
  </Block>
  <Block BlockType="Reference" Name="R2" SID="1542">
    <PortCounts lconn="2" rconn="2"/>
    <P Name="Position">[-135, -45, -95, -5]</P>
    <P Name="ZOrder">14</P>
    <P Name="LibraryVersion">24.21</P>
    <P Name="SourceBlock">sm_lib/Joints/Revolute Joint</P>
    <P Name="SourceType">Revolute Joint</P>
    <InstanceData>
      <P Name="LogSimulationData">off</P>
      <P Name="SimscapeInstrumentationLogging">off</P>
      <P Name="SimscapeInstrumentationVariables" Ref="bdmxdata:SimscapeInstrumentationVariables_1542"/>
      <P Name="JointMode">Normal</P>
      <P Name="CompositeWrenchDir">FollowerOnBase</P>
      <P Name="CompositeWrenchFrame">BaseFrame</P>
      <P Name="SenseConstraintForce">off</P>
      <P Name="SenseConstraintTorque">off</P>
      <P Name="SenseTotalForce">off</P>
      <P Name="SenseTotalTorque">off</P>
      <P Name="PositionTargetSpecify">on</P>
      <P Name="PositionTargetPriority">High</P>
      <P Name="PositionTargetValue">arm_q0(2)</P>
      <P Name="PositionTargetValue_conf">compiletime</P>
      <P Name="PositionTargetValueUnits">deg</P>
      <P Name="VelocityTargetSpecify">off</P>
      <P Name="VelocityTargetPriority">High</P>
      <P Name="VelocityTargetValue">0</P>
      <P Name="VelocityTargetValue_conf">compiletime</P>
      <P Name="VelocityTargetValueUnits">deg/s</P>
      <P Name="EquilibriumPosition">0</P>
      <P Name="EquilibriumPosition_conf">compiletime</P>
      <P Name="EquilibriumPositionUnits">deg</P>
      <P Name="SpringStiffness">0</P>
      <P Name="SpringStiffness_conf">compiletime</P>
      <P Name="SpringStiffnessUnits">N*m/deg</P>
      <P Name="DampingCoefficient">D</P>
      <P Name="DampingCoefficient_conf">compiletime</P>
      <P Name="DampingCoefficientUnits">N*m/(deg/s)</P>
      <P Name="LowerLimitSpecify">off</P>
      <P Name="LowerLimitBound">-90</P>
      <P Name="LowerLimitBound_conf">compiletime</P>
      <P Name="LowerLimitBoundUnits">deg</P>
      <P Name="LowerLimitStiffness">1e4</P>
      <P Name="LowerLimitStiffness_conf">compiletime</P>
      <P Name="LowerLimitStiffnessUnits">N*m/deg</P>
      <P Name="LowerLimitDamping">10</P>
      <P Name="LowerLimitDamping_conf">compiletime</P>
      <P Name="LowerLimitDampingUnits">N*m/(deg/s)</P>
      <P Name="LowerLimitTransitionRegionWidth">0.1</P>
      <P Name="LowerLimitTransitionRegionWidth_conf">compiletime</P>
      <P Name="LowerLimitTransitionRegionWidthUnits">deg</P>
      <P Name="UpperLimitSpecify">off</P>
      <P Name="UpperLimitBound">90</P>
      <P Name="UpperLimitBound_conf">compiletime</P>
      <P Name="UpperLimitBoundUnits">deg</P>
      <P Name="UpperLimitStiffness">1e4</P>
      <P Name="UpperLimitStiffness_conf">compiletime</P>
      <P Name="UpperLimitStiffnessUnits">N*m/deg</P>
      <P Name="UpperLimitDamping">10</P>
      <P Name="UpperLimitDamping_conf">compiletime</P>
      <P Name="UpperLimitDampingUnits">N*m/(deg/s)</P>
      <P Name="UpperLimitTransitionRegionWidth">0.1</P>
      <P Name="UpperLimitTransitionRegionWidth_conf">compiletime</P>
      <P Name="UpperLimitTransitionRegionWidthUnits">deg</P>
      <P Name="TorqueActuationMode">InputTorque</P>
      <P Name="MotionActuationMode">ComputedMotion</P>
      <P Name="SensePosition">on</P>
      <P Name="SenseVelocity">off</P>
      <P Name="SenseAcceleration">off</P>
      <P Name="SenseTorqueForce">off</P>
      <P Name="SenseLowerLimitTorqueForce">off</P>
      <P Name="SenseUpperLimitTorqueForce">off</P>
    </InstanceData>
  </Block>
  <Block BlockType="Reference" Name="R3" SID="1543">
    <PortCounts lconn="2" rconn="2"/>
    <P Name="Position">[-135, 125, -95, 165]</P>
    <P Name="ZOrder">15</P>
    <P Name="LibraryVersion">24.21</P>
    <P Name="SourceBlock">sm_lib/Joints/Revolute Joint</P>
    <P Name="SourceType">Revolute Joint</P>
    <InstanceData>
      <P Name="LogSimulationData">off</P>
      <P Name="SimscapeInstrumentationLogging">off</P>
      <P Name="SimscapeInstrumentationVariables" Ref="bdmxdata:SimscapeInstrumentationVariables_1543"/>
      <P Name="JointMode">Normal</P>
      <P Name="CompositeWrenchDir">FollowerOnBase</P>
      <P Name="CompositeWrenchFrame">BaseFrame</P>
      <P Name="SenseConstraintForce">off</P>
      <P Name="SenseConstraintTorque">off</P>
      <P Name="SenseTotalForce">off</P>
      <P Name="SenseTotalTorque">off</P>
      <P Name="PositionTargetSpecify">on</P>
      <P Name="PositionTargetPriority">High</P>
      <P Name="PositionTargetValue">arm_q0(3)</P>
      <P Name="PositionTargetValue_conf">compiletime</P>
      <P Name="PositionTargetValueUnits">deg</P>
      <P Name="VelocityTargetSpecify">off</P>
      <P Name="VelocityTargetPriority">High</P>
      <P Name="VelocityTargetValue">0</P>
      <P Name="VelocityTargetValue_conf">compiletime</P>
      <P Name="VelocityTargetValueUnits">deg/s</P>
      <P Name="EquilibriumPosition">0</P>
      <P Name="EquilibriumPosition_conf">compiletime</P>
      <P Name="EquilibriumPositionUnits">deg</P>
      <P Name="SpringStiffness">0</P>
      <P Name="SpringStiffness_conf">compiletime</P>
      <P Name="SpringStiffnessUnits">N*m/deg</P>
      <P Name="DampingCoefficient">D</P>
      <P Name="DampingCoefficient_conf">compiletime</P>
      <P Name="DampingCoefficientUnits">N*m/(deg/s)</P>
      <P Name="LowerLimitSpecify">off</P>
      <P Name="LowerLimitBound">-10</P>
      <P Name="LowerLimitBound_conf">compiletime</P>
      <P Name="LowerLimitBoundUnits">deg</P>
      <P Name="LowerLimitStiffness">1e4</P>
      <P Name="LowerLimitStiffness_conf">compiletime</P>
      <P Name="LowerLimitStiffnessUnits">N*m/deg</P>
      <P Name="LowerLimitDamping">10</P>
      <P Name="LowerLimitDamping_conf">compiletime</P>
      <P Name="LowerLimitDampingUnits">N*m/(deg/s)</P>
      <P Name="LowerLimitTransitionRegionWidth">0.1</P>
      <P Name="LowerLimitTransitionRegionWidth_conf">compiletime</P>
      <P Name="LowerLimitTransitionRegionWidthUnits">deg</P>
      <P Name="UpperLimitSpecify">off</P>
      <P Name="UpperLimitBound">160</P>
      <P Name="UpperLimitBound_conf">compiletime</P>
      <P Name="UpperLimitBoundUnits">deg</P>
      <P Name="UpperLimitStiffness">1e4</P>
      <P Name="UpperLimitStiffness_conf">compiletime</P>
      <P Name="UpperLimitStiffnessUnits">N*m/deg</P>
      <P Name="UpperLimitDamping">10</P>
      <P Name="UpperLimitDamping_conf">compiletime</P>
      <P Name="UpperLimitDampingUnits">N*m/(deg/s)</P>
      <P Name="UpperLimitTransitionRegionWidth">0.1</P>
      <P Name="UpperLimitTransitionRegionWidth_conf">compiletime</P>
      <P Name="UpperLimitTransitionRegionWidthUnits">deg</P>
      <P Name="TorqueActuationMode">InputTorque</P>
      <P Name="MotionActuationMode">ComputedMotion</P>
      <P Name="SensePosition">on</P>
      <P Name="SenseVelocity">off</P>
      <P Name="SenseAcceleration">off</P>
      <P Name="SenseTorqueForce">off</P>
      <P Name="SenseLowerLimitTorqueForce">off</P>
      <P Name="SenseUpperLimitTorqueForce">off</P>
    </InstanceData>
  </Block>
  <Block BlockType="Reference" Name="R4" SID="1544">
    <PortCounts lconn="2" rconn="2"/>
    <P Name="Position">[300, -180, 340, -140]</P>
    <P Name="ZOrder">16</P>
    <P Name="LibraryVersion">24.21</P>
    <P Name="SourceBlock">sm_lib/Joints/Revolute Joint</P>
    <P Name="SourceType">Revolute Joint</P>
    <InstanceData>
      <P Name="LogSimulationData">off</P>
      <P Name="SimscapeInstrumentationLogging">off</P>
      <P Name="SimscapeInstrumentationVariables" Ref="bdmxdata:SimscapeInstrumentationVariables_1544"/>
      <P Name="JointMode">Normal</P>
      <P Name="CompositeWrenchDir">FollowerOnBase</P>
      <P Name="CompositeWrenchFrame">BaseFrame</P>
      <P Name="SenseConstraintForce">off</P>
      <P Name="SenseConstraintTorque">off</P>
      <P Name="SenseTotalForce">off</P>
      <P Name="SenseTotalTorque">off</P>
      <P Name="PositionTargetSpecify">on</P>
      <P Name="PositionTargetPriority">High</P>
      <P Name="PositionTargetValue">arm_q0(4)</P>
      <P Name="PositionTargetValue_conf">compiletime</P>
      <P Name="PositionTargetValueUnits">deg</P>
      <P Name="VelocityTargetSpecify">off</P>
      <P Name="VelocityTargetPriority">High</P>
      <P Name="VelocityTargetValue">0</P>
      <P Name="VelocityTargetValue_conf">compiletime</P>
      <P Name="VelocityTargetValueUnits">deg/s</P>
      <P Name="EquilibriumPosition">0</P>
      <P Name="EquilibriumPosition_conf">compiletime</P>
      <P Name="EquilibriumPositionUnits">deg</P>
      <P Name="SpringStiffness">0</P>
      <P Name="SpringStiffness_conf">compiletime</P>
      <P Name="SpringStiffnessUnits">N*m/deg</P>
      <P Name="DampingCoefficient">D</P>
      <P Name="DampingCoefficient_conf">compiletime</P>
      <P Name="DampingCoefficientUnits">N*m/(deg/s)</P>
      <P Name="LowerLimitSpecify">off</P>
      <P Name="LowerLimitBound">-90</P>
      <P Name="LowerLimitBound_conf">compiletime</P>
      <P Name="LowerLimitBoundUnits">deg</P>
      <P Name="LowerLimitStiffness">1e4</P>
      <P Name="LowerLimitStiffness_conf">compiletime</P>
      <P Name="LowerLimitStiffnessUnits">N*m/deg</P>
      <P Name="LowerLimitDamping">10</P>
      <P Name="LowerLimitDamping_conf">compiletime</P>
      <P Name="LowerLimitDampingUnits">N*m/(deg/s)</P>
      <P Name="LowerLimitTransitionRegionWidth">0.1</P>
      <P Name="LowerLimitTransitionRegionWidth_conf">compiletime</P>
      <P Name="LowerLimitTransitionRegionWidthUnits">deg</P>
      <P Name="UpperLimitSpecify">off</P>
      <P Name="UpperLimitBound">90</P>
      <P Name="UpperLimitBound_conf">compiletime</P>
      <P Name="UpperLimitBoundUnits">deg</P>
      <P Name="UpperLimitStiffness">1e4</P>
      <P Name="UpperLimitStiffness_conf">compiletime</P>
      <P Name="UpperLimitStiffnessUnits">N*m/deg</P>
      <P Name="UpperLimitDamping">10</P>
      <P Name="UpperLimitDamping_conf">compiletime</P>
      <P Name="UpperLimitDampingUnits">N*m/(deg/s)</P>
      <P Name="UpperLimitTransitionRegionWidth">0.1</P>
      <P Name="UpperLimitTransitionRegionWidth_conf">compiletime</P>
      <P Name="UpperLimitTransitionRegionWidthUnits">deg</P>
      <P Name="TorqueActuationMode">InputTorque</P>
      <P Name="MotionActuationMode">ComputedMotion</P>
      <P Name="SensePosition">on</P>
      <P Name="SenseVelocity">off</P>
      <P Name="SenseAcceleration">off</P>
      <P Name="SenseTorqueForce">off</P>
      <P Name="SenseLowerLimitTorqueForce">off</P>
      <P Name="SenseUpperLimitTorqueForce">off</P>
    </InstanceData>
  </Block>
  <Block BlockType="Reference" Name="Revolute Joint" SID="1545">
    <PortCounts lconn="2" rconn="2"/>
    <P Name="Position">[280, -55, 320, -15]</P>
    <P Name="ZOrder">100000</P>
    <P Name="LibraryVersion">24.21</P>
    <P Name="SourceBlock">sm_lib/Joints/Revolute Joint</P>
    <P Name="SourceType">Revolute Joint</P>
    <InstanceData>
      <P Name="LogSimulationData">off</P>
      <P Name="SimscapeInstrumentationLogging">off</P>
      <P Name="SimscapeInstrumentationVariables" Ref="bdmxdata:SimscapeInstrumentationVariables_1545"/>
      <P Name="JointMode">Normal</P>
      <P Name="CompositeWrenchDir">FollowerOnBase</P>
      <P Name="CompositeWrenchFrame">BaseFrame</P>
      <P Name="SenseConstraintForce">off</P>
      <P Name="SenseConstraintTorque">off</P>
      <P Name="SenseTotalForce">off</P>
      <P Name="SenseTotalTorque">off</P>
      <P Name="PositionTargetSpecify">on</P>
      <P Name="PositionTargetPriority">High</P>
      <P Name="PositionTargetValue">arm_q0(5)</P>
      <P Name="PositionTargetValue_conf">compiletime</P>
      <P Name="PositionTargetValueUnits">deg</P>
      <P Name="VelocityTargetSpecify">off</P>
      <P Name="VelocityTargetPriority">High</P>
      <P Name="VelocityTargetValue">0</P>
      <P Name="VelocityTargetValue_conf">compiletime</P>
      <P Name="VelocityTargetValueUnits">deg/s</P>
      <P Name="EquilibriumPosition">0</P>
      <P Name="EquilibriumPosition_conf">compiletime</P>
      <P Name="EquilibriumPositionUnits">deg</P>
      <P Name="SpringStiffness">0</P>
      <P Name="SpringStiffness_conf">compiletime</P>
      <P Name="SpringStiffnessUnits">N*m/deg</P>
      <P Name="DampingCoefficient">D2</P>
      <P Name="DampingCoefficient_conf">compiletime</P>
      <P Name="DampingCoefficientUnits">N*m/(deg/s)</P>
      <P Name="LowerLimitSpecify">off</P>
      <P Name="LowerLimitBound">-90</P>
      <P Name="LowerLimitBound_conf">compiletime</P>
      <P Name="LowerLimitBoundUnits">deg</P>
      <P Name="LowerLimitStiffness">1e4</P>
      <P Name="LowerLimitStiffness_conf">compiletime</P>
      <P Name="LowerLimitStiffnessUnits">N*m/deg</P>
      <P Name="LowerLimitDamping">10</P>
      <P Name="LowerLimitDamping_conf">compiletime</P>
      <P Name="LowerLimitDampingUnits">N*m/(deg/s)</P>
      <P Name="LowerLimitTransitionRegionWidth">0.1</P>
      <P Name="LowerLimitTransitionRegionWidth_conf">compiletime</P>
      <P Name="LowerLimitTransitionRegionWidthUnits">deg</P>
      <P Name="UpperLimitSpecify">off</P>
      <P Name="UpperLimitBound">90</P>
      <P Name="UpperLimitBound_conf">compiletime</P>
      <P Name="UpperLimitBoundUnits">deg</P>
      <P Name="UpperLimitStiffness">1e4</P>
      <P Name="UpperLimitStiffness_conf">compiletime</P>
      <P Name="UpperLimitStiffnessUnits">N*m/deg</P>
      <P Name="UpperLimitDamping">10</P>
      <P Name="UpperLimitDamping_conf">compiletime</P>
      <P Name="UpperLimitDampingUnits">N*m/(deg/s)</P>
      <P Name="UpperLimitTransitionRegionWidth">0.1</P>
      <P Name="UpperLimitTransitionRegionWidth_conf">compiletime</P>
      <P Name="UpperLimitTransitionRegionWidthUnits">deg</P>
      <P Name="TorqueActuationMode">InputTorque</P>
      <P Name="MotionActuationMode">ComputedMotion</P>
      <P Name="SensePosition">on</P>
      <P Name="SenseVelocity">off</P>
      <P Name="SenseAcceleration">off</P>
      <P Name="SenseTorqueForce">off</P>
      <P Name="SenseLowerLimitTorqueForce">off</P>
      <P Name="SenseUpperLimitTorqueForce">off</P>
    </InstanceData>
  </Block>
  <Block BlockType="Reference" Name="Revolute Joint1" SID="1546">
    <PortCounts lconn="2" rconn="2"/>
    <P Name="Position">[285, 140, 325, 180]</P>
    <P Name="ZOrder">100000</P>
    <P Name="LibraryVersion">24.21</P>
    <P Name="SourceBlock">sm_lib/Joints/Revolute Joint</P>
    <P Name="SourceType">Revolute Joint</P>
    <InstanceData>
      <P Name="LogSimulationData">off</P>
      <P Name="SimscapeInstrumentationLogging">off</P>
      <P Name="SimscapeInstrumentationVariables" Ref="bdmxdata:SimscapeInstrumentationVariables_1546"/>
      <P Name="JointMode">Normal</P>
      <P Name="CompositeWrenchDir">FollowerOnBase</P>
      <P Name="CompositeWrenchFrame">BaseFrame</P>
      <P Name="SenseConstraintForce">off</P>
      <P Name="SenseConstraintTorque">off</P>
      <P Name="SenseTotalForce">off</P>
      <P Name="SenseTotalTorque">off</P>
      <P Name="PositionTargetSpecify">on</P>
      <P Name="PositionTargetPriority">High</P>
      <P Name="PositionTargetValue">arm_q0(6)</P>
      <P Name="PositionTargetValue_conf">compiletime</P>
      <P Name="PositionTargetValueUnits">deg</P>
      <P Name="VelocityTargetSpecify">off</P>
      <P Name="VelocityTargetPriority">High</P>
      <P Name="VelocityTargetValue">0</P>
      <P Name="VelocityTargetValue_conf">compiletime</P>
      <P Name="VelocityTargetValueUnits">deg/s</P>
      <P Name="EquilibriumPosition">0</P>
      <P Name="EquilibriumPosition_conf">compiletime</P>
      <P Name="EquilibriumPositionUnits">deg</P>
      <P Name="SpringStiffness">0</P>
      <P Name="SpringStiffness_conf">compiletime</P>
      <P Name="SpringStiffnessUnits">N*m/deg</P>
      <P Name="DampingCoefficient">D2</P>
      <P Name="DampingCoefficient_conf">compiletime</P>
      <P Name="DampingCoefficientUnits">N*m/(deg/s)</P>
      <P Name="LowerLimitSpecify">off</P>
      <P Name="LowerLimitBound">-90</P>
      <P Name="LowerLimitBound_conf">compiletime</P>
      <P Name="LowerLimitBoundUnits">deg</P>
      <P Name="LowerLimitStiffness">1e4</P>
      <P Name="LowerLimitStiffness_conf">compiletime</P>
      <P Name="LowerLimitStiffnessUnits">N*m/deg</P>
      <P Name="LowerLimitDamping">10</P>
      <P Name="LowerLimitDamping_conf">compiletime</P>
      <P Name="LowerLimitDampingUnits">N*m/(deg/s)</P>
      <P Name="LowerLimitTransitionRegionWidth">0.1</P>
      <P Name="LowerLimitTransitionRegionWidth_conf">compiletime</P>
      <P Name="LowerLimitTransitionRegionWidthUnits">deg</P>
      <P Name="UpperLimitSpecify">off</P>
      <P Name="UpperLimitBound">90</P>
      <P Name="UpperLimitBound_conf">compiletime</P>
      <P Name="UpperLimitBoundUnits">deg</P>
      <P Name="UpperLimitStiffness">1e4</P>
      <P Name="UpperLimitStiffness_conf">compiletime</P>
      <P Name="UpperLimitStiffnessUnits">N*m/deg</P>
      <P Name="UpperLimitDamping">10</P>
      <P Name="UpperLimitDamping_conf">compiletime</P>
      <P Name="UpperLimitDampingUnits">N*m/(deg/s)</P>
      <P Name="UpperLimitTransitionRegionWidth">0.1</P>
      <P Name="UpperLimitTransitionRegionWidth_conf">compiletime</P>
      <P Name="UpperLimitTransitionRegionWidthUnits">deg</P>
      <P Name="TorqueActuationMode">InputTorque</P>
      <P Name="MotionActuationMode">ComputedMotion</P>
      <P Name="SensePosition">on</P>
      <P Name="SenseVelocity">off</P>
      <P Name="SenseAcceleration">off</P>
      <P Name="SenseTorqueForce">off</P>
      <P Name="SenseLowerLimitTorqueForce">off</P>
      <P Name="SenseUpperLimitTorqueForce">off</P>
    </InstanceData>
  </Block>
  <Block BlockType="Reference" Name="Rigid&#xA;Transform1" SID="1547">
    <PortCounts lconn="1" rconn="1"/>
    <P Name="Position">[600, -190, 640, -150]</P>
    <P Name="ZOrder">100000</P>
    <P Name="LibraryVersion">24.21</P>
    <P Name="SourceBlock">sm_lib/Frames and
Transforms/Rigid
Transform</P>
    <P Name="SourceType">Rigid
Transform</P>
    <InstanceData>
      <P Name="LogSimulationData">off</P>
      <P Name="SimscapeInstrumentationLogging">off</P>
      <P Name="SimscapeInstrumentationVariables" Ref="bdmxdata:SimscapeInstrumentationVariables_1547"/>
      <P Name="RotationMethod">None</P>
      <P Name="FollAlignAxisA">+X</P>
      <P Name="BaseAlignAxisA">+Y</P>
      <P Name="FollAlignAxisB">+Y</P>
      <P Name="BaseAlignAxisB">+Z</P>
      <P Name="RotationStandardAxis">+X</P>
      <P Name="RotationAngle">90</P>
      <P Name="RotationAngle_conf">compiletime</P>
      <P Name="RotationAngleUnits">deg</P>
      <P Name="RotationArbitraryAxis">[0 0 1]</P>
      <P Name="RotationArbitraryAxis_conf">compiletime</P>
      <P Name="RotationSequenceAxes">FollowerAxes</P>
      <P Name="RotationSequence">XYX</P>
      <P Name="RotationSequenceAngles">[0 0 0]</P>
      <P Name="RotationSequenceAngles_conf">compiletime</P>
      <P Name="RotationSequenceAnglesUnits">deg</P>
      <P Name="RotationMatrix">[1 0 0; 0 1 0; 0 0 1]</P>
      <P Name="RotationMatrix_conf">compiletime</P>
      <P Name="Quaternion">[1 0 0 0]</P>
      <P Name="Quaternion_conf">compiletime</P>
      <P Name="TranslationMethod">StandardAxis</P>
      <P Name="TranslationCartesianOffset">[0 0 0]</P>
      <P Name="TranslationCartesianOffset_conf">compiletime</P>
      <P Name="TranslationCartesianOffsetUnits">cm</P>
      <P Name="TranslationStandardAxis">+Z</P>
      <P Name="TranslationStandardOffset">3</P>
      <P Name="TranslationStandardOffset_conf">compiletime</P>
      <P Name="TranslationStandardOffsetUnits">cm</P>
      <P Name="TranslationROffset">0</P>
      <P Name="TranslationROffset_conf">compiletime</P>
      <P Name="TranslationROffsetUnits">m</P>
      <P Name="TranslationThetaOffset">0</P>
      <P Name="TranslationThetaOffset_conf">compiletime</P>
      <P Name="TranslationThetaOffsetUnits">deg</P>
      <P Name="TranslationZOffset">0</P>
      <P Name="TranslationZOffset_conf">compiletime</P>
      <P Name="TranslationZOffsetUnits">m</P>
    </InstanceData>
  </Block>
  <Block BlockType="Reference" Name="Simulink-PS&#xA;Converter" SID="1548">
    <PortCounts in="1" rconn="1"/>
    <P Name="Position">[-185, -163, -170, -147]</P>
    <P Name="ZOrder">100000</P>
    <P Name="LibraryVersion">7.0</P>
    <P Name="SourceBlock">nesl_utility/Simulink-PS
Converter</P>
    <P Name="SourceType">Simulink-PS
Converter</P>
    <InstanceData>
      <P Name="RTWMemSecFuncInitTerm">Inherit from model</P>
      <P Name="RTWMemSecFuncExecute">Inherit from model</P>
      <P Name="RTWMemSecDataConstants">Inherit from model</P>
      <P Name="RTWMemSecDataInternal">Inherit from model</P>
      <P Name="RTWMemSecDataParameters">Inherit from model</P>
      <P Name="ContentPreviewEnabled">on</P>
      <P Name="PhysicalDomain">network_engine_domain</P>
      <P Name="SubClassName">ps_input</P>
      <P Name="LeftPortType">input</P>
      <P Name="RightPortType">output</P>
      <P Name="PseudoPeriodic">off</P>
      <P Name="Frequencies">[]</P>
      <P Name="NoiseDistribution">none</P>
      <P Name="NoiseParameters">[]</P>
      <P Name="Unit">1</P>
      <P Name="AffineConversion">off</P>
      <P Name="FilteringAndDerivatives">provide</P>
      <P Name="SimscapeFilterOrder">1</P>
      <P Name="InputFilterTimeConstant">0.001</P>
      <P Name="UdotUserProvided">0</P>
    </InstanceData>
  </Block>
  <Block BlockType="Reference" Name="Simulink-PS&#xA;Converter1" SID="1549">
    <PortCounts in="1" rconn="1"/>
    <P Name="Position">[-170, -23, -155, -7]</P>
    <P Name="ZOrder">100000</P>
    <P Name="LibraryVersion">7.0</P>
    <P Name="SourceBlock">nesl_utility/Simulink-PS
Converter</P>
    <P Name="SourceType">Simulink-PS
Converter</P>
    <InstanceData>
      <P Name="RTWMemSecFuncInitTerm">Inherit from model</P>
      <P Name="RTWMemSecFuncExecute">Inherit from model</P>
      <P Name="RTWMemSecDataConstants">Inherit from model</P>
      <P Name="RTWMemSecDataInternal">Inherit from model</P>
      <P Name="RTWMemSecDataParameters">Inherit from model</P>
      <P Name="ContentPreviewEnabled">on</P>
      <P Name="PhysicalDomain">network_engine_domain</P>
      <P Name="SubClassName">ps_input</P>
      <P Name="LeftPortType">input</P>
      <P Name="RightPortType">output</P>
      <P Name="PseudoPeriodic">off</P>
      <P Name="Frequencies">[]</P>
      <P Name="NoiseDistribution">none</P>
      <P Name="NoiseParameters">[]</P>
      <P Name="Unit">1</P>
      <P Name="AffineConversion">off</P>
      <P Name="FilteringAndDerivatives">provide</P>
      <P Name="SimscapeFilterOrder">1</P>
      <P Name="InputFilterTimeConstant">0.001</P>
      <P Name="UdotUserProvided">0</P>
    </InstanceData>
  </Block>
  <Block BlockType="Reference" Name="Simulink-PS&#xA;Converter2" SID="1550">
    <PortCounts in="1" rconn="1"/>
    <P Name="Position">[-175, 147, -160, 163]</P>
    <P Name="ZOrder">100000</P>
    <P Name="LibraryVersion">7.0</P>
    <P Name="SourceBlock">nesl_utility/Simulink-PS
Converter</P>
    <P Name="SourceType">Simulink-PS
Converter</P>
    <InstanceData>
      <P Name="RTWMemSecFuncInitTerm">Inherit from model</P>
      <P Name="RTWMemSecFuncExecute">Inherit from model</P>
      <P Name="RTWMemSecDataConstants">Inherit from model</P>
      <P Name="RTWMemSecDataInternal">Inherit from model</P>
      <P Name="RTWMemSecDataParameters">Inherit from model</P>
      <P Name="ContentPreviewEnabled">on</P>
      <P Name="PhysicalDomain">network_engine_domain</P>
      <P Name="SubClassName">ps_input</P>
      <P Name="LeftPortType">input</P>
      <P Name="RightPortType">output</P>
      <P Name="PseudoPeriodic">off</P>
      <P Name="Frequencies">[]</P>
      <P Name="NoiseDistribution">none</P>
      <P Name="NoiseParameters">[]</P>
      <P Name="Unit">1</P>
      <P Name="AffineConversion">off</P>
      <P Name="FilteringAndDerivatives">provide</P>
      <P Name="SimscapeFilterOrder">1</P>
      <P Name="InputFilterTimeConstant">0.001</P>
      <P Name="UdotUserProvided">0</P>
    </InstanceData>
  </Block>
  <Block BlockType="Reference" Name="Simulink-PS&#xA;Converter3" SID="1551">
    <PortCounts in="1" rconn="1"/>
    <P Name="Position">[270, -158, 285, -142]</P>
    <P Name="ZOrder">100000</P>
    <P Name="LibraryVersion">7.0</P>
    <P Name="SourceBlock">nesl_utility/Simulink-PS
Converter</P>
    <P Name="SourceType">Simulink-PS
Converter</P>
    <InstanceData>
      <P Name="RTWMemSecFuncInitTerm">Inherit from model</P>
      <P Name="RTWMemSecFuncExecute">Inherit from model</P>
      <P Name="RTWMemSecDataConstants">Inherit from model</P>
      <P Name="RTWMemSecDataInternal">Inherit from model</P>
      <P Name="RTWMemSecDataParameters">Inherit from model</P>
      <P Name="ContentPreviewEnabled">on</P>
      <P Name="PhysicalDomain">network_engine_domain</P>
      <P Name="SubClassName">ps_input</P>
      <P Name="LeftPortType">input</P>
      <P Name="RightPortType">output</P>
      <P Name="PseudoPeriodic">off</P>
      <P Name="Frequencies">[]</P>
      <P Name="NoiseDistribution">none</P>
      <P Name="NoiseParameters">[]</P>
      <P Name="Unit">1</P>
      <P Name="AffineConversion">off</P>
      <P Name="FilteringAndDerivatives">provide</P>
      <P Name="SimscapeFilterOrder">1</P>
      <P Name="InputFilterTimeConstant">0.001</P>
      <P Name="UdotUserProvided">0</P>
    </InstanceData>
  </Block>
  <Block BlockType="Reference" Name="Simulink-PS&#xA;Converter4" SID="1552">
    <PortCounts in="1" rconn="1"/>
    <P Name="Position">[255, -33, 270, -17]</P>
    <P Name="ZOrder">100000</P>
    <P Name="LibraryVersion">7.0</P>
    <P Name="SourceBlock">nesl_utility/Simulink-PS
Converter</P>
    <P Name="SourceType">Simulink-PS
Converter</P>
    <InstanceData>
      <P Name="RTWMemSecFuncInitTerm">Inherit from model</P>
      <P Name="RTWMemSecFuncExecute">Inherit from model</P>
      <P Name="RTWMemSecDataConstants">Inherit from model</P>
      <P Name="RTWMemSecDataInternal">Inherit from model</P>
      <P Name="RTWMemSecDataParameters">Inherit from model</P>
      <P Name="ContentPreviewEnabled">on</P>
      <P Name="PhysicalDomain">network_engine_domain</P>
      <P Name="SubClassName">ps_input</P>
      <P Name="LeftPortType">input</P>
      <P Name="RightPortType">output</P>
      <P Name="PseudoPeriodic">off</P>
      <P Name="Frequencies">[]</P>
      <P Name="NoiseDistribution">none</P>
      <P Name="NoiseParameters">[]</P>
      <P Name="Unit">1</P>
      <P Name="AffineConversion">off</P>
      <P Name="FilteringAndDerivatives">provide</P>
      <P Name="SimscapeFilterOrder">1</P>
      <P Name="InputFilterTimeConstant">0.001</P>
      <P Name="UdotUserProvided">0</P>
    </InstanceData>
  </Block>
  <Block BlockType="Reference" Name="Simulink-PS&#xA;Converter5" SID="1553">
    <PortCounts in="1" rconn="1"/>
    <P Name="Position">[245, 162, 260, 178]</P>
    <P Name="ZOrder">100000</P>
    <P Name="LibraryVersion">7.0</P>
    <P Name="SourceBlock">nesl_utility/Simulink-PS
Converter</P>
    <P Name="SourceType">Simulink-PS
Converter</P>
    <InstanceData>
      <P Name="RTWMemSecFuncInitTerm">Inherit from model</P>
      <P Name="RTWMemSecFuncExecute">Inherit from model</P>
      <P Name="RTWMemSecDataConstants">Inherit from model</P>
      <P Name="RTWMemSecDataInternal">Inherit from model</P>
      <P Name="RTWMemSecDataParameters">Inherit from model</P>
      <P Name="ContentPreviewEnabled">on</P>
      <P Name="PhysicalDomain">network_engine_domain</P>
      <P Name="SubClassName">ps_input</P>
      <P Name="LeftPortType">input</P>
      <P Name="RightPortType">output</P>
      <P Name="PseudoPeriodic">off</P>
      <P Name="Frequencies">[]</P>
      <P Name="NoiseDistribution">none</P>
      <P Name="NoiseParameters">[]</P>
      <P Name="Unit">1</P>
      <P Name="AffineConversion">off</P>
      <P Name="FilteringAndDerivatives">provide</P>
      <P Name="SimscapeFilterOrder">1</P>
      <P Name="InputFilterTimeConstant">0.001</P>
      <P Name="UdotUserProvided">0</P>
    </InstanceData>
  </Block>
  <Block BlockType="SubSystem" Name="rad2deg" SID="1554">
    <PortCounts in="1" out="1"/>
    <P Name="Position">[735, 24, 775, 46]</P>
    <P Name="ZOrder">100000</P>
    <P Name="ErrorFcn">Stateflow.Translate.translate</P>
    <P Name="PermitHierarchicalResolution">ExplicitOnly</P>
    <P Name="TreatAsAtomicUnit">on</P>
    <P Name="SFBlockType">MATLAB Function</P>
    <P Name="ContentPreviewEnabled">on</P>
    <PortProperties>
      <Port Type="out" Index="1">
        <P Name="PropagatedSignals">y</P>
      </Port>
    </PortProperties>
    <System Ref="system_1554"/>
  </Block>
  <Block BlockType="PMIOPort" Name="ArmB" SID="1555">
    <P Name="Position">[-295, -187, -265, -173]</P>
    <P Name="ZOrder">24</P>
    <P Name="Side">Left</P>
  </Block>
  <Block BlockType="PMIOPort" Name="EndEffTip_R" SID="1556">
    <P Name="Position">[620, 198, 650, 212]</P>
    <P Name="ZOrder">100000</P>
    <P Name="BlockMirror">on</P>
    <P Name="Port">2</P>
    <P Name="Side">Left</P>
  </Block>
  <Block BlockType="Outport" Name="JointAngles" SID="1557">
    <P Name="Position">[795, 28, 825, 42]</P>
    <P Name="ZOrder">100000</P>
  </Block>
  <Line LineType="Connection">
    <P Name="ZOrder">1</P>
    <P Name="Src">1490#lconn:1</P>
    <P Name="Points">[0, -5]</P>
    <P Name="Dst">1541#rconn:1</P>
  </Line>
  <Line LineType="Connection">
    <P Name="ZOrder">2</P>
    <P Name="Src">1507#rconn:1</P>
    <P Name="Points">[2, 0; 0, -147; 30, 0; 0, -203]</P>
    <P Name="Dst">1544#lconn:1</P>
  </Line>
  <Line LineType="Connection">
    <P Name="ZOrder">3</P>
    <P Name="Src">1542#rconn:1</P>
    <P Name="Points">[79, 0; 0, 35]</P>
    <P Name="Dst">1499#lconn:1</P>
  </Line>
  <Line LineType="Connection">
    <P Name="ZOrder">4</P>
    <P Name="Src">1543#lconn:1</P>
    <P Name="Points">[-9, 0; 0, -32; 298, 0; 0, -103]</P>
    <P Name="Dst">1499#rconn:1</P>
  </Line>
  <Line LineType="Connection">
    <P Name="ZOrder">5</P>
    <P Name="Src">1544#rconn:1</P>
    <P Name="Dst">1515#lconn:1</P>
  </Line>
  <Line LineType="Connection">
    <P Name="ZOrder">6</P>
    <P Name="Src">1490#rconn:1</P>
    <P Name="Points">[23, 0; 0, 100; -322, 0; 0, 35]</P>
    <P Name="Dst">1542#lconn:1</P>
  </Line>
  <Line LineType="Connection">
    <P Name="ZOrder">7</P>
    <P Name="Src">1507#lconn:1</P>
    <P Name="Points">[-18, 0; 0, -45]</P>
    <P Name="Dst">1543#rconn:1</P>
  </Line>
  <Line LineType="Connection">
    <P Name="ZOrder">8</P>
    <P Name="Src">1515#rconn:1</P>
    <P Name="Dst">1547#lconn:1</P>
  </Line>
  <Line LineType="Connection">
    <P Name="ZOrder">9</P>
    <P Name="Src">1458#lconn:1</P>
    <P Name="Points">[-15, 0; 0, -55]</P>
    <P Name="Dst">1546#rconn:1</P>
  </Line>
  <Line>
    <P Name="ZOrder">10</P>
    <P Name="Src">1534#out:1</P>
    <P Name="Dst">1554#in:1</P>
  </Line>
  <Line>
    <P Name="ZOrder">11</P>
    <P Name="Src">1475#out:1</P>
    <P Name="Points">[-5, 0; 18, 0; 0, 5]</P>
    <P Name="Dst">1534#in:2</P>
  </Line>
  <Line>
    <P Name="ZOrder">12</P>
    <P Name="Src">1476#out:1</P>
    <P Name="Points">[-5, 0]</P>
    <P Name="Dst">1534#in:3</P>
  </Line>
  <Line>
    <P Name="ZOrder">13</P>
    <P Name="Src">1477#out:1</P>
    <P Name="Points">[-5, 0]</P>
    <P Name="Dst">1534#in:4</P>
  </Line>
  <Line>
    <P Name="ZOrder">14</P>
    <P Name="Src">1469#out:1</P>
    <P Name="Points">[-5, 0]</P>
    <P Name="Dst">1534#in:5</P>
  </Line>
  <Line>
    <P Name="ZOrder">15</P>
    <P Name="Src">1468#out:1</P>
    <P Name="Points">[-5, 0; 18, 0; 0, -10]</P>
    <P Name="Dst">1534#in:6</P>
  </Line>
  <Line LineType="Connection">
    <P Name="ZOrder">16</P>
    <P Name="Src">1547#rconn:1</P>
    <P Name="Points">[-7, 0; 0, 87; -383, 0]</P>
    <P Name="Dst">1545#lconn:1</P>
  </Line>
  <Line LineType="Connection">
    <P Name="ZOrder">17</P>
    <P Name="Src">1556#rconn:1</P>
    <P Name="Dst">1458#rconn:1</P>
  </Line>
  <Line>
    <P Name="ZOrder">18</P>
    <P Name="Src">1456#out:1</P>
    <P Name="Dst">1457#in:1</P>
  </Line>
  <Line LineType="Connection">
    <P Name="ZOrder">19</P>
    <P Name="Src">1541#lconn:1</P>
    <P Name="Points">[-40, 0; 0, -5]</P>
    <P Name="Dst">1555#rconn:1</P>
  </Line>
  <Line LineType="Connection">
    <P Name="ZOrder">20</P>
    <P Name="Src">1524#rconn:1</P>
    <P Name="Points">[0, 104; -328, 0; 0, 36]</P>
    <P Name="Dst">1546#lconn:1</P>
  </Line>
  <Line LineType="Connection">
    <P Name="ZOrder">21</P>
    <P Name="Src">1545#rconn:1</P>
    <P Name="Points">[72, 0; 0, 55]</P>
    <P Name="Dst">1524#lconn:1</P>
  </Line>
  <Line LineType="Connection">
    <P Name="ZOrder">22</P>
    <P Name="Src">1548#rconn:1</P>
    <P Name="Dst">1541#lconn:2</P>
  </Line>
  <Line LineType="Connection">
    <P Name="ZOrder">23</P>
    <P Name="Src">1549#rconn:1</P>
    <P Name="Dst">1542#lconn:2</P>
  </Line>
  <Line LineType="Connection">
    <P Name="ZOrder">24</P>
    <P Name="Src">1550#rconn:1</P>
    <P Name="Dst">1543#lconn:2</P>
  </Line>
  <Line LineType="Connection">
    <P Name="ZOrder">25</P>
    <P Name="Src">1551#rconn:1</P>
    <P Name="Dst">1544#lconn:2</P>
  </Line>
  <Line LineType="Connection">
    <P Name="ZOrder">26</P>
    <P Name="Src">1552#rconn:1</P>
    <P Name="Dst">1545#lconn:2</P>
  </Line>
  <Line LineType="Connection">
    <P Name="ZOrder">27</P>
    <P Name="Src">1553#rconn:1</P>
    <P Name="Dst">1546#lconn:2</P>
  </Line>
  <Line>
    <P Name="ZOrder">28</P>
    <P Name="Src">1457#out:1</P>
    <P Name="Points">[10, 0]</P>
    <P Name="Dst">1478#in:1</P>
  </Line>
  <Line>
    <P Name="ZOrder">29</P>
    <P Name="Src">1457#out:2</P>
    <P Name="Points">[10, 0]</P>
    <P Name="Dst">1479#in:1</P>
  </Line>
  <Line>
    <P Name="ZOrder">30</P>
    <P Name="Src">1457#out:3</P>
    <P Name="Points">[10, 0]</P>
    <P Name="Dst">1482#in:1</P>
  </Line>
  <Line>
    <P Name="ZOrder">31</P>
    <P Name="Src">1457#out:4</P>
    <P Name="Points">[10, 0]</P>
    <P Name="Dst">1483#in:1</P>
  </Line>
  <Line>
    <P Name="ZOrder">32</P>
    <P Name="Src">1457#out:5</P>
    <P Name="Dst">1484#in:1</P>
  </Line>
  <Line>
    <P Name="ZOrder">33</P>
    <P Name="Src">1457#out:6</P>
    <P Name="Points">[10, 0]</P>
    <P Name="Dst">1485#in:1</P>
  </Line>
  <Line>
    <P Name="ZOrder">34</P>
    <P Name="Src">1466#out:1</P>
    <P Name="Dst">1548#in:1</P>
  </Line>
  <Line>
    <P Name="ZOrder">35</P>
    <P Name="Src">1467#out:1</P>
    <P Name="Dst">1549#in:1</P>
  </Line>
  <Line>
    <P Name="ZOrder">36</P>
    <P Name="Src">1470#out:1</P>
    <P Name="Dst">1550#in:1</P>
  </Line>
  <Line>
    <P Name="ZOrder">37</P>
    <P Name="Src">1471#out:1</P>
    <P Name="Dst">1551#in:1</P>
  </Line>
  <Line>
    <P Name="ZOrder">38</P>
    <P Name="Src">1472#out:1</P>
    <P Name="Dst">1552#in:1</P>
  </Line>
  <Line>
    <P Name="ZOrder">39</P>
    <P Name="Src">1473#out:1</P>
    <P Name="Dst">1553#in:1</P>
  </Line>
  <Line LineType="Connection">
    <P Name="ZOrder">40</P>
    <P Name="Src">1537#lconn:1</P>
    <P Name="Dst">1541#rconn:2</P>
  </Line>
  <Line LineType="Connection">
    <P Name="ZOrder">41</P>
    <P Name="Src">1538#lconn:1</P>
    <P Name="Dst">1542#rconn:2</P>
  </Line>
  <Line LineType="Connection">
    <P Name="ZOrder">42</P>
    <P Name="Src">1539#lconn:1</P>
    <P Name="Dst">1543#rconn:2</P>
  </Line>
  <Line LineType="Connection">
    <P Name="ZOrder">43</P>
    <P Name="Src">1540#lconn:1</P>
    <P Name="Dst">1544#rconn:2</P>
  </Line>
  <Line LineType="Connection">
    <P Name="ZOrder">44</P>
    <P Name="Src">1535#lconn:1</P>
    <P Name="Dst">1545#rconn:2</P>
  </Line>
  <Line LineType="Connection">
    <P Name="ZOrder">45</P>
    <P Name="Src">1536#lconn:1</P>
    <P Name="Dst">1546#rconn:2</P>
  </Line>
  <Line>
    <P Name="ZOrder">46</P>
    <P Name="Src">1537#out:1</P>
    <P Name="Dst">1486#in:1</P>
  </Line>
  <Line>
    <P Name="ZOrder">47</P>
    <P Name="Src">1538#out:1</P>
    <P Name="Points">[19, 0; 0, 22; -42, 0; 0, 28]</P>
    <P Name="Dst">1487#in:1</P>
  </Line>
  <Line>
    <P Name="ZOrder">48</P>
    <P Name="Src">1539#out:1</P>
    <P Name="Points">[11, 0; 0, 24; -49, 0; 0, 26]</P>
    <P Name="Dst">1488#in:1</P>
  </Line>
  <Line>
    <P Name="ZOrder">49</P>
    <P Name="Src">1540#out:1</P>
    <P Name="Dst">1489#in:1</P>
  </Line>
  <Line>
    <P Name="ZOrder">50</P>
    <P Name="Src">1535#out:1</P>
    <P Name="Points">[19, 0; 0, 29; -46, 0; 0, 36]</P>
    <P Name="Dst">1480#in:1</P>
  </Line>
  <Line>
    <P Name="ZOrder">51</P>
    <P Name="Src">1536#out:1</P>
    <P Name="Points">[18, 0; 0, 25; -67, 0; 0, 25]</P>
    <P Name="Dst">1481#in:1</P>
  </Line>
  <Line>
    <P Name="ZOrder">52</P>
    <P Name="Src">1554#out:1</P>
    <P Name="Dst">1557#in:1</P>
  </Line>
  <Line>
    <P Name="ZOrder">53</P>
    <P Name="Src">1474#out:1</P>
    <P Name="Points">[-5, 0; 18, 0; 0, 15]</P>
    <P Name="Dst">1534#in:1</P>
  </Line>
</System>
