<?xml version="1.0" encoding="utf-8"?>
<System>
  <P Name="Location">[-7, 1, 1195, 834]</P>
  <P Name="ZoomFactor">146</P>
  <Block BlockType="Inport" Name="Enable" SID="1402">
    <P Name="Position">[230, 123, 260, 137]</P>
    <P Name="ZOrder">100000</P>
  </Block>
  <Block BlockType="Inport" Name="SampleLoc" SID="1403">
    <P Name="Position">[345, 233, 375, 247]</P>
    <P Name="ZOrder">100000</P>
    <P Name="Port">2</P>
    <PortProperties>
      <Port Type="out" Index="1">
        <P Name="PropagatedSignals">SampleLoc</P>
      </Port>
    </PortProperties>
  </Block>
  <Block BlockType="Constant" Name="Constant2" SID="1404">
    <P Name="Position">[175, 170, 205, 200]</P>
    <P Name="ZOrder">100000</P>
  </Block>
  <Block BlockType="Display" Name="Display" SID="1405">
    <PortCounts in="1"/>
    <P Name="Position">[660, 250, 740, 330]</P>
    <P Name="ZOrder">100000</P>
    <P Name="Decimation">1</P>
  </Block>
  <Block BlockType="SubSystem" Name="Enabled&#xA;Subsystem1" SID="1406">
    <PortCounts in="1" out="1" enable="1"/>
    <P Name="Position">[245, 164, 345, 206]</P>
    <P Name="ZOrder">100000</P>
    <P Name="TreatAsAtomicUnit">on</P>
    <P Name="MinAlgLoopOccurrences">on</P>
    <P Name="ContentPreviewEnabled">on</P>
    <System Ref="system_1406"/>
  </Block>
  <Block BlockType="Switch" Name="Switch" SID="1410">
    <P Name="Position">[405, 165, 455, 205]</P>
    <P Name="ZOrder">100000</P>
    <P Name="Criteria">u2 &gt; Threshold</P>
    <P Name="InputSameDT">off</P>
    <P Name="SaturateOnIntegerOverflow">off</P>
  </Block>
  <Block BlockType="Math" Name="Transpose1" SID="1411">
    <PortCounts in="1" out="1"/>
    <P Name="Position">[620, 169, 650, 201]</P>
    <P Name="ZOrder">100000</P>
    <P Name="Operator">transpose</P>
  </Block>
  <Block BlockType="UnitDelay" Name="Unit Delay" SID="1412">
    <P Name="Position">[490, 168, 525, 202]</P>
    <P Name="ZOrder">100000</P>
    <P Name="SampleTime">-1</P>
    <P Name="HasFrameUpgradeWarning">on</P>
  </Block>
  <Block BlockType="Outport" Name="SamplePos" SID="1413">
    <P Name="Position">[685, 178, 715, 192]</P>
    <P Name="ZOrder">100000</P>
  </Block>
  <Line>
    <P Name="ZOrder">1</P>
    <P Name="Src">1404#out:1</P>
    <P Name="Dst">1406#in:1</P>
  </Line>
  <Line>
    <P Name="ZOrder">2</P>
    <P Name="Src">1403#out:1</P>
    <P Name="Points">[10, 0]</P>
    <P Name="Dst">1410#in:3</P>
  </Line>
  <Line>
    <P Name="ZOrder">3</P>
    <P Name="Src">1412#out:1</P>
    <P Name="Points">[30, 0]</P>
    <Branch>
      <P Name="ZOrder">4</P>
      <P Name="Points">[0, -32; -177, 0; 0, 17]</P>
      <P Name="Dst">1410#in:1</P>
    </Branch>
    <Branch>
      <P Name="ZOrder">5</P>
      <P Name="Points">[35, 0]</P>
      <Branch>
        <P Name="ZOrder">6</P>
        <P Name="Dst">1411#in:1</P>
      </Branch>
      <Branch>
        <P Name="ZOrder">7</P>
        <P Name="Points">[0, 105]</P>
        <P Name="Dst">1405#in:1</P>
      </Branch>
    </Branch>
  </Line>
  <Line>
    <P Name="ZOrder">8</P>
    <P Name="Src">1410#out:1</P>
    <P Name="Dst">1412#in:1</P>
  </Line>
  <Line>
    <P Name="ZOrder">9</P>
    <P Name="Src">1402#out:1</P>
    <P Name="Points">[30, 0]</P>
    <P Name="Dst">1406#enable</P>
  </Line>
  <Line>
    <P Name="ZOrder">10</P>
    <P Name="Src">1406#out:1</P>
    <P Name="Dst">1410#in:2</P>
  </Line>
  <Line>
    <P Name="ZOrder">11</P>
    <P Name="Src">1411#out:1</P>
    <P Name="Dst">1413#in:1</P>
  </Line>
</System>
