<?xml version="1.0" encoding="utf-8"?>
<System>
  <P Name="Location">[-8, -8, 1928, 1048]</P>
  <P Name="ZoomFactor">168</P>
  <Block BlockType="Inport" Name="In1" SID="1045">
    <P Name="Position">[-20, 258, 10, 272]</P>
    <P Name="ZOrder">100000</P>
  </Block>
  <Block BlockType="Selector" Name="Select" SID="1046">
    <PortCounts in="1" out="1"/>
    <P Name="Position">[90, 21, 120, 39]</P>
    <P Name="ZOrder">100000</P>
    <P Name="InputPortWidth">6</P>
    <P Name="IndexOptions">Index vector (dialog)</P>
    <P Name="Indices">1</P>
    <P Name="OutputSizes">1</P>
  </Block>
  <Block BlockType="Selector" Name="Select10" SID="1047">
    <PortCounts in="1" out="1"/>
    <P Name="Position">[90, 411, 120, 429]</P>
    <P Name="ZOrder">100000</P>
    <P Name="InputPortWidth">6</P>
    <P Name="IndexOptions">Index vector (dialog)</P>
    <P Name="Indices">6</P>
    <P Name="OutputSizes">1</P>
  </Block>
  <Block BlockType="Selector" Name="Select2" SID="1048">
    <PortCounts in="1" out="1"/>
    <P Name="Position">[90, 96, 120, 114]</P>
    <P Name="ZOrder">100000</P>
    <P Name="InputPortWidth">6</P>
    <P Name="IndexOptions">Index vector (dialog)</P>
    <P Name="Indices">2</P>
    <P Name="OutputSizes">1</P>
  </Block>
  <Block BlockType="Selector" Name="Select4" SID="1049">
    <PortCounts in="1" out="1"/>
    <P Name="Position">[90, 171, 120, 189]</P>
    <P Name="ZOrder">100000</P>
    <P Name="InputPortWidth">6</P>
    <P Name="IndexOptions">Index vector (dialog)</P>
    <P Name="Indices">3</P>
    <P Name="OutputSizes">1</P>
  </Block>
  <Block BlockType="Selector" Name="Select6" SID="1050">
    <PortCounts in="1" out="1"/>
    <P Name="Position">[90, 256, 120, 274]</P>
    <P Name="ZOrder">100000</P>
    <P Name="InputPortWidth">6</P>
    <P Name="IndexOptions">Index vector (dialog)</P>
    <P Name="Indices">4</P>
    <P Name="OutputSizes">1</P>
  </Block>
  <Block BlockType="Selector" Name="Select8" SID="1051">
    <PortCounts in="1" out="1"/>
    <P Name="Position">[90, 331, 120, 349]</P>
    <P Name="ZOrder">100000</P>
    <P Name="InputPortWidth">6</P>
    <P Name="IndexOptions">Index vector (dialog)</P>
    <P Name="Indices">5</P>
    <P Name="OutputSizes">1</P>
  </Block>
  <Block BlockType="Outport" Name="Out1" SID="1052">
    <P Name="Position">[165, 23, 195, 37]</P>
    <P Name="ZOrder">100000</P>
  </Block>
  <Block BlockType="Outport" Name="Out2" SID="1053">
    <P Name="Position">[165, 98, 195, 112]</P>
    <P Name="ZOrder">100000</P>
    <P Name="Port">2</P>
  </Block>
  <Block BlockType="Outport" Name="Out3" SID="1054">
    <P Name="Position">[165, 173, 195, 187]</P>
    <P Name="ZOrder">100000</P>
    <P Name="Port">3</P>
  </Block>
  <Block BlockType="Outport" Name="Out4" SID="1055">
    <P Name="Position">[165, 333, 195, 347]</P>
    <P Name="ZOrder">100000</P>
    <P Name="Port">4</P>
  </Block>
  <Block BlockType="Outport" Name="Out5" SID="1056">
    <P Name="Position">[165, 258, 195, 272]</P>
    <P Name="ZOrder">100000</P>
    <P Name="Port">5</P>
  </Block>
  <Block BlockType="Outport" Name="Out6" SID="1057">
    <P Name="Position">[165, 413, 195, 427]</P>
    <P Name="ZOrder">100000</P>
    <P Name="Port">6</P>
  </Block>
  <Line>
    <P Name="ZOrder">1</P>
    <P Name="Src">1045#out:1</P>
    <P Name="Points">[59, 0]</P>
    <Branch>
      <P Name="ZOrder">2</P>
      <P Name="Points">[0, -85]</P>
      <Branch>
        <P Name="ZOrder">3</P>
        <P Name="Points">[0, -75]</P>
        <Branch>
          <P Name="ZOrder">4</P>
          <P Name="Points">[0, -75]</P>
          <P Name="Dst">1046#in:1</P>
        </Branch>
        <Branch>
          <P Name="ZOrder">5</P>
          <P Name="Dst">1048#in:1</P>
        </Branch>
      </Branch>
      <Branch>
        <P Name="ZOrder">6</P>
        <P Name="Dst">1049#in:1</P>
      </Branch>
    </Branch>
    <Branch>
      <P Name="ZOrder">7</P>
      <P Name="Dst">1050#in:1</P>
    </Branch>
    <Branch>
      <P Name="ZOrder">8</P>
      <P Name="Points">[0, 75]</P>
      <Branch>
        <P Name="ZOrder">9</P>
        <P Name="Dst">1051#in:1</P>
      </Branch>
      <Branch>
        <P Name="ZOrder">10</P>
        <P Name="Points">[0, 80]</P>
        <P Name="Dst">1047#in:1</P>
      </Branch>
    </Branch>
  </Line>
  <Line>
    <P Name="ZOrder">11</P>
    <P Name="Src">1046#out:1</P>
    <P Name="Dst">1052#in:1</P>
  </Line>
  <Line>
    <P Name="ZOrder">12</P>
    <P Name="Src">1048#out:1</P>
    <P Name="Dst">1053#in:1</P>
  </Line>
  <Line>
    <P Name="ZOrder">13</P>
    <P Name="Src">1049#out:1</P>
    <P Name="Dst">1054#in:1</P>
  </Line>
  <Line>
    <P Name="ZOrder">14</P>
    <P Name="Src">1050#out:1</P>
    <P Name="Dst">1056#in:1</P>
  </Line>
  <Line>
    <P Name="ZOrder">15</P>
    <P Name="Src">1051#out:1</P>
    <P Name="Dst">1055#in:1</P>
  </Line>
  <Line>
    <P Name="ZOrder">16</P>
    <P Name="Src">1047#out:1</P>
    <P Name="Dst">1057#in:1</P>
  </Line>
</System>
