<?xml version="1.0" encoding="utf-8"?>
<System>
  <P Name="Location">[223, 338, 826, 833]</P>
  <P Name="SIDHighWatermark">44</P>
  <Block BlockType="Inport" Name="delta" SID="485::1">
    <P Name="Position">[20, 101, 40, 119]</P>
    <P Name="ZOrder">-1</P>
  </Block>
  <Block BlockType="Inport" Name="L" SID="485::22">
    <P Name="Position">[20, 136, 40, 154]</P>
    <P Name="ZOrder">13</P>
    <P Name="Port">2</P>
  </Block>
  <Block BlockType="Inport" Name="d" SID="485::26">
    <P Name="Position">[20, 171, 40, 189]</P>
    <P Name="ZOrder">17</P>
    <P Name="Port">3</P>
  </Block>
  <Block BlockType="Demux" Name=" Demux " SID="485::43">
    <PortCounts in="1" out="1"/>
    <P Name="Position">[270, 315, 320, 355]</P>
    <P Name="ZOrder">34</P>
    <P Name="Outputs">1</P>
  </Block>
  <Block BlockType="S-Function" Name=" SFunction " SID="485::42">
    <P Name="Tag">Stateflow S-Function 12</P>
    <PortCounts in="3" out="6"/>
    <P Name="Position">[180, 102, 230, 243]</P>
    <P Name="ZOrder">33</P>
    <P Name="FunctionName">sf_sfun</P>
    <P Name="PortCounts">[3 6]</P>
    <P Name="SFunctionDeploymentMode">off</P>
    <P Name="EnableBusSupport">on</P>
    <P Name="SFcnIsStateOwnerBlock">off</P>
    <PortProperties>
      <Port Type="out" Index="2">
        <P Name="Name">LFsteerAng</P>
      </Port>
      <Port Type="out" Index="3">
        <P Name="Name">RFsteerAng</P>
      </Port>
      <Port Type="out" Index="4">
        <P Name="Name">R</P>
      </Port>
      <Port Type="out" Index="5">
        <P Name="Name">L_R</P>
      </Port>
      <Port Type="out" Index="6">
        <P Name="Name">R_R</P>
      </Port>
    </PortProperties>
  </Block>
  <Block BlockType="Terminator" Name=" Terminator " SID="485::44">
    <P Name="Position">[460, 326, 480, 344]</P>
    <P Name="ZOrder">35</P>
  </Block>
  <Block BlockType="Outport" Name="LFsteerAng" SID="485::5">
    <P Name="Position">[460, 101, 480, 119]</P>
    <P Name="ZOrder">-5</P>
  </Block>
  <Block BlockType="Outport" Name="RFsteerAng" SID="485::23">
    <P Name="Position">[460, 136, 480, 154]</P>
    <P Name="ZOrder">14</P>
    <P Name="Port">2</P>
  </Block>
  <Block BlockType="Outport" Name="R" SID="485::27">
    <P Name="Position">[460, 171, 480, 189]</P>
    <P Name="ZOrder">18</P>
    <P Name="Port">3</P>
  </Block>
  <Block BlockType="Outport" Name="L_R" SID="485::28">
    <P Name="Position">[460, 206, 480, 224]</P>
    <P Name="ZOrder">19</P>
    <P Name="Port">4</P>
  </Block>
  <Block BlockType="Outport" Name="R_R" SID="485::29">
    <P Name="Position">[460, 246, 480, 264]</P>
    <P Name="ZOrder">20</P>
    <P Name="Port">5</P>
  </Block>
  <Line>
    <P Name="ZOrder">1</P>
    <P Name="Src">485::1#out:1</P>
    <P Name="Points">[120, 0]</P>
    <P Name="Dst">485::42#in:1</P>
  </Line>
  <Line>
    <P Name="ZOrder">2</P>
    <P Name="Src">485::22#out:1</P>
    <P Name="Dst">485::42#in:2</P>
  </Line>
  <Line>
    <P Name="ZOrder">3</P>
    <P Name="Src">485::26#out:1</P>
    <P Name="Dst">485::42#in:3</P>
  </Line>
  <Line>
    <P Name="Name">LFsteerAng</P>
    <P Name="ZOrder">4</P>
    <P Name="Labels">[0, 0]</P>
    <P Name="Src">485::42#out:2</P>
    <P Name="Dst">485::5#in:1</P>
  </Line>
  <Line>
    <P Name="Name">RFsteerAng</P>
    <P Name="ZOrder">5</P>
    <P Name="Labels">[0, 0]</P>
    <P Name="Src">485::42#out:3</P>
    <P Name="Dst">485::23#in:1</P>
  </Line>
  <Line>
    <P Name="Name">R</P>
    <P Name="ZOrder">6</P>
    <P Name="Labels">[0, 0]</P>
    <P Name="Src">485::42#out:4</P>
    <P Name="Dst">485::27#in:1</P>
  </Line>
  <Line>
    <P Name="Name">L_R</P>
    <P Name="ZOrder">7</P>
    <P Name="Labels">[0, 0]</P>
    <P Name="Src">485::42#out:5</P>
    <P Name="Dst">485::28#in:1</P>
  </Line>
  <Line>
    <P Name="Name">R_R</P>
    <P Name="ZOrder">8</P>
    <P Name="Labels">[0, 0]</P>
    <P Name="Src">485::42#out:6</P>
    <P Name="Dst">485::29#in:1</P>
  </Line>
  <Line>
    <P Name="ZOrder">9</P>
    <P Name="Src">485::43#out:1</P>
    <P Name="Dst">485::44#in:1</P>
  </Line>
  <Line>
    <P Name="ZOrder">10</P>
    <P Name="Src">485::42#out:1</P>
    <P Name="Dst">485::43#in:1</P>
  </Line>
</System>
