<?xml version="1.0" encoding="utf-8"?>
<System>
  <P Name="Location">[-8, -8, 1928, 1048]</P>
  <P Name="ZoomFactor">205</P>
  <Block BlockType="Reference" Name="Spatial&#xA;Contact Force1" SID="149">
    <PortCounts lconn="1" rconn="1"/>
    <P Name="Position">[155, 620, 195, 660]</P>
    <P Name="ZOrder">175</P>
    <P Name="BlockMirror">on</P>
    <P Name="NameLocation">top</P>
    <P Name="LibraryVersion">24.21</P>
    <P Name="SourceBlock">sm_lib/Forces and
Torques/Spatial
Contact Force</P>
    <P Name="SourceType">Spatial
Contact Force</P>
    <InstanceData>
      <P Name="LogSimulationData">off</P>
      <P Name="SimscapeInstrumentationLogging">off</P>
      <P Name="SimscapeInstrumentationVariables" Ref="bdmxdata:SimscapeInstrumentationVariables_149"/>
      <P Name="NormalForceType">SmoothSpringDamper</P>
      <P Name="NormalStiffness">K</P>
      <P Name="NormalStiffness_conf">compiletime</P>
      <P Name="NormalStiffnessUnits">N/m</P>
      <P Name="NormalDamping">D_contact</P>
      <P Name="NormalDamping_conf">compiletime</P>
      <P Name="NormalDampingUnits">N/(m/s)</P>
      <P Name="NormalTransitionRegionWidth">TW</P>
      <P Name="NormalTransitionRegionWidth_conf">compiletime</P>
      <P Name="NormalTransitionRegionWidthUnits">m</P>
      <P Name="FrictionType">SmoothStickSlip</P>
      <P Name="CoefficientOfStaticFriction">Mu</P>
      <P Name="CoefficientOfStaticFriction_conf">compiletime</P>
      <P Name="CoefficientOfDynamicFriction">Mud</P>
      <P Name="CoefficientOfDynamicFriction_conf">compiletime</P>
      <P Name="FrictionalCriticalVelocity">Cv</P>
      <P Name="FrictionalCriticalVelocity_conf">compiletime</P>
      <P Name="FrictionalCriticalVelocityUnits">m/s</P>
      <P Name="SenseContactSignal">off</P>
      <P Name="SensePenetrationDepth">off</P>
      <P Name="SenseSeparationDistance">off</P>
      <P Name="SenseNormalForceMagnitude">off</P>
      <P Name="SenseFrictionalForceMagnitude">off</P>
      <P Name="SenseNormalVelocity">off</P>
      <P Name="SenseTangentialVelocity">off</P>
      <P Name="SenseContactBaseRotation">off</P>
      <P Name="SenseContactBaseTranslation">off</P>
      <P Name="SenseContactFollowerRotation">off</P>
      <P Name="SenseContactFollowerTranslation">off</P>
      <P Name="ZeroCrossDetectContactStartAndEnd">off</P>
    </InstanceData>
  </Block>
  <Block BlockType="Reference" Name="Spatial&#xA;Contact Force2" SID="150">
    <PortCounts lconn="1" rconn="1"/>
    <P Name="Position">[155, 690, 195, 730]</P>
    <P Name="ZOrder">181</P>
    <P Name="BlockMirror">on</P>
    <P Name="NameLocation">top</P>
    <P Name="LibraryVersion">24.21</P>
    <P Name="SourceBlock">sm_lib/Forces and
Torques/Spatial
Contact Force</P>
    <P Name="SourceType">Spatial
Contact Force</P>
    <InstanceData>
      <P Name="LogSimulationData">off</P>
      <P Name="SimscapeInstrumentationLogging">off</P>
      <P Name="SimscapeInstrumentationVariables" Ref="bdmxdata:SimscapeInstrumentationVariables_150"/>
      <P Name="NormalForceType">SmoothSpringDamper</P>
      <P Name="NormalStiffness">K</P>
      <P Name="NormalStiffness_conf">compiletime</P>
      <P Name="NormalStiffnessUnits">N/m</P>
      <P Name="NormalDamping">D_contact</P>
      <P Name="NormalDamping_conf">compiletime</P>
      <P Name="NormalDampingUnits">N/(m/s)</P>
      <P Name="NormalTransitionRegionWidth">TW</P>
      <P Name="NormalTransitionRegionWidth_conf">compiletime</P>
      <P Name="NormalTransitionRegionWidthUnits">m</P>
      <P Name="FrictionType">SmoothStickSlip</P>
      <P Name="CoefficientOfStaticFriction">Mu</P>
      <P Name="CoefficientOfStaticFriction_conf">compiletime</P>
      <P Name="CoefficientOfDynamicFriction">Mud</P>
      <P Name="CoefficientOfDynamicFriction_conf">compiletime</P>
      <P Name="FrictionalCriticalVelocity">Cv</P>
      <P Name="FrictionalCriticalVelocity_conf">compiletime</P>
      <P Name="FrictionalCriticalVelocityUnits">m/s</P>
      <P Name="SenseContactSignal">off</P>
      <P Name="SensePenetrationDepth">off</P>
      <P Name="SenseSeparationDistance">off</P>
      <P Name="SenseNormalForceMagnitude">off</P>
      <P Name="SenseFrictionalForceMagnitude">off</P>
      <P Name="SenseNormalVelocity">off</P>
      <P Name="SenseTangentialVelocity">off</P>
      <P Name="SenseContactBaseRotation">off</P>
      <P Name="SenseContactBaseTranslation">off</P>
      <P Name="SenseContactFollowerRotation">off</P>
      <P Name="SenseContactFollowerTranslation">off</P>
      <P Name="ZeroCrossDetectContactStartAndEnd">off</P>
    </InstanceData>
  </Block>
  <Block BlockType="Reference" Name="Spatial&#xA;Contact Force3" SID="151">
    <PortCounts lconn="1" rconn="1"/>
    <P Name="Position">[155, 750, 195, 790]</P>
    <P Name="ZOrder">182</P>
    <P Name="BlockMirror">on</P>
    <P Name="NameLocation">top</P>
    <P Name="LibraryVersion">24.21</P>
    <P Name="SourceBlock">sm_lib/Forces and
Torques/Spatial
Contact Force</P>
    <P Name="SourceType">Spatial
Contact Force</P>
    <InstanceData>
      <P Name="LogSimulationData">off</P>
      <P Name="SimscapeInstrumentationLogging">off</P>
      <P Name="SimscapeInstrumentationVariables" Ref="bdmxdata:SimscapeInstrumentationVariables_151"/>
      <P Name="NormalForceType">SmoothSpringDamper</P>
      <P Name="NormalStiffness">K</P>
      <P Name="NormalStiffness_conf">compiletime</P>
      <P Name="NormalStiffnessUnits">N/m</P>
      <P Name="NormalDamping">D_contact</P>
      <P Name="NormalDamping_conf">compiletime</P>
      <P Name="NormalDampingUnits">N/(m/s)</P>
      <P Name="NormalTransitionRegionWidth">TW</P>
      <P Name="NormalTransitionRegionWidth_conf">compiletime</P>
      <P Name="NormalTransitionRegionWidthUnits">m</P>
      <P Name="FrictionType">SmoothStickSlip</P>
      <P Name="CoefficientOfStaticFriction">Mu</P>
      <P Name="CoefficientOfStaticFriction_conf">compiletime</P>
      <P Name="CoefficientOfDynamicFriction">Mud</P>
      <P Name="CoefficientOfDynamicFriction_conf">compiletime</P>
      <P Name="FrictionalCriticalVelocity">Cv</P>
      <P Name="FrictionalCriticalVelocity_conf">compiletime</P>
      <P Name="FrictionalCriticalVelocityUnits">m/s</P>
      <P Name="SenseContactSignal">off</P>
      <P Name="SensePenetrationDepth">off</P>
      <P Name="SenseSeparationDistance">off</P>
      <P Name="SenseNormalForceMagnitude">off</P>
      <P Name="SenseFrictionalForceMagnitude">off</P>
      <P Name="SenseNormalVelocity">off</P>
      <P Name="SenseTangentialVelocity">off</P>
      <P Name="SenseContactBaseRotation">off</P>
      <P Name="SenseContactBaseTranslation">off</P>
      <P Name="SenseContactFollowerRotation">off</P>
      <P Name="SenseContactFollowerTranslation">off</P>
      <P Name="ZeroCrossDetectContactStartAndEnd">off</P>
    </InstanceData>
  </Block>
  <Block BlockType="Reference" Name="Spatial&#xA;Contact Force4" SID="152">
    <PortCounts lconn="1" rconn="1"/>
    <P Name="Position">[155, 820, 195, 860]</P>
    <P Name="ZOrder">183</P>
    <P Name="BlockMirror">on</P>
    <P Name="NameLocation">top</P>
    <P Name="LibraryVersion">24.21</P>
    <P Name="SourceBlock">sm_lib/Forces and
Torques/Spatial
Contact Force</P>
    <P Name="SourceType">Spatial
Contact Force</P>
    <InstanceData>
      <P Name="LogSimulationData">off</P>
      <P Name="SimscapeInstrumentationLogging">off</P>
      <P Name="SimscapeInstrumentationVariables" Ref="bdmxdata:SimscapeInstrumentationVariables_152"/>
      <P Name="NormalForceType">SmoothSpringDamper</P>
      <P Name="NormalStiffness">K</P>
      <P Name="NormalStiffness_conf">compiletime</P>
      <P Name="NormalStiffnessUnits">N/m</P>
      <P Name="NormalDamping">D_contact</P>
      <P Name="NormalDamping_conf">compiletime</P>
      <P Name="NormalDampingUnits">N/(m/s)</P>
      <P Name="NormalTransitionRegionWidth">TW</P>
      <P Name="NormalTransitionRegionWidth_conf">compiletime</P>
      <P Name="NormalTransitionRegionWidthUnits">m</P>
      <P Name="FrictionType">SmoothStickSlip</P>
      <P Name="CoefficientOfStaticFriction">Mu</P>
      <P Name="CoefficientOfStaticFriction_conf">compiletime</P>
      <P Name="CoefficientOfDynamicFriction">Mud</P>
      <P Name="CoefficientOfDynamicFriction_conf">compiletime</P>
      <P Name="FrictionalCriticalVelocity">Cv</P>
      <P Name="FrictionalCriticalVelocity_conf">compiletime</P>
      <P Name="FrictionalCriticalVelocityUnits">m/s</P>
      <P Name="SenseContactSignal">off</P>
      <P Name="SensePenetrationDepth">off</P>
      <P Name="SenseSeparationDistance">off</P>
      <P Name="SenseNormalForceMagnitude">off</P>
      <P Name="SenseFrictionalForceMagnitude">off</P>
      <P Name="SenseNormalVelocity">off</P>
      <P Name="SenseTangentialVelocity">off</P>
      <P Name="SenseContactBaseRotation">off</P>
      <P Name="SenseContactBaseTranslation">off</P>
      <P Name="SenseContactFollowerRotation">off</P>
      <P Name="SenseContactFollowerTranslation">off</P>
      <P Name="ZeroCrossDetectContactStartAndEnd">off</P>
    </InstanceData>
  </Block>
  <Block BlockType="Reference" Name="Spatial&#xA;Contact Force5" SID="153">
    <PortCounts lconn="1" rconn="1"/>
    <P Name="Position">[155, 890, 195, 930]</P>
    <P Name="ZOrder">184</P>
    <P Name="BlockMirror">on</P>
    <P Name="NameLocation">top</P>
    <P Name="LibraryVersion">24.21</P>
    <P Name="SourceBlock">sm_lib/Forces and
Torques/Spatial
Contact Force</P>
    <P Name="SourceType">Spatial
Contact Force</P>
    <InstanceData>
      <P Name="LogSimulationData">off</P>
      <P Name="SimscapeInstrumentationLogging">off</P>
      <P Name="SimscapeInstrumentationVariables" Ref="bdmxdata:SimscapeInstrumentationVariables_153"/>
      <P Name="NormalForceType">SmoothSpringDamper</P>
      <P Name="NormalStiffness">K</P>
      <P Name="NormalStiffness_conf">compiletime</P>
      <P Name="NormalStiffnessUnits">N/m</P>
      <P Name="NormalDamping">D_contact</P>
      <P Name="NormalDamping_conf">compiletime</P>
      <P Name="NormalDampingUnits">N/(m/s)</P>
      <P Name="NormalTransitionRegionWidth">TW</P>
      <P Name="NormalTransitionRegionWidth_conf">compiletime</P>
      <P Name="NormalTransitionRegionWidthUnits">m</P>
      <P Name="FrictionType">SmoothStickSlip</P>
      <P Name="CoefficientOfStaticFriction">Mu</P>
      <P Name="CoefficientOfStaticFriction_conf">compiletime</P>
      <P Name="CoefficientOfDynamicFriction">Mud</P>
      <P Name="CoefficientOfDynamicFriction_conf">compiletime</P>
      <P Name="FrictionalCriticalVelocity">Cv</P>
      <P Name="FrictionalCriticalVelocity_conf">compiletime</P>
      <P Name="FrictionalCriticalVelocityUnits">m/s</P>
      <P Name="SenseContactSignal">off</P>
      <P Name="SensePenetrationDepth">off</P>
      <P Name="SenseSeparationDistance">off</P>
      <P Name="SenseNormalForceMagnitude">off</P>
      <P Name="SenseFrictionalForceMagnitude">off</P>
      <P Name="SenseNormalVelocity">off</P>
      <P Name="SenseTangentialVelocity">off</P>
      <P Name="SenseContactBaseRotation">off</P>
      <P Name="SenseContactBaseTranslation">off</P>
      <P Name="SenseContactFollowerRotation">off</P>
      <P Name="SenseContactFollowerTranslation">off</P>
      <P Name="ZeroCrossDetectContactStartAndEnd">off</P>
    </InstanceData>
  </Block>
  <Block BlockType="Reference" Name="Spatial&#xA;Contact Force6" SID="154">
    <PortCounts lconn="1" rconn="1"/>
    <P Name="Position">[155, 550, 195, 590]</P>
    <P Name="ZOrder">180</P>
    <P Name="BlockMirror">on</P>
    <P Name="NameLocation">top</P>
    <P Name="LibraryVersion">24.21</P>
    <P Name="SourceBlock">sm_lib/Forces and
Torques/Spatial
Contact Force</P>
    <P Name="SourceType">Spatial
Contact Force</P>
    <InstanceData>
      <P Name="LogSimulationData">off</P>
      <P Name="SimscapeInstrumentationLogging">off</P>
      <P Name="SimscapeInstrumentationVariables" Ref="bdmxdata:SimscapeInstrumentationVariables_154"/>
      <P Name="NormalForceType">SmoothSpringDamper</P>
      <P Name="NormalStiffness">K</P>
      <P Name="NormalStiffness_conf">compiletime</P>
      <P Name="NormalStiffnessUnits">N/m</P>
      <P Name="NormalDamping">D_contact</P>
      <P Name="NormalDamping_conf">compiletime</P>
      <P Name="NormalDampingUnits">N/(m/s)</P>
      <P Name="NormalTransitionRegionWidth">TW</P>
      <P Name="NormalTransitionRegionWidth_conf">compiletime</P>
      <P Name="NormalTransitionRegionWidthUnits">m</P>
      <P Name="FrictionType">SmoothStickSlip</P>
      <P Name="CoefficientOfStaticFriction">Mu</P>
      <P Name="CoefficientOfStaticFriction_conf">compiletime</P>
      <P Name="CoefficientOfDynamicFriction">Mud</P>
      <P Name="CoefficientOfDynamicFriction_conf">compiletime</P>
      <P Name="FrictionalCriticalVelocity">Cv</P>
      <P Name="FrictionalCriticalVelocity_conf">compiletime</P>
      <P Name="FrictionalCriticalVelocityUnits">m/s</P>
      <P Name="SenseContactSignal">off</P>
      <P Name="SensePenetrationDepth">off</P>
      <P Name="SenseSeparationDistance">off</P>
      <P Name="SenseNormalForceMagnitude">off</P>
      <P Name="SenseFrictionalForceMagnitude">off</P>
      <P Name="SenseNormalVelocity">off</P>
      <P Name="SenseTangentialVelocity">off</P>
      <P Name="SenseContactBaseRotation">off</P>
      <P Name="SenseContactBaseTranslation">off</P>
      <P Name="SenseContactFollowerRotation">off</P>
      <P Name="SenseContactFollowerTranslation">off</P>
      <P Name="ZeroCrossDetectContactStartAndEnd">off</P>
    </InstanceData>
  </Block>
  <Block BlockType="PMIOPort" Name="SCF1" SID="155">
    <P Name="Position">[70, 563, 100, 577]</P>
    <P Name="ZOrder">168</P>
    <P Name="Side">Right</P>
  </Block>
  <Block BlockType="PMIOPort" Name="SCF2" SID="156">
    <P Name="Position">[70, 633, 100, 647]</P>
    <P Name="ZOrder">169</P>
    <P Name="Port">2</P>
    <P Name="Side">Right</P>
  </Block>
  <Block BlockType="PMIOPort" Name="SCF3" SID="157">
    <P Name="Position">[70, 703, 100, 717]</P>
    <P Name="ZOrder">170</P>
    <P Name="Port">3</P>
    <P Name="Side">Right</P>
  </Block>
  <Block BlockType="PMIOPort" Name="SCF4" SID="158">
    <P Name="Position">[70, 763, 100, 777]</P>
    <P Name="ZOrder">171</P>
    <P Name="Port">4</P>
    <P Name="Side">Right</P>
  </Block>
  <Block BlockType="PMIOPort" Name="SCF5" SID="159">
    <P Name="Position">[70, 833, 100, 847]</P>
    <P Name="ZOrder">172</P>
    <P Name="Port">5</P>
    <P Name="Side">Right</P>
  </Block>
  <Block BlockType="PMIOPort" Name="SCF6" SID="160">
    <P Name="Position">[70, 903, 100, 917]</P>
    <P Name="ZOrder">173</P>
    <P Name="Port">6</P>
    <P Name="Side">Right</P>
  </Block>
  <Block BlockType="PMIOPort" Name="SCFB" SID="161">
    <P Name="Position">[335, 738, 365, 752]</P>
    <P Name="ZOrder">174</P>
    <P Name="BlockMirror">on</P>
    <P Name="Port">7</P>
    <P Name="Side">Left</P>
  </Block>
  <Line LineType="Connection">
    <P Name="ZOrder">1</P>
    <P Name="Src">150#rconn:1</P>
    <P Name="Dst">157#rconn:1</P>
  </Line>
  <Line LineType="Connection">
    <P Name="ZOrder">2</P>
    <P Name="Src">149#lconn:1</P>
    <P Name="Points">[59, 0]</P>
    <Branch ConnectType="DEST_DEST">
      <P Name="Src">154#lconn:1</P>
      <P Name="Points">[59, 0; 0, 70]</P>
    </Branch>
    <Branch ConnectType="DEST_SRC">
      <P Name="Points">[0, 70]</P>
      <Branch ConnectType="DEST_SRC">
        <P Name="Points">[0, 35]</P>
        <Branch ConnectType="DEST_SRC">
          <P Name="Points">[0, 25]</P>
          <Branch ConnectType="DEST_DEST">
            <P Name="Points">[269, 840; 0, -70]</P>
            <Branch ConnectType="SRC_DEST">
              <P Name="Src">153#lconn:1</P>
              <P Name="Points">[59, 0; 0, -70]</P>
            </Branch>
            <Branch ConnectType="SRC_DEST">
              <P Name="Src">152#lconn:1</P>
              <P Name="Points">[59, 0]</P>
            </Branch>
          </Branch>
          <Branch ConnectType="DEST_DEST">
            <P Name="Src">151#lconn:1</P>
            <P Name="Points">[59, 0]</P>
          </Branch>
        </Branch>
        <Branch ConnectType="DEST_SRC">
          <P Name="Dst">161#rconn:1</P>
        </Branch>
      </Branch>
      <Branch ConnectType="DEST_DEST">
        <P Name="Src">150#lconn:1</P>
        <P Name="Points">[59, 0]</P>
      </Branch>
    </Branch>
  </Line>
  <Line LineType="Connection">
    <P Name="ZOrder">13</P>
    <P Name="Src">152#rconn:1</P>
    <P Name="Dst">159#rconn:1</P>
  </Line>
  <Line LineType="Connection">
    <P Name="ZOrder">14</P>
    <P Name="Src">154#rconn:1</P>
    <P Name="Dst">155#rconn:1</P>
  </Line>
  <Line LineType="Connection">
    <P Name="ZOrder">15</P>
    <P Name="Src">151#rconn:1</P>
    <P Name="Dst">158#rconn:1</P>
  </Line>
  <Line LineType="Connection">
    <P Name="ZOrder">16</P>
    <P Name="Src">149#rconn:1</P>
    <P Name="Dst">156#rconn:1</P>
  </Line>
  <Line LineType="Connection">
    <P Name="ZOrder">17</P>
    <P Name="Src">153#rconn:1</P>
    <P Name="Dst">160#rconn:1</P>
  </Line>
</System>
