<?xml version="1.0" encoding="utf-8"?>
<System>
  <P Name="Location">[62, 76, 1115, 905]</P>
  <Block BlockType="Inport" Name="u" SID="1415">
    <P Name="Position">[20, 43, 50, 57]</P>
    <P Name="ZOrder">100000</P>
    <PortProperties>
      <Port Type="out" Index="1">
        <P Name="PropagatedSignals">samplePickCmd</P>
      </Port>
    </PortProperties>
  </Block>
  <Block BlockType="Constant" Name="Constant2" SID="1416">
    <P Name="Position">[310, 120, 340, 150]</P>
    <P Name="ZOrder">100000</P>
  </Block>
  <Block BlockType="DataTypeConversion" Name="Data Type Conversion" SID="1417">
    <P Name="Position">[265, 33, 340, 67]</P>
    <P Name="ZOrder">100000</P>
    <P Name="OutDataTypeStr">double</P>
    <P Name="RndMeth">Floor</P>
    <P Name="SaturateOnIntegerOverflow">off</P>
  </Block>
  <Block BlockType="Delay" Name="Delay" SID="1418">
    <PortCounts in="1" out="1"/>
    <P Name="Position">[510, 118, 545, 152]</P>
    <P Name="ZOrder">100000</P>
    <P Name="InputPortMap">u0</P>
  </Block>
  <Block BlockType="SubSystem" Name="DistanceError" SID="1419">
    <PortCounts in="1" out="1"/>
    <P Name="Position">[100, 24, 195, 76]</P>
    <P Name="ZOrder">100000</P>
    <P Name="Commented">on</P>
    <P Name="ErrorFcn">Stateflow.Translate.translate</P>
    <P Name="PermitHierarchicalResolution">ExplicitOnly</P>
    <P Name="TreatAsAtomicUnit">on</P>
    <P Name="SFBlockType">MATLAB Function</P>
    <P Name="ContentPreviewEnabled">on</P>
    <System Ref="system_1419"/>
  </Block>
  <Block BlockType="SubSystem" Name="Enabled&#xA;Subsystem1" SID="1420">
    <PortCounts in="1" out="1" enable="1"/>
    <P Name="Position">[375, 114, 475, 156]</P>
    <P Name="ZOrder">100000</P>
    <P Name="TreatAsAtomicUnit">on</P>
    <P Name="MinAlgLoopOccurrences">on</P>
    <P Name="ContentPreviewEnabled">on</P>
    <System Ref="system_1420"/>
  </Block>
  <Block BlockType="Outport" Name="Out1" SID="1424">
    <P Name="Position">[600, 128, 630, 142]</P>
    <P Name="ZOrder">100000</P>
  </Block>
  <Line>
    <P Name="ZOrder">1</P>
    <P Name="Src">1415#out:1</P>
    <P Name="Points">[20, 0; 0, -50; 155, 0; 0, 50]</P>
    <P Name="Dst">1417#in:1</P>
  </Line>
  <Line>
    <P Name="ZOrder">2</P>
    <P Name="Src">1416#out:1</P>
    <P Name="Dst">1420#in:1</P>
  </Line>
  <Line>
    <P Name="ZOrder">3</P>
    <P Name="Src">1420#out:1</P>
    <P Name="Dst">1418#in:1</P>
  </Line>
  <Line>
    <P Name="ZOrder">4</P>
    <P Name="Src">1418#out:1</P>
    <P Name="Dst">1424#in:1</P>
  </Line>
  <Line>
    <P Name="ZOrder">5</P>
    <P Name="Src">1417#out:1</P>
    <P Name="Points">[80, 0]</P>
    <P Name="Dst">1420#enable</P>
  </Line>
</System>
