<?xml version="1.0" encoding="utf-8"?>
<System>
  <P Name="Location">[15, 25, 1356, 942]</P>
  <Block BlockType="Inport" Name="In1" SID="1421">
    <P Name="Position">[110, 103, 140, 117]</P>
    <P Name="ZOrder">-1</P>
  </Block>
  <Block BlockType="EnablePort" Name="Enable" SID="1422">
    <PortCounts/>
    <P Name="Position">[235, 20, 255, 40]</P>
    <P Name="ZOrder">-2</P>
  </Block>
  <Block BlockType="Outport" Name="Out1" SID="1423">
    <P Name="Position">[360, 103, 390, 117]</P>
    <P Name="ZOrder">-3</P>
  </Block>
  <Line>
    <P Name="ZOrder">1</P>
    <P Name="Src">1421#out:1</P>
    <P Name="Dst">1423#in:1</P>
  </Line>
</System>
