<?xml version="1.0" encoding="utf-8"?>
<System>
  <P Name="Location">[223, 338, 826, 833]</P>
  <P Name="SIDHighWatermark">48</P>
  <Block BlockType="Inport" Name="desChassisSpeed" SID="511::1">
    <P Name="Position">[20, 101, 40, 119]</P>
    <P Name="ZOrder">-1</P>
    <PortProperties>
      <Port Type="out" Index="1">
        <P Name="PropagatedSignals">lin_Vel_out</P>
      </Port>
    </PortProperties>
  </Block>
  <Block BlockType="Inport" Name="wheel_r" SID="511::22">
    <P Name="Position">[20, 136, 40, 154]</P>
    <P Name="ZOrder">13</P>
    <P Name="Port">2</P>
  </Block>
  <Block BlockType="Inport" Name="steer_ang" SID="511::23">
    <P Name="Position">[20, 171, 40, 189]</P>
    <P Name="ZOrder">14</P>
    <P Name="Port">3</P>
  </Block>
  <Block BlockType="Inport" Name="R" SID="511::26">
    <P Name="Position">[20, 206, 40, 224]</P>
    <P Name="ZOrder">17</P>
    <P Name="Port">4</P>
    <PortProperties>
      <Port Type="out" Index="1">
        <P Name="PropagatedSignals">R</P>
      </Port>
    </PortProperties>
  </Block>
  <Block BlockType="Inport" Name="L" SID="511::27">
    <P Name="Position">[20, 246, 40, 264]</P>
    <P Name="ZOrder">18</P>
    <P Name="Port">5</P>
  </Block>
  <Block BlockType="Inport" Name="L_R" SID="511::28">
    <P Name="Position">[20, 281, 40, 299]</P>
    <P Name="ZOrder">19</P>
    <P Name="Port">6</P>
    <PortProperties>
      <Port Type="out" Index="1">
        <P Name="PropagatedSignals">L_R</P>
      </Port>
    </PortProperties>
  </Block>
  <Block BlockType="Inport" Name="R_R" SID="511::29">
    <P Name="Position">[20, 316, 40, 334]</P>
    <P Name="ZOrder">20</P>
    <P Name="Port">7</P>
    <PortProperties>
      <Port Type="out" Index="1">
        <P Name="PropagatedSignals">R_R</P>
      </Port>
    </PortProperties>
  </Block>
  <Block BlockType="Demux" Name=" Demux " SID="511::47">
    <PortCounts in="1" out="1"/>
    <P Name="Position">[270, 350, 320, 390]</P>
    <P Name="ZOrder">37</P>
    <P Name="Outputs">1</P>
  </Block>
  <Block BlockType="S-Function" Name=" SFunction " SID="511::46">
    <P Name="Tag">Stateflow S-Function 14</P>
    <PortCounts in="7" out="7"/>
    <P Name="Position">[180, 100, 230, 260]</P>
    <P Name="ZOrder">36</P>
    <P Name="FunctionName">sf_sfun</P>
    <P Name="PortCounts">[7 7]</P>
    <P Name="SFunctionDeploymentMode">off</P>
    <P Name="EnableBusSupport">on</P>
    <P Name="SFcnIsStateOwnerBlock">off</P>
    <PortProperties>
      <Port Type="out" Index="2">
        <P Name="Name">wheel_speed_LF</P>
      </Port>
      <Port Type="out" Index="3">
        <P Name="Name">wheel_speed_LM</P>
      </Port>
      <Port Type="out" Index="4">
        <P Name="Name">wheel_speed_LB</P>
      </Port>
      <Port Type="out" Index="5">
        <P Name="Name">wheel_speed_RF</P>
      </Port>
      <Port Type="out" Index="6">
        <P Name="Name">wheel_speed_RM</P>
      </Port>
      <Port Type="out" Index="7">
        <P Name="Name">wheel_speed_RB</P>
      </Port>
    </PortProperties>
  </Block>
  <Block BlockType="Terminator" Name=" Terminator " SID="511::48">
    <P Name="Position">[460, 361, 480, 379]</P>
    <P Name="ZOrder">38</P>
  </Block>
  <Block BlockType="Outport" Name="wheel_speed_LF" SID="511::5">
    <P Name="Position">[460, 101, 480, 119]</P>
    <P Name="ZOrder">-5</P>
  </Block>
  <Block BlockType="Outport" Name="wheel_speed_LM" SID="511::24">
    <P Name="Position">[460, 136, 480, 154]</P>
    <P Name="ZOrder">15</P>
    <P Name="Port">2</P>
  </Block>
  <Block BlockType="Outport" Name="wheel_speed_LB" SID="511::25">
    <P Name="Position">[460, 171, 480, 189]</P>
    <P Name="ZOrder">16</P>
    <P Name="Port">3</P>
  </Block>
  <Block BlockType="Outport" Name="wheel_speed_RF" SID="511::30">
    <P Name="Position">[460, 206, 480, 224]</P>
    <P Name="ZOrder">21</P>
    <P Name="Port">4</P>
  </Block>
  <Block BlockType="Outport" Name="wheel_speed_RM" SID="511::31">
    <P Name="Position">[460, 246, 480, 264]</P>
    <P Name="ZOrder">22</P>
    <P Name="Port">5</P>
  </Block>
  <Block BlockType="Outport" Name="wheel_speed_RB" SID="511::32">
    <P Name="Position">[460, 281, 480, 299]</P>
    <P Name="ZOrder">23</P>
    <P Name="Port">6</P>
  </Block>
  <Line>
    <P Name="ZOrder">1</P>
    <P Name="Src">511::1#out:1</P>
    <P Name="Dst">511::46#in:1</P>
  </Line>
  <Line>
    <P Name="ZOrder">2</P>
    <P Name="Src">511::22#out:1</P>
    <P Name="Dst">511::46#in:2</P>
  </Line>
  <Line>
    <P Name="ZOrder">3</P>
    <P Name="Src">511::23#out:1</P>
    <P Name="Dst">511::46#in:3</P>
  </Line>
  <Line>
    <P Name="ZOrder">4</P>
    <P Name="Src">511::26#out:1</P>
    <P Name="Dst">511::46#in:4</P>
  </Line>
  <Line>
    <P Name="ZOrder">5</P>
    <P Name="Src">511::27#out:1</P>
    <P Name="Dst">511::46#in:5</P>
  </Line>
  <Line>
    <P Name="ZOrder">6</P>
    <P Name="Src">511::28#out:1</P>
    <P Name="Dst">511::46#in:6</P>
  </Line>
  <Line>
    <P Name="ZOrder">7</P>
    <P Name="Src">511::29#out:1</P>
    <P Name="Dst">511::46#in:7</P>
  </Line>
  <Line>
    <P Name="Name">wheel_speed_LF</P>
    <P Name="ZOrder">8</P>
    <P Name="Labels">[0, 0]</P>
    <P Name="Src">511::46#out:2</P>
    <P Name="Points">[0, -30]</P>
    <P Name="Dst">511::5#in:1</P>
  </Line>
  <Line>
    <P Name="Name">wheel_speed_LM</P>
    <P Name="ZOrder">9</P>
    <P Name="Labels">[0, 0]</P>
    <P Name="Src">511::46#out:3</P>
    <P Name="Dst">511::24#in:1</P>
  </Line>
  <Line>
    <P Name="Name">wheel_speed_LB</P>
    <P Name="ZOrder">10</P>
    <P Name="Labels">[0, 0]</P>
    <P Name="Src">511::46#out:4</P>
    <P Name="Dst">511::25#in:1</P>
  </Line>
  <Line>
    <P Name="Name">wheel_speed_RF</P>
    <P Name="ZOrder">11</P>
    <P Name="Labels">[0, 0]</P>
    <P Name="Src">511::46#out:5</P>
    <P Name="Dst">511::30#in:1</P>
  </Line>
  <Line>
    <P Name="Name">wheel_speed_RM</P>
    <P Name="ZOrder">12</P>
    <P Name="Labels">[0, 0]</P>
    <P Name="Src">511::46#out:6</P>
    <P Name="Dst">511::31#in:1</P>
  </Line>
  <Line>
    <P Name="Name">wheel_speed_RB</P>
    <P Name="ZOrder">13</P>
    <P Name="Labels">[0, 0]</P>
    <P Name="Src">511::46#out:7</P>
    <P Name="Dst">511::32#in:1</P>
  </Line>
  <Line>
    <P Name="ZOrder">14</P>
    <P Name="Src">511::47#out:1</P>
    <P Name="Dst">511::48#in:1</P>
  </Line>
  <Line>
    <P Name="ZOrder">15</P>
    <P Name="Src">511::46#out:1</P>
    <P Name="Points">[20, 0]</P>
    <P Name="Dst">511::47#in:1</P>
  </Line>
</System>
