<?xml version="1.0" encoding="utf-8"?>
<System>
  <P Name="Location">[223, 338, 826, 833]</P>
  <P Name="SIDHighWatermark">57</P>
  <Block BlockType="Inport" Name="eePoseDes" SID="1377::31">
    <P Name="Position">[20, 101, 40, 119]</P>
    <P Name="ZOrder">22</P>
  </Block>
  <Block BlockType="Inport" Name="eeIgs" SID="1377::32">
    <P Name="Position">[20, 136, 40, 154]</P>
    <P Name="ZOrder">23</P>
    <P Name="Port">2</P>
  </Block>
  <Block BlockType="Inport" Name="samplePosition" SID="1377::40">
    <P Name="Position">[20, 171, 40, 189]</P>
    <P Name="ZOrder">31</P>
    <P Name="Port">3</P>
  </Block>
  <Block BlockType="Inport" Name="prevWayPts" SID="1377::42">
    <P Name="Position">[20, 206, 40, 224]</P>
    <P Name="ZOrder">33</P>
    <P Name="Port">4</P>
  </Block>
  <Block BlockType="Demux" Name=" Demux " SID="1377::56">
    <PortCounts in="1" out="1"/>
    <P Name="Position">[270, 230, 320, 270]</P>
    <P Name="ZOrder">47</P>
    <P Name="Outputs">1</P>
  </Block>
  <Block BlockType="S-Function" Name=" SFunction " SID="1377::55">
    <P Name="Tag">Stateflow S-Function 16</P>
    <PortCounts in="4" out="2"/>
    <P Name="Position">[180, 102, 230, 203]</P>
    <P Name="ZOrder">46</P>
    <P Name="FunctionName">sf_sfun</P>
    <P Name="PortCounts">[4 2]</P>
    <P Name="SFunctionDeploymentMode">off</P>
    <P Name="EnableBusSupport">on</P>
    <P Name="SFcnIsStateOwnerBlock">off</P>
    <PortProperties>
      <Port Type="out" Index="2">
        <P Name="Name">jointSpaceWayPts</P>
      </Port>
    </PortProperties>
  </Block>
  <Block BlockType="Terminator" Name=" Terminator " SID="1377::57">
    <P Name="Position">[460, 241, 480, 259]</P>
    <P Name="ZOrder">48</P>
  </Block>
  <Block BlockType="Outport" Name="jointSpaceWayPts" SID="1377::5">
    <P Name="Position">[460, 101, 480, 119]</P>
    <P Name="ZOrder">-5</P>
  </Block>
  <Line>
    <P Name="ZOrder">1</P>
    <P Name="Src">1377::31#out:1</P>
    <P Name="Dst">1377::55#in:1</P>
  </Line>
  <Line>
    <P Name="ZOrder">2</P>
    <P Name="Src">1377::32#out:1</P>
    <P Name="Dst">1377::55#in:2</P>
  </Line>
  <Line>
    <P Name="ZOrder">3</P>
    <P Name="Src">1377::40#out:1</P>
    <P Name="Dst">1377::55#in:3</P>
  </Line>
  <Line>
    <P Name="ZOrder">4</P>
    <P Name="Src">1377::42#out:1</P>
    <P Name="Dst">1377::55#in:4</P>
  </Line>
  <Line>
    <P Name="Name">jointSpaceWayPts</P>
    <P Name="ZOrder">5</P>
    <P Name="Labels">[0, 0]</P>
    <P Name="Src">1377::55#out:2</P>
    <P Name="Dst">1377::5#in:1</P>
  </Line>
  <Line>
    <P Name="ZOrder">6</P>
    <P Name="Src">1377::56#out:1</P>
    <P Name="Dst">1377::57#in:1</P>
  </Line>
  <Line>
    <P Name="ZOrder">7</P>
    <P Name="Src">1377::55#out:1</P>
    <P Name="Dst">1377::56#in:1</P>
  </Line>
</System>
