<?xml version="1.0" encoding="utf-8"?>
<System>
  <P Name="Location">[223, 338, 826, 833]</P>
  <P Name="SIDHighWatermark">47</P>
  <Block BlockType="Inport" Name="u" SID="605::1">
    <P Name="Position">[20, 101, 40, 119]</P>
    <P Name="ZOrder">-1</P>
  </Block>
  <Block BlockType="Demux" Name=" Demux " SID="605::46">
    <PortCounts in="1" out="1"/>
    <P Name="Position">[270, 245, 320, 285]</P>
    <P Name="ZOrder">37</P>
    <P Name="Outputs">1</P>
  </Block>
  <Block BlockType="S-Function" Name=" SFunction " SID="605::45">
    <P Name="Tag">Stateflow S-Function 3</P>
    <PortCounts in="1" out="4"/>
    <P Name="Position">[180, 102, 230, 203]</P>
    <P Name="ZOrder">36</P>
    <P Name="FunctionName">sf_sfun</P>
    <P Name="PortCounts">[1 4]</P>
    <P Name="SFunctionDeploymentMode">off</P>
    <P Name="EnableBusSupport">on</P>
    <P Name="SFcnIsStateOwnerBlock">off</P>
    <PortProperties>
      <Port Type="out" Index="2">
        <P Name="Name">z</P>
      </Port>
      <Port Type="out" Index="3">
        <P Name="Name">y</P>
      </Port>
      <Port Type="out" Index="4">
        <P Name="Name">x</P>
      </Port>
    </PortProperties>
  </Block>
  <Block BlockType="Terminator" Name=" Terminator " SID="605::47">
    <P Name="Position">[460, 256, 480, 274]</P>
    <P Name="ZOrder">38</P>
  </Block>
  <Block BlockType="Outport" Name="z" SID="605::5">
    <P Name="Position">[460, 101, 480, 119]</P>
    <P Name="ZOrder">-5</P>
  </Block>
  <Block BlockType="Outport" Name="y" SID="605::31">
    <P Name="Position">[460, 136, 480, 154]</P>
    <P Name="ZOrder">22</P>
    <P Name="Port">2</P>
  </Block>
  <Block BlockType="Outport" Name="x" SID="605::32">
    <P Name="Position">[460, 171, 480, 189]</P>
    <P Name="ZOrder">23</P>
    <P Name="Port">3</P>
  </Block>
  <Line>
    <P Name="ZOrder">1</P>
    <P Name="Src">605::1#out:1</P>
    <P Name="Dst">605::45#in:1</P>
  </Line>
  <Line>
    <P Name="Name">z</P>
    <P Name="ZOrder">2</P>
    <P Name="Labels">[0, 0]</P>
    <P Name="Src">605::45#out:2</P>
    <P Name="Dst">605::5#in:1</P>
  </Line>
  <Line>
    <P Name="Name">y</P>
    <P Name="ZOrder">3</P>
    <P Name="Labels">[0, 0]</P>
    <P Name="Src">605::45#out:3</P>
    <P Name="Dst">605::31#in:1</P>
  </Line>
  <Line>
    <P Name="Name">x</P>
    <P Name="ZOrder">4</P>
    <P Name="Labels">[0, 0]</P>
    <P Name="Src">605::45#out:4</P>
    <P Name="Dst">605::32#in:1</P>
  </Line>
  <Line>
    <P Name="ZOrder">5</P>
    <P Name="Src">605::46#out:1</P>
    <P Name="Dst">605::47#in:1</P>
  </Line>
  <Line>
    <P Name="ZOrder">6</P>
    <P Name="Src">605::45#out:1</P>
    <P Name="Dst">605::46#in:1</P>
  </Line>
</System>
