<?xml version="1.0" encoding="utf-8"?>
<System>
  <P Name="Location">[51, 35, 1039, 791]</P>
  <P Name="ZoomFactor">124</P>
  <Block BlockType="Inport" Name="In1" SID="566">
    <P Name="Position">[155, 768, 185, 782]</P>
    <P Name="ZOrder">100000</P>
  </Block>
  <Block BlockType="Constant" Name="Constant9" SID="567">
    <P Name="Position">[450, 880, 480, 910]</P>
    <P Name="ZOrder">100000</P>
    <P Name="Value">inf</P>
  </Block>
  <Block BlockType="Logic" Name="NOT1" SID="568">
    <PortCounts in="1" out="1"/>
    <P Name="Position">[250, 759, 280, 791]</P>
    <P Name="ZOrder">100000</P>
    <P Name="Operator">NOT</P>
    <P Name="IconShape">distinctive</P>
    <P Name="AllPortsSameDT">off</P>
    <P Name="OutDataTypeStr">boolean</P>
  </Block>
  <Block BlockType="SubSystem" Name="RoverStopTime" SID="569">
    <PortCounts in="1" out="1"/>
    <P Name="Position">[345, 735, 505, 795]</P>
    <P Name="ZOrder">100000</P>
    <P Name="ContentPreviewEnabled">on</P>
    <System Ref="system_569"/>
  </Block>
  <Block BlockType="Switch" Name="Switch3" SID="581">
    <P Name="Position">[515, 835, 565, 875]</P>
    <P Name="ZOrder">100000</P>
    <P Name="Criteria">u2 &gt; Threshold</P>
    <P Name="InputSameDT">off</P>
    <P Name="SaturateOnIntegerOverflow">off</P>
  </Block>
  <Block BlockType="UnitDelay" Name="Unit Delay1" SID="582">
    <P Name="Position">[355, 838, 390, 872]</P>
    <P Name="ZOrder">100000</P>
    <P Name="SampleTime">-1</P>
    <P Name="HasFrameUpgradeWarning">on</P>
  </Block>
  <Block BlockType="Outport" Name="Out1" SID="583">
    <P Name="Position">[645, 848, 675, 862]</P>
    <P Name="ZOrder">100000</P>
  </Block>
  <Line>
    <P Name="ZOrder">1</P>
    <P Name="Src">582#out:1</P>
    <P Name="Dst">581#in:2</P>
  </Line>
  <Line>
    <P Name="ZOrder">2</P>
    <P Name="Src">569#out:1</P>
    <P Name="Points">[19, 0; 0, 50; -38, 0; 0, 25]</P>
    <P Name="Dst">581#in:1</P>
  </Line>
  <Line>
    <P Name="ZOrder">3</P>
    <P Name="Src">581#out:1</P>
    <P Name="Dst">583#in:1</P>
  </Line>
  <Line>
    <P Name="ZOrder">4</P>
    <P Name="Src">568#out:1</P>
    <P Name="Points">[25, 0]</P>
    <Branch>
      <P Name="ZOrder">5</P>
      <P Name="Points">[0, -10]</P>
      <P Name="Dst">569#in:1</P>
    </Branch>
    <Branch>
      <P Name="ZOrder">6</P>
      <P Name="Points">[0, 80]</P>
      <P Name="Dst">582#in:1</P>
    </Branch>
  </Line>
  <Line>
    <P Name="ZOrder">7</P>
    <P Name="Src">567#out:1</P>
    <P Name="Points">[13, 0; 0, -25]</P>
    <P Name="Dst">581#in:3</P>
  </Line>
  <Line>
    <P Name="ZOrder">8</P>
    <P Name="Src">566#out:1</P>
    <P Name="Dst">568#in:1</P>
  </Line>
</System>
