<?xml version="1.0" encoding="UTF-8" standalone="yes" ?>
<cp:coreProperties xmlns:cp="http://schemas.openxmlformats.org/package/2006/metadata/core-properties" xmlns:dc="http://purl.org/dc/elements/1.1/" xmlns:dcmitype="http://purl.org/dc/dcmitype/" xmlns:dcterms="http://purl.org/dc/terms/" xmlns:xsi="http://www.w3.org/2001/XMLSchema-instance">
  <cp:category>model</cp:category>
  <dcterms:created xsi:type="dcterms:W3CDTF">2025-06-05T05:37:58Z</dcterms:created>
  <dc:creator>dipayan</dc:creator>
  <cp:lastModifiedBy>dipayan</cp:lastModifiedBy>
  <dcterms:modified xsi:type="dcterms:W3CDTF">2025-06-14T14:56:31Z</dcterms:modified>
  <cp:revision>1.8</cp:revision>
  <cp:version>R2024b</cp:version>
</cp:coreProperties>
