<?xml version="1.0" encoding="utf-8"?>
<Stateflow>
  <machine id="37">
    <P Name="sfVersion">82450000</P>
    <Children>
      <target id="156" name="sfun">
        <P Name="description">Default Simulink S-Function Target.</P>
      </target>
      <chart Ref="chart_38"/>
      <chart Ref="chart_45"/>
      <chart Ref="chart_52"/>
      <chart Ref="chart_61"/>
      <chart Ref="chart_68"/>
      <chart Ref="chart_75"/>
      <chart Ref="chart_82"/>
      <chart Ref="chart_89"/>
      <chart Ref="chart_100"/>
      <chart Ref="chart_113"/>
      <chart Ref="chart_131"/>
      <chart Ref="chart_146"/>
    </Children>
  </machine>
  <instance id="44">
    <P Name="machine">37</P>
    <P Name="name">RoverMotionControl&amp;Planning/Rover Path Planning And Control/Target Dir To Bicycle Steer Angle/Rad2Deg</P>
    <P Name="chart">38</P>
  </instance>
  <instance id="51">
    <P Name="machine">37</P>
    <P Name="name">Rover Outputs/CalcSpeed</P>
    <P Name="chart">45</P>
  </instance>
  <instance id="60">
    <P Name="machine">37</P>
    <P Name="name">RoverMotionControl&amp;Planning/Rover Pose Sensing/theta_act</P>
    <P Name="chart">52</P>
  </instance>
  <instance id="67">
    <P Name="machine">37</P>
    <P Name="name">RoverMotionControl&amp;Planning/Rover Pose Sensing/CalcSpeed</P>
    <P Name="chart">61</P>
  </instance>
  <instance id="74">
    <P Name="machine">37</P>
    <P Name="name">Manipulator Plant Model And Control/Rover Arm/rad2deg</P>
    <P Name="chart">68</P>
  </instance>
  <instance id="81">
    <P Name="machine">37</P>
    <P Name="name">Manipulator Plant Model And Control/ Trajectory Planner/SamplePickUpCmdLogic/DistanceError</P>
    <P Name="chart">75</P>
  </instance>
  <instance id="88">
    <P Name="machine">37</P>
    <P Name="name">Manipulator Plant Model And Control/ Trajectory Planner/SampleDropOffCmdLogic/DistanceError</P>
    <P Name="chart">82</P>
  </instance>
  <instance id="99">
    <P Name="machine">37</P>
    <P Name="name">RoverMotionControl&amp;Planning/Rover Path Planning And Control/Trapezoidal Vel Profile</P>
    <P Name="chart">89</P>
  </instance>
  <instance id="112">
    <P Name="machine">37</P>
    <P Name="name">RoverMotionControl&amp;Planning/Rover Path Planning And Control/Ackerman Steer Angle/Ackerman Steering Angle Formulation</P>
    <P Name="chart">100</P>
  </instance>
  <instance id="130">
    <P Name="machine">37</P>
    <P Name="name">RoverMotionControl&amp;Planning/Rover Path Planning And Control/Chassis Velocity To Wheel Speed</P>
    <P Name="chart">113</P>
  </instance>
  <instance id="145">
    <P Name="machine">37</P>
    <P Name="name">Manipulator Plant Model And Control/ Trajectory Planner/Planner Subsystem/Task Scheduler</P>
    <P Name="chart">131</P>
  </instance>
  <instance id="155">
    <P Name="machine">37</P>
    <P Name="name">Manipulator Plant Model And Control/ Trajectory Planner/Planner Subsystem/Inverse Kinematics</P>
    <P Name="chart">146</P>
  </instance>
</Stateflow>
